description,amount,is_recurring,source,month,account_type,debit_credit
salary payable recorded reference 42293,186766.03,0,Excel,4,liability,credit
purchase of computer equipment reference 19119,4743.32,0,PDF,7,asset,credit
client payment for consulting services reference 28717,93801.4,0,Bank,7,revenue,credit
vehicle purchase for business reference 78953,175505.09,0,CSV,12,asset,debit
prepaid insurance reference 60521,103190.86,0,PDF,7,asset,debit
salary payable recorded reference 34082,289349.09,0,Bank,1,liability,credit
sales revenue from customer invoice reference 24568,47236.41,0,CSV,4,revenue,credit
security deposit paid reference 78720,160194.15,0,Excel,12,asset,debit
loan repayment liability reference 27152,46121.39,1,Manual,11,liability,credit
service revenue received reference 83430,34229.89,0,CSV,4,revenue,credit
maintenance and repair expense reference 65865,261928.1,0,PDF,2,expense,debit
short term borrowing reference 56270,72998.02,1,Bank,5,liability,credit
inventory purchase for stock reference 42415,239167.06,0,CSV,6,asset,debit
purchase of computer equipment reference 58942,35889.54,1,Excel,3,asset,credit
internet and telecom bill reference 83110,264213.36,0,CSV,9,expense,debit
salary payable recorded reference 38419,12354.0,1,Manual,9,liability,credit
subscription revenue reference 73395,75017.5,0,Bank,9,revenue,credit
owner capital introduced reference 72682,341818.71,0,Bank,12,equity,credit
accounts payable recorded reference 63402,301651.99,0,Bank,5,liability,credit
shareholder contribution reference 56769,210364.84,0,PDF,11,equity,credit
retained earnings transfer reference 28499,29592.45,0,PDF,8,equity,credit
monthly office rent reference 51679,118810.61,0,Excel,4,expense,debit
purchase of machinery reference 51297,336532.75,1,Excel,7,asset,debit
retained earnings transfer reference 65344,458297.31,1,CSV,2,equity,credit
vehicle purchase for business reference 58674,359140.41,1,CSV,7,asset,debit
additional equity contribution reference 65608,208650.49,0,PDF,12,equity,credit
client payment for consulting services reference 25703,13822.66,1,Excel,5,revenue,credit
owner capital introduced reference 57903,419317.88,0,Excel,2,equity,credit
salary payable recorded reference 26015,211354.43,0,CSV,10,liability,credit
capital introduced by shareholder reference 75951,218977.42,0,Excel,4,equity,credit
sales collection reference 34858,482277.18,0,Bank,6,revenue,credit
professional fees reference 81401,434670.99,0,Manual,2,expense,debit
purchase of machinery reference 31692,161070.19,0,PDF,4,asset,debit
purchase of office laptop reference 79270,19372.32,0,PDF,7,asset,debit
capital introduced by shareholder reference 60643,9492.4,0,PDF,5,equity,credit
maintenance and repair expense reference 81618,477178.33,0,Excel,7,expense,debit
office furniture purchase reference 91100,348635.36,0,PDF,7,asset,debit
service revenue received reference 86713,377258.62,0,PDF,7,revenue,debit
insurance expense reference 54095,431759.43,1,Bank,12,expense,debit
supplier payable created reference 46554,382246.72,1,PDF,9,liability,credit
prepaid insurance reference 79992,299175.39,0,Manual,11,asset,debit
subscription revenue reference 14041,217830.98,0,Bank,11,revenue,credit
share capital contribution reference 18850,462693.93,0,Excel,5,equity,credit
sales collection reference 89547,18799.15,0,Bank,11,revenue,debit
owner withdrawal against equity reference 45841,13423.89,1,PDF,3,equity,credit
consulting income received reference 26133,299891.7,0,Bank,3,revenue,credit
prepaid insurance reference 92672,444443.81,0,PDF,10,asset,debit
insurance expense reference 59230,421960.58,0,Manual,1,expense,debit
service revenue received reference 25990,140412.71,1,Manual,3,revenue,credit
monthly office rent reference 46427,27952.71,0,PDF,1,expense,debit
insurance expense reference 39299,5241.0,0,Manual,7,expense,debit
owner capital introduced reference 91150,414027.45,0,PDF,10,equity,credit
purchase of machinery reference 75416,16011.84,0,CSV,10,asset,debit
owner withdrawal against equity reference 70566,272614.26,0,Bank,8,equity,credit
insurance expense reference 20638,125277.74,0,Bank,5,expense,debit
salary payable recorded reference 97021,126294.53,1,PDF,12,liability,credit
insurance expense reference 77638,468914.48,1,Excel,2,expense,debit
owner investment into business reference 98168,165448.07,0,Excel,3,equity,credit
courier and postage expense reference 21239,435546.56,0,CSV,6,expense,debit
monthly office rent reference 23469,307069.77,0,Bank,10,expense,debit
service revenue received reference 72346,297364.26,1,CSV,10,revenue,credit
accounts payable recorded reference 24744,175145.95,0,Excel,8,liability,debit
business loan received reference 96503,462630.46,0,PDF,6,liability,credit
consulting income received reference 28814,262781.61,1,PDF,2,revenue,credit
service revenue received reference 66228,222063.12,0,Excel,12,revenue,debit
share capital contribution reference 98472,28075.16,0,CSV,12,equity,credit
business travel expense reference 65960,331220.21,0,Manual,5,expense,debit
capital introduced by shareholder reference 20192,223881.41,0,Manual,12,equity,credit
short term borrowing reference 14884,197581.5,0,Excel,6,liability,credit
courier and postage expense reference 59847,211855.3,0,Excel,2,expense,debit
inventory purchase for stock reference 20734,320935.17,0,PDF,9,asset,debit
service revenue received reference 11271,48069.19,0,PDF,5,revenue,credit
insurance expense reference 52373,319414.53,0,PDF,3,expense,debit
employee salary payment reference 39371,10429.6,1,Excel,1,expense,debit
office supplies purchase reference 68065,368997.98,0,Bank,4,expense,debit
retained earnings transfer reference 42208,339056.02,1,Manual,12,equity,credit
service revenue received reference 95460,231791.88,0,PDF,1,revenue,credit
gst payable recorded reference 62367,476301.12,1,PDF,8,liability,credit
share capital contribution reference 98898,393540.61,1,PDF,5,equity,credit
internet and telecom bill reference 97746,385630.98,0,Manual,10,expense,debit
shareholder contribution reference 19128,478685.32,0,Manual,2,equity,credit
client payment for consulting services reference 55149,252126.29,0,Manual,7,revenue,credit
security deposit paid reference 96168,99543.59,1,Excel,2,asset,credit
insurance expense reference 86888,344787.27,0,Manual,4,expense,debit
office furniture purchase reference 97097,316614.83,1,PDF,6,asset,debit
marketing campaign expense reference 31022,161549.96,0,Bank,12,expense,credit
marketing campaign expense reference 56031,99194.12,1,PDF,1,expense,debit
business travel expense reference 89657,237185.4,1,Manual,3,expense,debit
share capital contribution reference 45299,316121.71,1,Bank,10,equity,credit
tax payable recorded reference 65710,20615.04,1,Excel,3,liability,credit
accounts payable recorded reference 92298,477265.59,1,PDF,4,liability,credit
accounts payable recorded reference 47698,341770.7,0,Manual,11,liability,credit
retained earnings transfer reference 77379,349805.65,0,CSV,8,equity,credit
customer invoice settlement reference 96182,151680.33,0,Bank,5,revenue,credit
software subscription expense reference 96278,1914.25,0,Manual,2,expense,debit
marketing campaign expense reference 71367,59895.51,0,Bank,4,expense,credit
capital introduced by shareholder reference 79187,32927.58,0,CSV,5,equity,credit
salary payable recorded reference 67775,216088.25,0,Excel,3,liability,credit
salary payable recorded reference 39988,231325.58,0,Bank,8,liability,credit
loan repayment liability reference 21368,53033.24,0,PDF,7,liability,credit
consulting income received reference 79165,314062.17,0,Excel,1,revenue,credit
equipment acquisition reference 78197,308059.55,0,Manual,4,asset,debit
equipment acquisition reference 38881,486582.19,0,CSV,10,asset,debit
owner capital introduced reference 68727,85110.14,0,Bank,2,equity,debit
accounts payable recorded reference 29027,445749.35,0,Manual,12,liability,credit
employee salary payment reference 68410,345455.56,0,Manual,8,expense,debit
customer invoice settlement reference 30413,280326.43,0,Manual,7,revenue,credit
vendor credit purchase reference 66391,421841.67,0,CSV,11,liability,credit
capital introduced by shareholder reference 14673,493875.9,0,CSV,8,equity,credit
courier and postage expense reference 45084,390827.93,1,Manual,7,expense,debit
prepaid insurance reference 94767,102970.85,1,CSV,7,asset,credit
supplier payable created reference 87181,467496.31,0,Bank,11,liability,credit
purchase of office laptop reference 30175,232095.73,0,CSV,9,asset,debit
customer invoice settlement reference 30415,220505.95,0,Manual,8,revenue,credit
owner withdrawal against equity reference 67706,103277.93,1,Bank,8,equity,credit
accounts receivable created reference 14775,100881.19,0,Manual,1,asset,debit
tax payable recorded reference 67696,422020.13,1,Manual,6,liability,credit
client payment for consulting services reference 59047,135735.15,0,Manual,12,revenue,credit
office electricity bill reference 18517,274166.43,0,CSV,4,expense,debit
inventory purchase for stock reference 18164,92229.44,0,Bank,4,asset,debit
loan repayment liability reference 85469,98210.73,0,Manual,9,liability,credit
prepaid insurance reference 46968,362611.34,0,CSV,11,asset,debit
loan repayment liability reference 85011,197664.03,0,Bank,12,liability,credit
equipment acquisition reference 25315,134672.0,0,Manual,11,asset,debit
office supplies purchase reference 27803,258125.64,0,PDF,9,expense,debit
inventory purchase for stock reference 28365,53853.79,1,Excel,4,asset,debit
maintenance and repair expense reference 11784,472872.44,0,PDF,3,expense,debit
purchase of office laptop reference 92403,292022.96,0,Manual,9,asset,debit
capital introduced by shareholder reference 56532,337053.51,0,PDF,12,equity,credit
service revenue received reference 15034,182510.01,0,Bank,5,revenue,credit
salary payable recorded reference 44335,48985.69,0,Bank,3,liability,credit
office supplies purchase reference 23407,203143.61,0,PDF,1,expense,debit
subscription revenue reference 58897,249890.49,0,PDF,12,revenue,credit
prepaid insurance reference 81949,470137.68,0,Bank,2,asset,debit
shareholder contribution reference 92001,460480.48,0,CSV,6,equity,credit
shareholder contribution reference 14833,373279.74,0,PDF,6,equity,credit
service revenue received reference 46790,109205.45,0,PDF,4,revenue,credit
business loan received reference 74418,443252.19,1,Manual,11,liability,credit
sales collection reference 92262,146930.53,1,Bank,6,revenue,credit
owner investment into business reference 36175,72407.26,0,Excel,6,equity,credit
product sales receipt reference 35021,351665.22,0,PDF,12,revenue,credit
loan repayment liability reference 55121,246673.63,0,Bank,9,liability,credit
vendor credit purchase reference 28714,298242.94,0,Bank,1,liability,credit
subscription revenue reference 43382,414979.98,0,Manual,4,revenue,debit
gst payable recorded reference 48810,56119.64,0,Excel,4,liability,credit
short term borrowing reference 39513,139392.84,0,Bank,3,liability,credit
office furniture purchase reference 51135,292633.44,1,Excel,11,asset,debit
customer invoice settlement reference 40571,21648.56,0,PDF,7,revenue,credit
subscription revenue reference 97929,7866.35,0,CSV,10,revenue,credit
inventory purchase for stock reference 72308,473626.06,0,CSV,1,asset,debit
accounts payable recorded reference 99945,360128.4,0,Manual,5,liability,credit
vendor credit purchase reference 94089,357192.47,0,Manual,6,liability,credit
business travel expense reference 41344,299524.9,0,CSV,4,expense,debit
shareholder contribution reference 26235,461363.2,0,Manual,8,equity,credit
equipment acquisition reference 89873,223882.24,1,PDF,3,asset,debit
tax payable recorded reference 16420,194237.07,0,Bank,5,liability,credit
purchase of office laptop reference 47462,153304.73,0,Bank,5,asset,debit
consulting income received reference 70500,140976.28,0,PDF,9,revenue,credit
purchase of machinery reference 74197,374029.12,0,Bank,8,asset,debit
purchase of machinery reference 45318,268911.31,0,Excel,3,asset,debit
customer invoice settlement reference 34027,166118.71,0,Manual,6,revenue,credit
security deposit paid reference 63927,462288.68,0,Manual,4,asset,debit
business loan received reference 93374,184330.79,1,Excel,1,liability,credit
customer invoice settlement reference 89047,161356.02,0,CSV,4,revenue,credit
software subscription expense reference 93814,302284.64,0,Bank,4,expense,debit
customer invoice settlement reference 71889,352850.48,0,Manual,8,revenue,credit
retained earnings transfer reference 78115,289255.14,0,Manual,8,equity,credit
owner capital introduced reference 24434,305206.14,0,Excel,11,equity,credit
owner withdrawal against equity reference 85065,262895.34,1,Manual,3,equity,credit
insurance expense reference 26969,359907.5,0,Manual,12,expense,debit
client payment for consulting services reference 10831,185539.57,0,Excel,1,revenue,credit
owner capital introduced reference 92721,492285.34,0,Excel,12,equity,credit
gst payable recorded reference 71875,396021.89,0,PDF,5,liability,debit
vendor credit purchase reference 97864,347990.59,1,PDF,3,liability,credit
product sales receipt reference 64929,311961.41,1,CSV,9,revenue,credit
product sales receipt reference 36219,264930.98,0,PDF,10,revenue,credit
software subscription expense reference 93761,55214.16,1,Bank,4,expense,debit
owner withdrawal against equity reference 54839,57673.1,0,Bank,5,equity,credit
inventory purchase for stock reference 14711,214822.63,0,Manual,12,asset,debit
purchase of office laptop reference 86632,10917.97,1,Excel,8,asset,debit
shareholder contribution reference 94118,120189.28,1,CSV,8,equity,credit
maintenance and repair expense reference 63409,478476.07,0,Bank,12,expense,debit
security deposit paid reference 67564,487109.38,0,PDF,12,asset,debit
insurance expense reference 50530,401712.27,0,Manual,4,expense,credit
purchase of computer equipment reference 66441,387120.47,0,Bank,4,asset,debit
gst payable recorded reference 69879,134404.2,0,CSV,3,liability,credit
sales revenue from customer invoice reference 70841,166071.42,0,Excel,3,revenue,debit
supplier payable created reference 77991,26585.94,0,Bank,1,liability,credit
internet and telecom bill reference 10011,129125.6,0,Manual,10,expense,debit
client payment for consulting services reference 83096,430436.31,0,Excel,11,revenue,credit
owner withdrawal against equity reference 70569,435452.14,0,Bank,3,equity,credit
maintenance and repair expense reference 74523,344189.87,1,Manual,8,expense,debit
security deposit paid reference 54382,304411.88,0,Excel,6,asset,debit
insurance expense reference 81250,488646.43,0,PDF,11,expense,debit
share capital contribution reference 11095,238695.67,1,PDF,7,equity,credit
office furniture purchase reference 15358,435200.82,0,PDF,10,asset,debit
customer invoice settlement reference 17997,346702.34,0,Bank,5,revenue,credit
software subscription expense reference 74634,282966.84,0,Excel,12,expense,debit
sales revenue from customer invoice reference 28151,365819.97,0,CSV,2,revenue,credit
marketing campaign expense reference 15128,391546.99,1,CSV,6,expense,debit
prepaid insurance reference 78938,317405.51,0,CSV,11,asset,debit
shareholder contribution reference 94650,331890.88,0,Excel,12,equity,credit
sales revenue from customer invoice reference 44072,47772.56,1,Excel,9,revenue,credit
office electricity bill reference 90210,197774.7,0,PDF,1,expense,debit
capital introduced by shareholder reference 44566,397047.94,0,Manual,3,equity,credit
service revenue received reference 96126,293967.13,0,Excel,6,revenue,credit
loan repayment liability reference 59279,377185.44,0,Manual,1,liability,credit
customer invoice settlement reference 79088,446618.59,0,Manual,2,revenue,credit
retained earnings transfer reference 13917,276519.21,0,PDF,8,equity,credit
subscription revenue reference 78683,465036.67,0,PDF,8,revenue,credit
office electricity bill reference 84628,127370.7,0,CSV,11,expense,credit
tax payable recorded reference 99779,402782.68,0,Excel,2,liability,credit
tax payable recorded reference 86048,96603.8,0,PDF,11,liability,credit
share capital contribution reference 82041,422160.6,0,Manual,11,equity,credit
purchase of computer equipment reference 17794,277691.91,0,PDF,11,asset,debit
owner withdrawal against equity reference 63320,288457.26,1,CSV,11,equity,credit
salary payable recorded reference 82775,487678.77,0,Excel,3,liability,credit
short term borrowing reference 14317,254833.7,0,Manual,10,liability,credit
tax payable recorded reference 90461,192694.67,0,CSV,3,liability,credit
courier and postage expense reference 25168,256365.76,0,CSV,5,expense,debit
tax payable recorded reference 31436,99007.66,0,Bank,10,liability,credit
gst payable recorded reference 68015,346810.14,1,Excel,3,liability,credit
owner withdrawal against equity reference 30188,430850.45,0,Bank,9,equity,credit
sales revenue from customer invoice reference 16757,210663.52,0,Bank,11,revenue,credit
capital introduced by shareholder reference 53441,389369.6,0,PDF,6,equity,credit
equipment acquisition reference 95231,208568.68,0,PDF,5,asset,credit
owner investment into business reference 36227,60857.83,1,Manual,1,equity,debit
gst payable recorded reference 97842,422345.15,1,PDF,8,liability,credit
office supplies purchase reference 72183,359129.61,0,CSV,4,expense,debit
office furniture purchase reference 75822,400032.09,1,Manual,12,asset,debit
product sales receipt reference 54196,8904.56,0,Manual,12,revenue,credit
product sales receipt reference 45265,100491.62,0,Excel,3,revenue,credit
equipment acquisition reference 79956,400931.78,0,PDF,3,asset,debit
supplier payable created reference 73441,571.23,0,Excel,3,liability,credit
vehicle purchase for business reference 51474,77819.58,0,CSV,8,asset,debit
prepaid insurance reference 81306,304224.6,0,CSV,7,asset,debit
client payment for consulting services reference 93648,182241.47,1,CSV,3,revenue,debit
monthly office rent reference 80075,52927.45,0,Bank,11,expense,debit
business loan received reference 98703,382687.53,0,CSV,12,liability,credit
owner withdrawal against equity reference 34000,357553.68,0,Excel,2,equity,credit
supplier payable created reference 13684,305968.14,0,Bank,5,liability,credit
office electricity bill reference 55901,139787.68,0,Bank,4,expense,debit
sales revenue from customer invoice reference 37173,459261.73,0,Excel,2,revenue,debit
equipment acquisition reference 65665,248117.68,0,CSV,1,asset,debit
client payment for consulting services reference 41905,259044.74,1,Excel,8,revenue,credit
sales collection reference 37480,266208.25,1,CSV,2,revenue,credit
tax payable recorded reference 96794,414120.96,0,Bank,1,liability,credit
office electricity bill reference 24560,289674.39,0,Bank,9,expense,debit
internet and telecom bill reference 66297,281926.6,0,PDF,8,expense,debit
purchase of office laptop reference 40794,8540.01,0,CSV,2,asset,debit
supplier payable created reference 23500,134944.68,0,Manual,8,liability,credit
customer invoice settlement reference 61516,72992.56,0,Excel,4,revenue,credit
shareholder contribution reference 32706,376912.26,0,PDF,5,equity,credit
loan repayment liability reference 54320,225336.08,1,PDF,2,liability,debit
inventory purchase for stock reference 30653,421480.78,1,Bank,10,asset,debit
short term borrowing reference 69630,287053.24,0,Excel,1,liability,credit
marketing campaign expense reference 80442,360512.22,0,PDF,4,expense,debit
owner capital introduced reference 35661,227204.75,0,Excel,2,equity,credit
office furniture purchase reference 82072,296137.52,0,Excel,6,asset,debit
office electricity bill reference 75983,193028.38,0,Excel,1,expense,debit
prepaid insurance reference 87732,278951.48,1,PDF,4,asset,debit
accounts payable recorded reference 53788,429789.79,0,Manual,10,liability,credit
owner capital introduced reference 32429,90739.4,1,PDF,2,equity,credit
internet and telecom bill reference 78743,204995.66,0,Manual,9,expense,debit
product sales receipt reference 95705,306564.71,0,Bank,11,revenue,credit
equipment acquisition reference 32540,480789.73,0,Bank,12,asset,debit
retained earnings transfer reference 85235,51420.25,0,Bank,10,equity,credit
purchase of machinery reference 84701,467022.96,0,PDF,11,asset,debit
courier and postage expense reference 34931,161950.4,0,Bank,3,expense,debit
customer invoice settlement reference 21964,294599.12,0,PDF,4,revenue,credit
purchase of office laptop reference 99008,414474.8,0,Bank,12,asset,debit
owner capital introduced reference 84409,205883.29,0,CSV,1,equity,credit
retained earnings transfer reference 85681,234919.55,0,PDF,3,equity,credit
owner withdrawal against equity reference 10873,496344.13,0,CSV,6,equity,credit
consulting income received reference 95845,72918.78,0,PDF,3,revenue,credit
vehicle purchase for business reference 79215,150204.8,0,Bank,11,asset,debit
salary payable recorded reference 16490,229137.84,0,CSV,3,liability,debit
service revenue received reference 83270,255388.49,0,Manual,2,revenue,credit
loan repayment liability reference 45091,361957.4,0,CSV,1,liability,credit
purchase of office laptop reference 97175,435896.04,0,PDF,12,asset,debit
salary payable recorded reference 13192,427987.4,0,PDF,2,liability,credit
sales revenue from customer invoice reference 86600,78028.89,0,Bank,3,revenue,credit
share capital contribution reference 66961,157697.96,1,Bank,7,equity,credit
additional equity contribution reference 10181,456155.98,0,PDF,2,equity,credit
owner investment into business reference 61719,497937.18,0,Excel,6,equity,credit
tax payable recorded reference 81872,80990.73,0,Excel,3,liability,credit
insurance expense reference 68169,324529.01,0,CSV,10,expense,debit
maintenance and repair expense reference 62955,4964.64,0,Bank,9,expense,debit
employee salary payment reference 90483,224280.21,0,PDF,12,expense,debit
vehicle purchase for business reference 30754,225480.48,0,Manual,10,asset,debit
purchase of office laptop reference 39668,357278.71,0,PDF,10,asset,credit
business loan received reference 86178,175375.9,0,PDF,2,liability,debit
owner withdrawal against equity reference 56598,467821.99,0,Manual,2,equity,credit
internet and telecom bill reference 51711,180956.56,0,Bank,9,expense,debit
salary payable recorded reference 58799,186728.16,0,Excel,12,liability,credit
tax payable recorded reference 47340,424589.11,0,Manual,6,liability,credit
accounts payable recorded reference 12488,301412.67,1,Manual,8,liability,credit
short term borrowing reference 83581,376094.72,0,CSV,6,liability,credit
client payment for consulting services reference 25959,407078.49,0,Manual,6,revenue,credit
tax payable recorded reference 28929,59325.09,1,Manual,12,liability,debit
vendor credit purchase reference 28779,374876.13,0,Excel,1,liability,credit
sales revenue from customer invoice reference 69415,99099.51,1,Excel,3,revenue,debit
business loan received reference 79360,20832.76,0,PDF,2,liability,credit
monthly office rent reference 63544,63431.32,1,Bank,12,expense,debit
sales collection reference 99020,278206.73,0,Manual,12,revenue,credit
security deposit paid reference 11801,343913.98,0,Manual,2,asset,debit
shareholder contribution reference 94169,478303.35,0,CSV,11,equity,credit
vendor credit purchase reference 85440,457649.94,0,CSV,6,liability,credit
sales revenue from customer invoice reference 10526,287443.87,0,Manual,3,revenue,debit
equipment acquisition reference 89160,417117.05,1,Manual,8,asset,debit
capital introduced by shareholder reference 81965,361866.94,1,Bank,3,equity,credit
owner capital introduced reference 53685,118987.36,1,PDF,5,equity,credit
owner investment into business reference 51147,236472.68,0,PDF,1,equity,credit
gst payable recorded reference 50148,379988.75,1,CSV,1,liability,credit
product sales receipt reference 66919,80166.79,0,Manual,4,revenue,credit
tax payable recorded reference 72738,355987.71,0,CSV,6,liability,debit
security deposit paid reference 77307,279728.12,1,Excel,1,asset,debit
tax payable recorded reference 27803,196524.81,0,Manual,1,liability,credit
supplier payable created reference 53361,312270.41,0,Bank,7,liability,credit
purchase of computer equipment reference 71197,433154.62,1,CSV,4,asset,debit
supplier payable created reference 46050,231632.87,0,PDF,4,liability,credit
purchase of computer equipment reference 41185,270166.41,0,PDF,12,asset,debit
purchase of office laptop reference 85478,255064.01,0,Manual,7,asset,debit
owner capital introduced reference 29854,30099.76,0,CSV,2,equity,credit
gst payable recorded reference 49788,259250.19,1,CSV,7,liability,credit
accounts payable recorded reference 10645,345337.04,0,Excel,7,liability,credit
accounts receivable created reference 28197,185171.44,0,PDF,8,asset,debit
business loan received reference 17580,393731.85,0,Manual,8,liability,credit
tax payable recorded reference 54935,155244.31,0,Excel,11,liability,credit
office furniture purchase reference 21812,208413.93,0,PDF,9,asset,debit
subscription revenue reference 45518,69626.02,0,PDF,11,revenue,credit
equipment acquisition reference 93617,486106.96,0,Manual,8,asset,debit
subscription revenue reference 83678,469817.71,1,Excel,6,revenue,credit
employee salary payment reference 92874,4736.19,1,Excel,6,expense,debit
owner withdrawal against equity reference 98836,153779.01,0,Bank,6,equity,credit
office furniture purchase reference 83229,59113.96,1,Excel,12,asset,debit
software subscription expense reference 72480,89237.0,0,PDF,12,expense,debit
loan repayment liability reference 10545,487609.07,1,CSV,1,liability,credit
gst payable recorded reference 43009,146735.01,0,Excel,12,liability,credit
inventory purchase for stock reference 34145,246528.22,0,Excel,6,asset,debit
inventory purchase for stock reference 30059,465509.36,0,Excel,7,asset,debit
share capital contribution reference 11503,256083.42,0,PDF,11,equity,credit
vehicle purchase for business reference 15968,357546.21,0,PDF,6,asset,debit
supplier payable created reference 79024,121968.24,0,Bank,7,liability,credit
share capital contribution reference 46566,349335.84,0,Bank,4,equity,credit
sales revenue from customer invoice reference 63202,182734.51,0,Manual,4,revenue,credit
security deposit paid reference 74206,362261.54,1,Excel,4,asset,debit
shareholder contribution reference 52329,317339.95,1,PDF,9,equity,credit
tax payable recorded reference 35053,159170.3,1,CSV,1,liability,credit
vendor credit purchase reference 68824,106857.91,1,Bank,12,liability,credit
vendor credit purchase reference 54670,56032.85,0,CSV,11,liability,credit
courier and postage expense reference 46322,272429.05,0,CSV,11,expense,debit
customer invoice settlement reference 30122,227719.75,0,Bank,3,revenue,credit
product sales receipt reference 87935,195395.42,0,Manual,1,revenue,credit
retained earnings transfer reference 62178,9166.87,0,Manual,7,equity,credit
security deposit paid reference 70521,331034.98,0,Manual,6,asset,debit
equipment acquisition reference 79808,396826.24,0,Manual,11,asset,debit
professional fees reference 86358,481325.38,0,PDF,3,expense,debit
share capital contribution reference 69452,3200.36,0,PDF,5,equity,credit
marketing campaign expense reference 38716,160226.67,0,Bank,3,expense,debit
insurance expense reference 98440,71486.68,0,Manual,7,expense,debit
office furniture purchase reference 62645,335081.74,1,Bank,6,asset,debit
prepaid insurance reference 23771,89901.96,0,CSV,8,asset,debit
short term borrowing reference 20630,334710.97,0,PDF,1,liability,credit
purchase of office laptop reference 40064,494411.23,0,Manual,10,asset,debit
salary payable recorded reference 28424,471835.7,0,Excel,1,liability,credit
supplier payable created reference 72321,294342.69,0,Manual,3,liability,credit
owner capital introduced reference 55861,440252.47,0,CSV,5,equity,credit
purchase of machinery reference 59324,155623.29,0,Excel,3,asset,debit
employee salary payment reference 37182,6002.83,0,PDF,2,expense,debit
professional fees reference 88021,246101.74,0,Manual,9,expense,credit
short term borrowing reference 47030,42833.66,1,CSV,4,liability,credit
software subscription expense reference 29114,23345.46,0,PDF,10,expense,debit
product sales receipt reference 60089,29249.24,0,Excel,6,revenue,credit
insurance expense reference 36461,27228.86,0,PDF,10,expense,debit
owner investment into business reference 40186,116924.43,1,Manual,10,equity,credit
loan repayment liability reference 47726,221163.93,0,Bank,9,liability,credit
courier and postage expense reference 76245,477990.24,1,PDF,3,expense,debit
consulting income received reference 28207,27859.67,1,PDF,6,revenue,credit
sales collection reference 21133,324285.56,0,Bank,12,revenue,debit
salary payable recorded reference 49319,436570.83,1,PDF,3,liability,credit
vendor credit purchase reference 47211,414785.04,0,CSV,8,liability,credit
business travel expense reference 72414,358355.34,0,Manual,8,expense,debit
employee salary payment reference 77930,179207.12,1,Manual,7,expense,credit
client payment for consulting services reference 85452,37777.5,0,Excel,1,revenue,credit
accounts payable recorded reference 53140,393442.97,1,Excel,1,liability,credit
capital introduced by shareholder reference 94265,19753.9,0,Excel,3,equity,credit
marketing campaign expense reference 71246,496330.87,0,PDF,8,expense,debit
accounts receivable created reference 15388,59521.67,0,CSV,1,asset,credit
software subscription expense reference 89844,300958.19,0,CSV,11,expense,debit
business loan received reference 77887,14039.68,0,Manual,7,liability,credit
retained earnings transfer reference 42314,80134.99,0,Manual,12,equity,credit
maintenance and repair expense reference 53754,220635.4,0,Excel,7,expense,debit
monthly office rent reference 34797,27523.09,0,Bank,10,expense,debit
prepaid insurance reference 39205,464256.45,0,Manual,11,asset,debit
prepaid insurance reference 40344,482736.19,0,PDF,5,asset,credit
prepaid insurance reference 11038,143172.67,1,Bank,1,asset,debit
internet and telecom bill reference 75193,369135.23,1,Excel,1,expense,debit
sales revenue from customer invoice reference 58193,455431.93,1,PDF,2,revenue,credit
sales collection reference 29312,204560.06,0,Bank,3,revenue,credit
maintenance and repair expense reference 31680,202023.01,0,Bank,9,expense,debit
short term borrowing reference 78646,157294.42,0,CSV,4,liability,credit
shareholder contribution reference 76968,15405.82,1,PDF,9,equity,credit
additional equity contribution reference 12239,336782.9,0,Manual,1,equity,credit
vehicle purchase for business reference 11526,362725.63,0,CSV,3,asset,debit
sales collection reference 44631,244970.23,0,Bank,1,revenue,debit
inventory purchase for stock reference 60741,329057.71,1,Excel,5,asset,debit
business loan received reference 69441,444375.93,0,CSV,7,liability,credit
employee salary payment reference 93027,283416.64,0,CSV,12,expense,debit
subscription revenue reference 86588,424266.19,0,Excel,1,revenue,credit
salary payable recorded reference 39159,311079.28,0,PDF,2,liability,credit
purchase of computer equipment reference 54033,285178.94,0,CSV,8,asset,credit
marketing campaign expense reference 93380,411536.82,0,Manual,12,expense,debit
accounts payable recorded reference 56706,29158.27,0,CSV,6,liability,credit
shareholder contribution reference 99755,14288.88,0,Bank,11,equity,credit
capital introduced by shareholder reference 86849,293144.75,1,PDF,6,equity,credit
sales collection reference 71237,281552.67,1,CSV,9,revenue,credit
purchase of computer equipment reference 97305,383667.12,0,PDF,12,asset,debit
shareholder contribution reference 90961,43421.53,0,CSV,8,equity,credit
capital introduced by shareholder reference 23073,366419.05,0,PDF,7,equity,credit
inventory purchase for stock reference 86755,230942.46,1,Excel,2,asset,credit
service revenue received reference 95234,499988.52,0,Bank,2,revenue,credit
inventory purchase for stock reference 98532,458189.62,0,Bank,1,asset,debit
vendor credit purchase reference 13379,100467.39,0,Bank,10,liability,credit
additional equity contribution reference 28609,484423.83,1,Excel,6,equity,credit
retained earnings transfer reference 41196,428765.04,0,CSV,12,equity,credit
tax payable recorded reference 82558,273678.33,0,PDF,5,liability,credit
service revenue received reference 13048,341665.97,0,Excel,10,revenue,credit
retained earnings transfer reference 81679,41471.53,0,Bank,3,equity,credit
owner investment into business reference 10691,264714.82,0,CSV,9,equity,credit
business travel expense reference 57923,159992.9,0,Excel,2,expense,debit
vehicle purchase for business reference 87536,8952.54,0,PDF,4,asset,debit
service revenue received reference 18566,783.78,0,CSV,10,revenue,credit
vehicle purchase for business reference 84028,315176.01,0,Excel,1,asset,debit
retained earnings transfer reference 42478,414690.48,0,Manual,10,equity,credit
purchase of machinery reference 30190,473247.39,0,Bank,11,asset,debit
accounts payable recorded reference 25308,237938.12,0,Excel,4,liability,credit
office electricity bill reference 27686,11648.46,0,PDF,12,expense,debit
service revenue received reference 36967,88005.11,1,CSV,6,revenue,credit
purchase of computer equipment reference 80367,125957.8,0,Manual,10,asset,credit
purchase of machinery reference 96977,337367.69,0,PDF,6,asset,debit
short term borrowing reference 21320,308654.06,0,Bank,1,liability,credit
share capital contribution reference 29901,406928.66,0,Excel,7,equity,debit
subscription revenue reference 17104,476120.17,0,Excel,8,revenue,credit
consulting income received reference 39728,347175.48,0,CSV,2,revenue,credit
equipment acquisition reference 78080,117497.27,0,CSV,7,asset,debit
security deposit paid reference 98672,421113.83,1,Manual,2,asset,debit
purchase of machinery reference 80126,4294.63,1,PDF,12,asset,debit
client payment for consulting services reference 47782,106004.89,1,Manual,5,revenue,credit
insurance expense reference 60097,412970.01,1,Excel,11,expense,credit
service revenue received reference 80823,216782.61,0,PDF,3,revenue,credit
retained earnings transfer reference 85171,25862.08,0,Excel,6,equity,credit
insurance expense reference 11048,163893.71,0,Manual,4,expense,debit
business loan received reference 67391,84265.17,0,CSV,6,liability,credit
client payment for consulting services reference 74158,250533.7,1,Manual,5,revenue,credit
client payment for consulting services reference 81987,157568.12,0,CSV,6,revenue,credit
employee salary payment reference 10784,434630.62,1,PDF,5,expense,debit
accounts payable recorded reference 84375,446427.44,0,Manual,4,liability,credit
consulting income received reference 34532,55806.77,0,Manual,2,revenue,credit
service revenue received reference 59768,468101.92,0,PDF,6,revenue,credit
accounts payable recorded reference 56220,493769.76,0,PDF,7,liability,credit
shareholder contribution reference 80719,10312.41,0,PDF,8,equity,credit
product sales receipt reference 50798,3296.92,0,Manual,12,revenue,credit
supplier payable created reference 53764,490609.05,0,Manual,12,liability,debit
shareholder contribution reference 50955,155376.26,0,CSV,9,equity,credit
owner withdrawal against equity reference 22137,187706.44,0,Bank,4,equity,credit
retained earnings transfer reference 86559,422514.96,1,Excel,2,equity,credit
customer invoice settlement reference 37385,439891.74,0,PDF,3,revenue,credit
monthly office rent reference 14100,451366.16,1,Manual,8,expense,debit
client payment for consulting services reference 19655,118732.65,0,Bank,1,revenue,debit
marketing campaign expense reference 96380,480403.28,0,Excel,6,expense,debit
product sales receipt reference 95062,25914.93,0,Excel,4,revenue,credit
purchase of computer equipment reference 59086,184925.86,1,Excel,4,asset,debit
share capital contribution reference 71262,77857.27,0,Excel,6,equity,credit
subscription revenue reference 53115,385161.22,0,CSV,10,revenue,credit
security deposit paid reference 98656,422211.81,0,PDF,11,asset,debit
business loan received reference 51064,344858.4,0,Manual,8,liability,credit
owner investment into business reference 62623,484466.81,0,Manual,10,equity,credit
accounts receivable created reference 95630,95217.65,0,Bank,7,asset,credit
tax payable recorded reference 32208,239455.2,0,CSV,9,liability,credit
employee salary payment reference 80082,312289.33,0,PDF,12,expense,debit
product sales receipt reference 30451,277515.1,1,Manual,10,revenue,credit
office electricity bill reference 41066,449303.62,0,CSV,6,expense,debit
inventory purchase for stock reference 48316,39064.17,0,Manual,4,asset,debit
sales collection reference 10661,178004.53,0,PDF,2,revenue,credit
supplier payable created reference 83734,47597.27,0,Bank,12,liability,credit
equipment acquisition reference 11549,368753.63,0,Manual,12,asset,debit
consulting income received reference 24596,166522.38,0,PDF,6,revenue,credit
subscription revenue reference 82051,309085.56,0,PDF,12,revenue,credit
software subscription expense reference 70040,52143.25,1,Excel,8,expense,debit
service revenue received reference 40612,410975.64,1,Bank,2,revenue,credit
retained earnings transfer reference 55817,291020.72,0,CSV,1,equity,credit
owner withdrawal against equity reference 35305,345399.64,1,Manual,11,equity,credit
additional equity contribution reference 28275,324600.21,0,Bank,12,equity,debit
client payment for consulting services reference 97626,435740.87,1,PDF,3,revenue,credit
purchase of office laptop reference 19997,144594.07,0,PDF,10,asset,debit
salary payable recorded reference 16885,189895.12,0,PDF,5,liability,credit
office supplies purchase reference 71539,98130.43,1,PDF,9,expense,debit
internet and telecom bill reference 38370,41895.74,0,Bank,3,expense,debit
short term borrowing reference 14862,411401.96,0,Excel,5,liability,credit
business loan received reference 13224,375868.0,0,Excel,3,liability,credit
loan repayment liability reference 35686,444650.37,0,Bank,4,liability,credit
gst payable recorded reference 29977,431531.58,0,CSV,1,liability,credit
accounts payable recorded reference 85873,376662.42,0,CSV,8,liability,credit
product sales receipt reference 77694,149288.48,0,Excel,5,revenue,credit
consulting income received reference 58050,386044.34,0,CSV,8,revenue,debit
salary payable recorded reference 49197,313544.0,1,Manual,6,liability,credit
capital introduced by shareholder reference 46810,290374.44,0,Manual,6,equity,credit
sales revenue from customer invoice reference 45312,457691.73,0,CSV,2,revenue,credit
subscription revenue reference 52281,374491.37,0,Manual,5,revenue,credit
marketing campaign expense reference 65877,18292.07,1,CSV,10,expense,debit
monthly office rent reference 29042,48556.59,0,CSV,4,expense,debit
capital introduced by shareholder reference 83686,485985.95,0,Manual,2,equity,credit
business loan received reference 73484,135512.47,0,Manual,11,liability,credit
supplier payable created reference 56668,103307.48,0,Excel,4,liability,credit
security deposit paid reference 24394,493529.18,0,Excel,3,asset,debit
inventory purchase for stock reference 79988,486804.11,0,Manual,9,asset,debit
purchase of machinery reference 60618,260424.34,1,Manual,3,asset,debit
purchase of machinery reference 32173,303392.32,1,Bank,3,asset,debit
loan repayment liability reference 55958,454755.6,0,Manual,9,liability,credit
short term borrowing reference 20308,218591.17,0,PDF,1,liability,credit
purchase of machinery reference 63455,146786.66,0,CSV,8,asset,debit
client payment for consulting services reference 85661,198578.09,0,Excel,3,revenue,credit
equipment acquisition reference 40791,28061.43,0,CSV,11,asset,debit
purchase of office laptop reference 40591,342068.67,0,Bank,7,asset,debit
purchase of machinery reference 64717,254449.19,0,Excel,3,asset,debit
professional fees reference 26291,369920.37,0,CSV,8,expense,credit
loan repayment liability reference 43614,420049.37,0,PDF,4,liability,debit
consulting income received reference 33942,137430.13,0,CSV,2,revenue,debit
equipment acquisition reference 78292,174579.51,1,Bank,5,asset,debit
internet and telecom bill reference 27590,97455.78,0,Excel,2,expense,debit
vendor credit purchase reference 47787,96628.74,0,Manual,11,liability,credit
customer invoice settlement reference 28178,472504.59,0,Manual,8,revenue,credit
capital introduced by shareholder reference 68489,98762.53,0,Bank,10,equity,credit
professional fees reference 39400,14001.5,0,PDF,9,expense,debit
shareholder contribution reference 87444,86496.46,0,PDF,1,equity,credit
owner capital introduced reference 68956,160957.94,0,PDF,8,equity,credit
sales collection reference 23821,388455.99,1,Excel,11,revenue,credit
sales revenue from customer invoice reference 21929,477077.09,0,CSV,5,revenue,credit
owner withdrawal against equity reference 34385,19126.56,0,Bank,8,equity,credit
additional equity contribution reference 67484,27771.54,0,PDF,2,equity,credit
monthly office rent reference 54628,278513.84,0,Manual,3,expense,debit
share capital contribution reference 75661,104267.53,0,CSV,9,equity,credit
purchase of machinery reference 49267,456913.16,0,CSV,10,asset,debit
gst payable recorded reference 10470,114817.37,1,Manual,12,liability,credit
additional equity contribution reference 72254,216052.76,0,PDF,6,equity,credit
equipment acquisition reference 57849,112728.05,0,CSV,8,asset,debit
shareholder contribution reference 72994,399606.26,0,Bank,10,equity,credit
owner capital introduced reference 23024,279044.52,1,Manual,6,equity,credit
customer invoice settlement reference 17035,16309.27,0,PDF,9,revenue,credit
office supplies purchase reference 59622,286726.59,0,PDF,9,expense,credit
owner capital introduced reference 79967,381752.04,0,CSV,5,equity,credit
marketing campaign expense reference 54536,381900.1,0,Manual,5,expense,debit
vehicle purchase for business reference 91626,220715.57,0,Manual,6,asset,debit
share capital contribution reference 42194,302590.33,0,PDF,11,equity,credit
vendor credit purchase reference 59601,231124.67,0,PDF,7,liability,credit
security deposit paid reference 42445,328845.97,0,CSV,10,asset,debit
owner investment into business reference 83663,208657.6,0,PDF,7,equity,credit
capital introduced by shareholder reference 26851,476600.79,0,Excel,7,equity,credit
prepaid insurance reference 78571,241552.49,0,PDF,11,asset,debit
shareholder contribution reference 94605,365519.05,0,Excel,3,equity,credit
short term borrowing reference 13859,179714.22,0,PDF,12,liability,credit
monthly office rent reference 57490,332980.86,1,Bank,4,expense,credit
capital introduced by shareholder reference 25217,127924.85,1,PDF,4,equity,credit
share capital contribution reference 93126,90434.85,0,Excel,12,equity,debit
maintenance and repair expense reference 79823,282961.73,0,Manual,7,expense,debit
prepaid insurance reference 96573,264917.41,0,PDF,4,asset,debit
purchase of machinery reference 97418,228142.86,0,Excel,1,asset,debit
courier and postage expense reference 56483,248660.29,0,PDF,6,expense,debit
customer invoice settlement reference 56145,216769.76,1,Manual,12,revenue,credit
inventory purchase for stock reference 10940,241895.16,0,CSV,5,asset,credit
additional equity contribution reference 29097,422026.52,0,Manual,9,equity,credit
shareholder contribution reference 47451,274949.6,1,Bank,8,equity,credit
vehicle purchase for business reference 88014,419155.53,0,PDF,8,asset,credit
additional equity contribution reference 43842,372727.83,0,PDF,12,equity,credit
business loan received reference 75394,159927.8,1,Bank,10,liability,credit
retained earnings transfer reference 42546,313031.61,0,CSV,12,equity,credit
owner investment into business reference 16352,461727.58,0,PDF,12,equity,credit
vendor credit purchase reference 96543,358444.94,0,PDF,7,liability,credit
retained earnings transfer reference 23455,411509.34,0,Bank,5,equity,credit
tax payable recorded reference 59714,35591.91,1,Excel,3,liability,credit
insurance expense reference 12733,362621.14,0,Bank,10,expense,debit
supplier payable created reference 88654,41116.55,0,Bank,8,liability,credit
software subscription expense reference 70507,199683.23,0,PDF,8,expense,debit
subscription revenue reference 44665,197769.3,0,CSV,5,revenue,credit
office furniture purchase reference 54032,188058.8,1,Excel,5,asset,debit
inventory purchase for stock reference 76691,262612.15,0,Bank,1,asset,credit
purchase of machinery reference 43512,65672.49,0,Manual,7,asset,debit
inventory purchase for stock reference 38069,313920.63,0,Manual,5,asset,credit
client payment for consulting services reference 39008,474411.9,0,Excel,2,revenue,credit
customer invoice settlement reference 89682,427607.43,0,Excel,9,revenue,credit
supplier payable created reference 59558,196211.72,1,CSV,4,liability,credit
vendor credit purchase reference 25930,459205.43,0,CSV,4,liability,credit
retained earnings transfer reference 30615,68682.21,0,PDF,12,equity,credit
purchase of computer equipment reference 58873,197752.75,0,PDF,12,asset,debit
owner investment into business reference 92046,459831.36,0,CSV,12,equity,debit
office furniture purchase reference 99750,165428.74,0,Excel,9,asset,debit
sales revenue from customer invoice reference 79655,219719.78,0,Bank,9,revenue,credit
service revenue received reference 76631,141588.34,1,CSV,9,revenue,credit
sales collection reference 30375,251837.67,0,Excel,1,revenue,credit
sales revenue from customer invoice reference 67199,372125.36,0,Bank,6,revenue,credit
supplier payable created reference 62841,153411.44,1,Bank,11,liability,debit
additional equity contribution reference 95216,71180.38,1,Manual,5,equity,debit
courier and postage expense reference 81488,278768.97,0,CSV,4,expense,credit
courier and postage expense reference 11762,357434.64,0,PDF,2,expense,debit
consulting income received reference 18422,444070.36,0,Bank,3,revenue,credit
maintenance and repair expense reference 57729,33173.81,0,PDF,6,expense,debit
supplier payable created reference 17179,421254.6,0,PDF,2,liability,credit
share capital contribution reference 68479,312754.82,0,CSV,1,equity,credit
accounts payable recorded reference 30711,84525.19,0,CSV,6,liability,credit
salary payable recorded reference 51235,499889.01,0,Excel,2,liability,credit
insurance expense reference 34658,461838.86,1,CSV,8,expense,debit
subscription revenue reference 41322,426745.66,0,PDF,8,revenue,credit
professional fees reference 45788,45311.61,0,PDF,2,expense,debit
client payment for consulting services reference 29568,452925.64,1,Bank,4,revenue,credit
tax payable recorded reference 86784,334247.57,0,Manual,7,liability,credit
vehicle purchase for business reference 28799,153614.11,0,CSV,3,asset,debit
prepaid insurance reference 36350,409630.2,0,Bank,2,asset,debit
purchase of computer equipment reference 80059,309259.22,1,CSV,2,asset,debit
service revenue received reference 82918,359982.79,0,CSV,6,revenue,credit
accounts receivable created reference 22417,295734.77,0,PDF,8,asset,credit
subscription revenue reference 83782,241992.59,0,Bank,4,revenue,credit
retained earnings transfer reference 36471,65899.62,0,PDF,7,equity,credit
equipment acquisition reference 25844,291023.29,0,Bank,12,asset,debit
service revenue received reference 81752,484911.96,1,PDF,8,revenue,credit
retained earnings transfer reference 76042,367230.78,0,Excel,2,equity,credit
marketing campaign expense reference 77527,478058.74,1,Bank,3,expense,debit
employee salary payment reference 92124,337858.03,0,CSV,9,expense,debit
business travel expense reference 78598,321422.53,0,Bank,3,expense,debit
inventory purchase for stock reference 91797,483974.96,1,Bank,8,asset,debit
employee salary payment reference 57430,326611.73,0,Excel,5,expense,debit
software subscription expense reference 99866,360064.04,0,CSV,10,expense,debit
vendor credit purchase reference 13971,204169.8,0,Excel,12,liability,credit
professional fees reference 70573,220290.14,0,CSV,7,expense,debit
capital introduced by shareholder reference 57634,492427.34,0,CSV,9,equity,credit
owner capital introduced reference 65502,262989.15,0,PDF,3,equity,credit
business travel expense reference 20700,380823.77,1,CSV,11,expense,debit
equipment acquisition reference 88911,192574.83,1,CSV,8,asset,debit
equipment acquisition reference 25106,119497.44,0,Manual,8,asset,credit
client payment for consulting services reference 34529,139671.48,0,CSV,12,revenue,credit
sales collection reference 89087,186843.76,0,Bank,4,revenue,credit
equipment acquisition reference 34786,414258.92,0,Excel,8,asset,debit
owner withdrawal against equity reference 55904,284767.6,0,Bank,7,equity,debit
courier and postage expense reference 16038,237950.37,0,Manual,2,expense,debit
sales revenue from customer invoice reference 24170,333216.73,0,PDF,12,revenue,credit
tax payable recorded reference 67531,199626.75,0,PDF,7,liability,credit
owner investment into business reference 18235,61525.98,1,PDF,2,equity,credit
professional fees reference 70842,231808.91,0,CSV,1,expense,debit
security deposit paid reference 23399,248701.92,0,CSV,11,asset,debit
office furniture purchase reference 81669,28180.2,0,Bank,8,asset,debit
sales revenue from customer invoice reference 90090,157516.8,0,PDF,4,revenue,credit
owner withdrawal against equity reference 17186,304975.94,1,Manual,11,equity,debit
service revenue received reference 28839,269863.85,0,CSV,5,revenue,credit
courier and postage expense reference 36567,149101.35,0,Bank,1,expense,debit
shareholder contribution reference 29244,368868.19,0,Manual,8,equity,credit
owner withdrawal against equity reference 50459,206453.55,0,PDF,11,equity,credit
service revenue received reference 60568,194145.09,0,Bank,6,revenue,credit
capital introduced by shareholder reference 84568,308180.76,0,Bank,9,equity,credit
short term borrowing reference 28059,181898.9,0,Excel,9,liability,credit
client payment for consulting services reference 93546,298020.89,0,PDF,5,revenue,credit
product sales receipt reference 25569,157289.74,0,Manual,1,revenue,credit
accounts receivable created reference 59537,15879.6,1,Excel,3,asset,debit
product sales receipt reference 53185,287103.48,0,Excel,10,revenue,credit
sales collection reference 76856,474590.52,0,PDF,1,revenue,credit
prepaid insurance reference 20252,470532.29,0,Manual,4,asset,debit
subscription revenue reference 16087,91978.6,0,Excel,12,revenue,debit
short term borrowing reference 62786,184191.55,0,Manual,11,liability,credit
sales collection reference 88859,134779.2,1,Excel,8,revenue,credit
client payment for consulting services reference 18266,415078.33,1,Bank,12,revenue,credit
loan repayment liability reference 30295,426238.08,0,PDF,10,liability,credit
shareholder contribution reference 40518,353858.61,1,CSV,9,equity,credit
owner withdrawal against equity reference 57182,141859.18,0,Manual,3,equity,credit
short term borrowing reference 72305,4471.56,1,Excel,1,liability,credit
loan repayment liability reference 52527,423572.09,0,Manual,2,liability,credit
retained earnings transfer reference 32050,375852.37,0,Manual,11,equity,debit
owner capital introduced reference 17683,56280.09,0,Manual,2,equity,credit
sales revenue from customer invoice reference 92730,327932.28,0,CSV,11,revenue,credit
security deposit paid reference 29892,45501.96,0,Bank,12,asset,debit
office supplies purchase reference 63615,393310.66,0,Manual,11,expense,debit
insurance expense reference 17150,169473.75,0,PDF,9,expense,debit
client payment for consulting services reference 84493,471600.58,0,Bank,5,revenue,credit
sales collection reference 49343,416422.76,0,Bank,4,revenue,credit
salary payable recorded reference 37728,381688.13,0,PDF,8,liability,credit
business loan received reference 75378,253764.81,0,CSV,10,liability,credit
equipment acquisition reference 30793,249236.37,0,Manual,11,asset,debit
shareholder contribution reference 52404,245960.03,0,Manual,1,equity,credit
vendor credit purchase reference 65929,215423.72,0,CSV,5,liability,credit
client payment for consulting services reference 67884,325088.8,0,Excel,5,revenue,credit
owner withdrawal against equity reference 65284,62916.09,0,Bank,12,equity,credit
service revenue received reference 86007,325492.22,0,PDF,9,revenue,credit
capital introduced by shareholder reference 79259,386310.94,0,Bank,1,equity,credit
office furniture purchase reference 70895,259089.98,0,Bank,12,asset,debit
sales revenue from customer invoice reference 40519,68095.16,0,Bank,3,revenue,debit
accounts payable recorded reference 43573,399654.67,0,Bank,11,liability,credit
retained earnings transfer reference 45956,318568.63,1,PDF,7,equity,credit
monthly office rent reference 15671,429363.65,1,Manual,9,expense,debit
vehicle purchase for business reference 45431,285647.84,0,Manual,7,asset,debit
software subscription expense reference 26452,256415.35,0,Bank,6,expense,debit
owner investment into business reference 64287,71326.15,1,Bank,1,equity,credit
client payment for consulting services reference 13379,354058.74,0,CSV,9,revenue,credit
salary payable recorded reference 66139,389405.81,0,Excel,12,liability,credit
owner capital introduced reference 60373,279991.16,0,Excel,9,equity,credit
gst payable recorded reference 67076,168779.43,0,Bank,7,liability,debit
capital introduced by shareholder reference 30917,23856.05,0,Bank,4,equity,credit
equipment acquisition reference 38397,197243.17,1,Bank,8,asset,debit
owner withdrawal against equity reference 78072,248354.21,0,CSV,9,equity,credit
tax payable recorded reference 95559,34944.77,0,Excel,8,liability,debit
equipment acquisition reference 59601,267250.07,0,Manual,9,asset,debit
sales collection reference 41232,228142.5,0,Manual,1,revenue,credit
salary payable recorded reference 45203,184828.17,0,Excel,7,liability,credit
shareholder contribution reference 62585,355423.45,0,PDF,2,equity,credit
subscription revenue reference 49316,104759.08,1,CSV,6,revenue,credit
vendor credit purchase reference 25160,267041.41,1,Manual,10,liability,credit
customer invoice settlement reference 90170,446776.6,0,Excel,4,revenue,credit
supplier payable created reference 17531,216339.44,0,CSV,2,liability,credit
business loan received reference 94259,309101.79,0,PDF,7,liability,credit
vehicle purchase for business reference 71090,106323.08,1,PDF,1,asset,debit
tax payable recorded reference 80870,293260.7,0,PDF,12,liability,credit
vendor credit purchase reference 96551,85242.23,1,Excel,10,liability,credit
share capital contribution reference 82462,106508.97,0,CSV,9,equity,credit
owner withdrawal against equity reference 62161,297295.77,0,Excel,1,equity,debit
business loan received reference 59916,311277.42,0,PDF,1,liability,debit
equipment acquisition reference 57636,318591.21,0,Manual,9,asset,debit
client payment for consulting services reference 29963,12602.56,0,CSV,2,revenue,credit
owner capital introduced reference 21043,480215.79,0,Manual,1,equity,credit
purchase of machinery reference 27348,5967.19,0,Manual,4,asset,debit
gst payable recorded reference 19769,321704.56,0,PDF,10,liability,credit
equipment acquisition reference 38911,449770.51,0,Excel,3,asset,debit
insurance expense reference 65638,378919.65,0,Manual,4,expense,debit
vehicle purchase for business reference 93612,416342.16,0,PDF,3,asset,debit
owner withdrawal against equity reference 30685,369504.38,1,Manual,11,equity,credit
business loan received reference 53393,148097.94,0,Excel,2,liability,credit
service revenue received reference 45753,306290.12,1,Manual,2,revenue,credit
capital introduced by shareholder reference 40109,453882.85,0,CSV,12,equity,credit
purchase of office laptop reference 86096,411650.2,0,PDF,10,asset,debit
professional fees reference 58592,168761.83,0,CSV,10,expense,debit
consulting income received reference 69458,494623.01,0,Excel,7,revenue,credit
office electricity bill reference 61308,456557.5,0,CSV,7,expense,debit
maintenance and repair expense reference 67132,290244.44,0,Excel,8,expense,debit
owner capital introduced reference 47758,241566.57,0,Bank,8,equity,credit
vehicle purchase for business reference 38444,239144.76,0,CSV,8,asset,debit
sales collection reference 17248,363641.95,0,Bank,2,revenue,credit
consulting income received reference 82391,233957.11,0,Manual,1,revenue,credit
insurance expense reference 50769,302856.45,0,CSV,4,expense,debit
product sales receipt reference 14177,454805.87,0,Manual,6,revenue,credit
marketing campaign expense reference 79790,317832.72,0,PDF,10,expense,debit
prepaid insurance reference 83972,389446.08,0,Bank,1,asset,credit
employee salary payment reference 95930,455493.47,1,CSV,5,expense,debit
employee salary payment reference 96153,356029.28,0,PDF,10,expense,debit
shareholder contribution reference 48456,161910.12,0,Excel,6,equity,credit
retained earnings transfer reference 58270,401093.25,1,PDF,3,equity,credit
product sales receipt reference 46652,332164.91,0,Manual,5,revenue,credit
purchase of computer equipment reference 53101,149587.66,0,PDF,8,asset,debit
additional equity contribution reference 30411,338482.83,1,Excel,11,equity,credit
office supplies purchase reference 22692,310049.06,1,Excel,10,expense,debit
tax payable recorded reference 57143,418417.19,0,PDF,8,liability,credit
insurance expense reference 14545,115055.64,0,Bank,6,expense,debit
short term borrowing reference 42344,308711.33,0,Manual,6,liability,credit
sales revenue from customer invoice reference 53000,303889.03,1,Bank,9,revenue,credit
capital introduced by shareholder reference 96086,13260.71,0,Excel,11,equity,credit
employee salary payment reference 34870,208647.28,0,Manual,7,expense,debit
professional fees reference 21450,220155.16,1,Excel,7,expense,debit
maintenance and repair expense reference 84247,102850.65,1,PDF,1,expense,debit
vendor credit purchase reference 62612,369920.5,0,PDF,11,liability,credit
client payment for consulting services reference 46194,89872.93,0,Manual,10,revenue,credit
capital introduced by shareholder reference 62062,392064.18,0,Bank,10,equity,credit
consulting income received reference 88082,379306.95,0,Excel,10,revenue,credit
loan repayment liability reference 23508,223052.52,1,PDF,8,liability,credit
software subscription expense reference 67409,360775.86,0,Excel,2,expense,debit
prepaid insurance reference 65257,48464.14,0,Manual,5,asset,debit
owner investment into business reference 54174,207385.11,0,PDF,10,equity,credit
equipment acquisition reference 36960,478495.29,0,CSV,12,asset,debit
owner capital introduced reference 30339,422184.89,0,PDF,7,equity,credit
consulting income received reference 82033,246058.99,0,Manual,5,revenue,credit
office furniture purchase reference 24303,13786.23,1,Bank,7,asset,debit
short term borrowing reference 36024,400679.63,0,CSV,9,liability,credit
office electricity bill reference 69490,73294.07,0,Manual,3,expense,debit
courier and postage expense reference 13159,84234.32,0,Bank,9,expense,debit
shareholder contribution reference 13186,103967.61,0,Excel,5,equity,credit
business loan received reference 35903,462677.87,0,Manual,4,liability,credit
monthly office rent reference 79163,396916.96,0,Bank,12,expense,debit
vendor credit purchase reference 99793,24802.26,0,Bank,6,liability,credit
owner capital introduced reference 98894,487228.22,0,Excel,3,equity,credit
purchase of computer equipment reference 66497,243286.73,1,PDF,7,asset,debit
additional equity contribution reference 45083,193047.14,1,CSV,10,equity,credit
purchase of machinery reference 14970,444035.74,0,CSV,8,asset,debit
retained earnings transfer reference 12392,44679.62,0,Excel,5,equity,credit
loan repayment liability reference 41696,71453.64,1,Excel,4,liability,credit
service revenue received reference 33268,423542.67,1,Manual,10,revenue,credit
vehicle purchase for business reference 76932,339107.0,0,Manual,4,asset,debit
salary payable recorded reference 22753,467128.09,0,Excel,2,liability,credit
owner capital introduced reference 66575,109959.98,0,Bank,1,equity,credit
retained earnings transfer reference 93529,58537.2,0,Excel,7,equity,credit
office electricity bill reference 54007,89402.4,0,PDF,3,expense,debit
subscription revenue reference 63485,104214.77,0,PDF,11,revenue,credit
employee salary payment reference 40707,25877.4,0,Bank,2,expense,debit
business loan received reference 12442,349736.84,1,CSV,6,liability,credit
share capital contribution reference 44939,127896.62,0,Manual,8,equity,credit
client payment for consulting services reference 40622,75341.5,1,Excel,7,revenue,credit
service revenue received reference 94465,364323.3,0,Bank,11,revenue,credit
accounts payable recorded reference 84927,4047.16,0,PDF,11,liability,credit
capital introduced by shareholder reference 77058,442813.46,0,Excel,8,equity,credit
loan repayment liability reference 10202,289270.84,0,Excel,1,liability,credit
monthly office rent reference 64021,151421.14,0,Bank,5,expense,debit
inventory purchase for stock reference 67734,420134.96,0,CSV,1,asset,debit
marketing campaign expense reference 51591,171165.69,0,Bank,4,expense,debit
professional fees reference 78324,120899.62,0,CSV,6,expense,debit
gst payable recorded reference 68865,417822.74,0,PDF,9,liability,credit
purchase of computer equipment reference 28094,470111.75,0,PDF,3,asset,debit
product sales receipt reference 87094,379380.51,0,PDF,6,revenue,credit
service revenue received reference 14912,160529.29,0,CSV,11,revenue,credit
service revenue received reference 35212,421496.27,0,PDF,12,revenue,credit
business travel expense reference 22026,430131.2,0,Manual,2,expense,debit
owner investment into business reference 85805,425145.24,0,PDF,6,equity,credit
retained earnings transfer reference 28762,19804.83,0,Bank,3,equity,credit
service revenue received reference 50021,221704.33,1,Excel,10,revenue,credit
equipment acquisition reference 93796,409050.78,0,PDF,1,asset,debit
equipment acquisition reference 78312,216986.05,1,CSV,2,asset,debit
owner investment into business reference 20562,290747.29,0,Manual,5,equity,debit
service revenue received reference 40522,33016.33,0,Manual,12,revenue,credit
service revenue received reference 89353,105275.45,1,Manual,11,revenue,credit
purchase of machinery reference 44953,287431.89,1,PDF,7,asset,debit
owner withdrawal against equity reference 82126,481802.36,1,Manual,5,equity,credit
prepaid insurance reference 67479,205423.06,0,PDF,6,asset,debit
vehicle purchase for business reference 49519,75306.32,0,PDF,12,asset,debit
share capital contribution reference 68755,263229.21,1,PDF,9,equity,credit
purchase of machinery reference 23656,60111.27,0,CSV,8,asset,debit
gst payable recorded reference 76296,267269.94,0,PDF,2,liability,credit
software subscription expense reference 21898,18025.5,0,Bank,11,expense,debit
additional equity contribution reference 43955,201108.52,0,PDF,4,equity,credit
business loan received reference 18989,183435.29,1,Bank,7,liability,credit
subscription revenue reference 63512,399068.09,0,PDF,11,revenue,credit
loan repayment liability reference 49182,85037.21,0,PDF,5,liability,credit
security deposit paid reference 16271,21436.15,0,CSV,3,asset,debit
courier and postage expense reference 24387,89682.83,0,CSV,10,expense,debit
accounts receivable created reference 66148,436798.63,0,Bank,4,asset,debit
purchase of machinery reference 12178,115819.49,0,Manual,2,asset,debit
prepaid insurance reference 84651,138268.68,0,PDF,5,asset,debit
capital introduced by shareholder reference 16223,410980.89,1,Manual,5,equity,credit
purchase of machinery reference 69846,371358.2,0,Excel,12,asset,debit
owner withdrawal against equity reference 49227,398179.9,0,Bank,7,equity,credit
tax payable recorded reference 26589,363406.35,0,Bank,10,liability,credit
security deposit paid reference 18801,316360.7,0,CSV,12,asset,debit
service revenue received reference 84991,14143.4,1,PDF,10,revenue,credit
shareholder contribution reference 30002,293084.7,0,Bank,7,equity,credit
share capital contribution reference 45596,195236.4,1,CSV,1,equity,credit
marketing campaign expense reference 54515,287315.58,0,Manual,8,expense,debit
capital introduced by shareholder reference 25420,95931.89,0,Manual,5,equity,credit
share capital contribution reference 24814,134538.59,1,PDF,3,equity,credit
vendor credit purchase reference 45508,281072.28,1,CSV,10,liability,credit
courier and postage expense reference 18320,121214.43,0,Excel,12,expense,debit
accounts payable recorded reference 74703,316072.49,0,Excel,5,liability,credit
employee salary payment reference 55015,493782.87,0,Manual,11,expense,debit
monthly office rent reference 64970,8827.7,1,Excel,2,expense,debit
accounts payable recorded reference 37691,91614.82,0,CSV,9,liability,debit
service revenue received reference 56017,237527.78,0,CSV,5,revenue,credit
client payment for consulting services reference 71750,458258.41,0,Bank,1,revenue,credit
supplier payable created reference 95812,200443.15,1,Manual,3,liability,credit
office electricity bill reference 20484,368831.77,0,CSV,10,expense,debit
loan repayment liability reference 74412,293684.27,1,Excel,5,liability,debit
share capital contribution reference 51059,182497.95,0,Manual,5,equity,credit
product sales receipt reference 99596,497177.11,0,Bank,11,revenue,credit
capital introduced by shareholder reference 53230,340805.2,0,PDF,4,equity,credit
security deposit paid reference 49034,445142.26,0,Excel,5,asset,debit
vehicle purchase for business reference 58031,127825.0,1,PDF,10,asset,debit
monthly office rent reference 54711,153704.84,0,Manual,3,expense,debit
owner withdrawal against equity reference 76311,103277.52,0,CSV,9,equity,credit
client payment for consulting services reference 35923,264642.84,0,CSV,12,revenue,credit
monthly office rent reference 82729,176621.31,1,Manual,1,expense,debit
office electricity bill reference 96938,454593.26,1,Excel,11,expense,debit
additional equity contribution reference 98131,120979.27,0,CSV,10,equity,credit
service revenue received reference 93760,306304.39,1,CSV,2,revenue,credit
subscription revenue reference 25330,205605.27,0,Manual,6,revenue,debit
business loan received reference 24255,163501.11,0,Manual,3,liability,credit
owner withdrawal against equity reference 35581,223688.65,0,Manual,12,equity,credit
business loan received reference 43853,233237.32,1,PDF,2,liability,credit
professional fees reference 60456,439268.13,0,Bank,4,expense,debit
loan repayment liability reference 98300,458110.68,1,Manual,11,liability,credit
owner withdrawal against equity reference 24931,316426.39,0,Manual,1,equity,debit
sales revenue from customer invoice reference 22376,102683.09,1,PDF,8,revenue,debit
purchase of office laptop reference 94978,322418.68,0,Manual,1,asset,debit
accounts payable recorded reference 17990,388981.37,0,PDF,3,liability,debit
product sales receipt reference 60280,141625.93,0,CSV,6,revenue,debit
sales revenue from customer invoice reference 18152,113351.51,0,PDF,12,revenue,credit
purchase of office laptop reference 11232,126583.53,0,Excel,6,asset,debit
gst payable recorded reference 88998,403928.68,0,CSV,9,liability,credit
accounts payable recorded reference 86474,199734.0,0,Excel,8,liability,credit
customer invoice settlement reference 90068,197806.12,0,Excel,2,revenue,debit
customer invoice settlement reference 87006,94210.84,0,Manual,11,revenue,credit
inventory purchase for stock reference 46583,174838.97,0,Manual,6,asset,debit
salary payable recorded reference 43707,227651.15,0,Excel,2,liability,credit
office electricity bill reference 90618,337741.64,0,PDF,7,expense,debit
owner withdrawal against equity reference 92050,83903.32,0,CSV,4,equity,debit
consulting income received reference 30265,396605.99,0,PDF,12,revenue,credit
business loan received reference 45905,270921.86,0,Manual,2,liability,credit
additional equity contribution reference 76751,93327.03,1,Excel,6,equity,credit
purchase of computer equipment reference 66591,253982.99,1,Manual,8,asset,debit
customer invoice settlement reference 90122,235242.99,0,Manual,12,revenue,credit
product sales receipt reference 13975,200931.85,0,Excel,12,revenue,credit
client payment for consulting services reference 89109,151726.05,0,CSV,9,revenue,credit
prepaid insurance reference 37270,68768.94,0,PDF,4,asset,debit
product sales receipt reference 43112,449081.88,0,Manual,9,revenue,credit
sales revenue from customer invoice reference 68673,433811.57,0,Excel,3,revenue,credit
sales collection reference 99777,244051.44,0,Excel,10,revenue,credit
loan repayment liability reference 97665,498812.52,0,Bank,10,liability,credit
courier and postage expense reference 48857,134174.9,1,Excel,1,expense,debit
business loan received reference 95988,88089.15,0,PDF,12,liability,credit
inventory purchase for stock reference 65250,300235.44,0,CSV,8,asset,debit
consulting income received reference 31849,271153.49,0,Manual,12,revenue,credit
customer invoice settlement reference 51517,111035.0,0,Manual,1,revenue,credit
share capital contribution reference 18301,417675.07,0,PDF,2,equity,credit
inventory purchase for stock reference 69299,76309.33,0,PDF,12,asset,debit
office furniture purchase reference 63464,82917.27,0,Bank,7,asset,debit
owner investment into business reference 58498,351306.02,0,Excel,11,equity,credit
courier and postage expense reference 32789,225291.96,0,PDF,6,expense,debit
security deposit paid reference 56977,303394.19,1,Bank,7,asset,debit
consulting income received reference 87424,160538.4,0,CSV,1,revenue,credit
vendor credit purchase reference 37308,456816.43,0,Excel,3,liability,credit
sales revenue from customer invoice reference 35149,171788.84,1,Excel,9,revenue,credit
tax payable recorded reference 76724,294861.47,0,CSV,9,liability,credit
professional fees reference 93225,107574.34,0,Bank,1,expense,debit
sales revenue from customer invoice reference 34899,253839.6,0,Excel,3,revenue,credit
service revenue received reference 55778,258730.51,1,Manual,8,revenue,credit
owner investment into business reference 88096,380675.18,0,Manual,2,equity,credit
loan repayment liability reference 98288,483424.43,1,Excel,4,liability,credit
office furniture purchase reference 75641,83826.29,1,Manual,1,asset,debit
professional fees reference 23149,212225.26,0,Excel,8,expense,debit
marketing campaign expense reference 38354,157004.68,0,Manual,2,expense,debit
purchase of office laptop reference 22126,199153.54,0,Bank,12,asset,debit
insurance expense reference 78388,356693.74,0,Excel,8,expense,debit
share capital contribution reference 20244,148162.83,0,PDF,9,equity,credit
purchase of machinery reference 57756,440320.58,0,Manual,12,asset,debit
owner capital introduced reference 10151,341573.6,1,PDF,5,equity,credit
product sales receipt reference 88863,68667.04,0,Manual,5,revenue,credit
business loan received reference 42739,102893.27,0,Manual,5,liability,credit
retained earnings transfer reference 32653,28846.61,0,PDF,11,equity,credit
loan repayment liability reference 84501,223460.66,0,Manual,12,liability,credit
sales revenue from customer invoice reference 26114,69129.53,1,Manual,8,revenue,credit
accounts payable recorded reference 11735,449835.8,0,Excel,6,liability,credit
office furniture purchase reference 63628,277871.11,0,CSV,7,asset,credit
marketing campaign expense reference 49140,392503.46,1,Excel,10,expense,debit
consulting income received reference 43432,211530.22,0,PDF,12,revenue,credit
software subscription expense reference 10192,450894.31,0,Manual,9,expense,debit
subscription revenue reference 30887,310205.76,0,PDF,1,revenue,credit
equipment acquisition reference 44007,412296.79,0,Excel,8,asset,debit
office furniture purchase reference 13794,266147.56,0,Manual,2,asset,debit
sales revenue from customer invoice reference 39217,261096.25,0,CSV,8,revenue,credit
prepaid insurance reference 49578,187607.24,0,CSV,12,asset,credit
supplier payable created reference 12829,56655.04,0,Manual,2,liability,credit
inventory purchase for stock reference 48639,480609.04,0,PDF,10,asset,debit
capital introduced by shareholder reference 35382,31349.62,0,CSV,8,equity,credit
service revenue received reference 27566,29443.7,0,PDF,5,revenue,credit
customer invoice settlement reference 89339,325431.44,0,Excel,11,revenue,credit
office furniture purchase reference 90826,243891.95,1,Excel,4,asset,credit
sales collection reference 60835,269154.28,1,Excel,8,revenue,credit
tax payable recorded reference 59826,119984.38,0,Bank,2,liability,credit
consulting income received reference 76200,482244.63,0,PDF,8,revenue,credit
business loan received reference 17353,410015.23,0,PDF,12,liability,credit
service revenue received reference 55494,318516.8,0,PDF,9,revenue,credit
sales revenue from customer invoice reference 98887,8607.11,0,Bank,11,revenue,credit
sales collection reference 73430,196860.08,1,Excel,6,revenue,credit
insurance expense reference 33880,138548.55,1,CSV,9,expense,debit
consulting income received reference 94392,291393.89,0,CSV,5,revenue,credit
inventory purchase for stock reference 68473,449293.67,1,Bank,5,asset,credit
owner withdrawal against equity reference 50847,236578.26,0,Manual,10,equity,credit
purchase of machinery reference 81758,55512.19,0,Bank,10,asset,debit
prepaid insurance reference 81417,156154.48,0,PDF,5,asset,debit
vendor credit purchase reference 35476,191759.95,0,CSV,4,liability,credit
shareholder contribution reference 76992,179445.24,1,Bank,5,equity,credit
salary payable recorded reference 61683,262405.43,1,CSV,1,liability,credit
owner investment into business reference 11807,199825.57,0,Manual,10,equity,credit
owner withdrawal against equity reference 68380,412299.64,0,PDF,10,equity,debit
customer invoice settlement reference 25461,450553.81,0,Excel,5,revenue,credit
internet and telecom bill reference 74457,312934.92,0,Manual,3,expense,debit
owner withdrawal against equity reference 19527,492392.92,0,Manual,2,equity,credit
service revenue received reference 18712,473686.24,0,CSV,10,revenue,debit
employee salary payment reference 90718,462461.81,1,CSV,7,expense,debit
purchase of computer equipment reference 90576,246012.07,0,Excel,2,asset,debit
equipment acquisition reference 46159,235467.07,0,Excel,9,asset,credit
courier and postage expense reference 41350,345110.21,0,Bank,7,expense,credit
vendor credit purchase reference 34200,304964.52,0,PDF,8,liability,credit
security deposit paid reference 46957,59847.82,0,CSV,9,asset,debit
share capital contribution reference 33734,493663.57,0,Manual,10,equity,credit
owner investment into business reference 10243,382463.73,0,Excel,7,equity,credit
share capital contribution reference 21205,41379.68,0,Bank,10,equity,credit
employee salary payment reference 79018,314423.86,1,Bank,1,expense,debit
additional equity contribution reference 95614,462886.93,0,PDF,4,equity,credit
employee salary payment reference 30455,9278.19,0,CSV,11,expense,debit
office supplies purchase reference 75197,34926.22,0,CSV,1,expense,debit
share capital contribution reference 16389,155175.57,0,Bank,3,equity,credit
share capital contribution reference 19165,353980.28,1,Bank,1,equity,credit
share capital contribution reference 87339,462347.07,1,Bank,7,equity,credit
gst payable recorded reference 81170,348850.8,0,PDF,10,liability,debit
customer invoice settlement reference 89716,174986.18,0,Bank,4,revenue,credit
courier and postage expense reference 81648,464090.07,0,Bank,2,expense,debit
professional fees reference 61022,476259.84,0,Excel,3,expense,debit
tax payable recorded reference 87354,89551.22,0,Excel,8,liability,credit
office supplies purchase reference 36785,347891.43,0,Manual,6,expense,debit
client payment for consulting services reference 21439,377704.52,0,PDF,10,revenue,credit
business loan received reference 66676,87204.21,0,Excel,5,liability,credit
purchase of machinery reference 92983,177271.39,0,Bank,4,asset,debit
office furniture purchase reference 98977,483913.69,0,Excel,5,asset,debit
subscription revenue reference 55259,458235.01,0,Bank,10,revenue,credit
sales revenue from customer invoice reference 67459,107617.53,0,CSV,3,revenue,credit
retained earnings transfer reference 62016,300341.63,0,CSV,5,equity,credit
owner capital introduced reference 40987,366963.59,0,Excel,11,equity,debit
tax payable recorded reference 11384,430354.55,0,Manual,11,liability,credit
salary payable recorded reference 18203,372474.76,0,PDF,12,liability,debit
business travel expense reference 84580,73793.49,0,Bank,3,expense,debit
loan repayment liability reference 25476,377249.22,0,PDF,5,liability,credit
client payment for consulting services reference 45645,21105.89,1,Excel,8,revenue,debit
employee salary payment reference 21548,156083.22,0,Manual,3,expense,debit
software subscription expense reference 60981,420481.97,1,Manual,3,expense,debit
sales revenue from customer invoice reference 43864,290548.5,0,Bank,11,revenue,credit
security deposit paid reference 45321,182096.34,0,CSV,7,asset,debit
additional equity contribution reference 87432,232953.42,1,Manual,8,equity,debit
consulting income received reference 38964,428650.72,1,PDF,2,revenue,debit
accounts receivable created reference 92851,389698.81,0,CSV,5,asset,debit
purchase of office laptop reference 47221,136000.33,0,Excel,8,asset,debit
service revenue received reference 29720,348504.66,0,Manual,3,revenue,credit
salary payable recorded reference 99571,270956.14,1,Excel,7,liability,credit
owner investment into business reference 13647,4177.9,0,Manual,6,equity,credit
consulting income received reference 81649,337497.26,1,Excel,11,revenue,credit
client payment for consulting services reference 51600,163785.73,0,PDF,4,revenue,credit
capital introduced by shareholder reference 25542,299068.82,0,Manual,8,equity,credit
owner withdrawal against equity reference 18661,233637.12,0,Excel,10,equity,credit
purchase of machinery reference 83115,404237.99,0,Manual,11,asset,debit
loan repayment liability reference 80132,183949.64,0,CSV,9,liability,debit
software subscription expense reference 42065,259596.53,0,Bank,1,expense,debit
purchase of office laptop reference 55701,27473.35,1,PDF,6,asset,debit
insurance expense reference 98725,383211.22,0,CSV,8,expense,debit
professional fees reference 88732,255479.6,1,PDF,3,expense,debit
purchase of computer equipment reference 39637,95631.61,0,Excel,3,asset,debit
purchase of computer equipment reference 66545,384592.27,1,Manual,10,asset,debit
retained earnings transfer reference 98811,273047.01,0,Excel,5,equity,credit
purchase of office laptop reference 43841,187228.62,1,Manual,5,asset,debit
office electricity bill reference 93627,241253.37,1,CSV,7,expense,debit
business travel expense reference 50089,471845.7,0,Excel,7,expense,debit
office supplies purchase reference 51662,207497.87,1,PDF,5,expense,debit
owner capital introduced reference 89503,233533.09,0,PDF,5,equity,credit
customer invoice settlement reference 17178,111230.4,0,Excel,3,revenue,debit
vendor credit purchase reference 58698,482111.05,0,Bank,9,liability,credit
tax payable recorded reference 57428,484548.47,0,Manual,12,liability,credit
shareholder contribution reference 45640,44019.42,0,Bank,11,equity,credit
customer invoice settlement reference 66297,285417.46,1,Excel,9,revenue,credit
purchase of office laptop reference 22737,474246.06,0,Manual,11,asset,debit
purchase of machinery reference 28775,442607.42,1,PDF,6,asset,debit
supplier payable created reference 50917,140296.02,1,CSV,7,liability,credit
service revenue received reference 25066,252988.35,0,PDF,11,revenue,credit
maintenance and repair expense reference 67503,171562.09,0,PDF,2,expense,debit
loan repayment liability reference 45518,176225.51,0,CSV,7,liability,credit
office furniture purchase reference 27604,172934.62,0,PDF,3,asset,debit
business travel expense reference 32345,147023.74,0,CSV,9,expense,debit
service revenue received reference 47802,64749.59,1,PDF,1,revenue,credit
service revenue received reference 60692,147630.76,1,Manual,8,revenue,credit
sales collection reference 48908,54738.98,1,CSV,11,revenue,credit
accounts receivable created reference 44361,323369.98,0,Excel,3,asset,debit
equipment acquisition reference 93064,179392.38,1,Excel,2,asset,debit
gst payable recorded reference 91628,180477.62,0,PDF,11,liability,credit
share capital contribution reference 75323,499160.4,0,Manual,12,equity,credit
sales collection reference 14380,15301.13,0,PDF,6,revenue,credit
prepaid insurance reference 88671,439511.0,0,Bank,4,asset,credit
professional fees reference 62215,112085.9,1,Excel,8,expense,debit
owner capital introduced reference 11587,431726.3,0,CSV,12,equity,credit
client payment for consulting services reference 52221,325580.73,1,CSV,12,revenue,credit
equipment acquisition reference 76008,364822.53,0,Manual,10,asset,debit
product sales receipt reference 20680,468557.19,0,CSV,3,revenue,credit
accounts payable recorded reference 98851,387590.77,0,Manual,6,liability,credit
purchase of office laptop reference 79899,284502.34,0,Excel,5,asset,debit
business loan received reference 89997,111767.67,0,CSV,1,liability,credit
customer invoice settlement reference 27991,4177.45,0,PDF,8,revenue,credit
monthly office rent reference 40509,311074.84,0,Manual,8,expense,debit
shareholder contribution reference 25962,415465.84,0,CSV,1,equity,credit
courier and postage expense reference 74725,354056.65,0,Manual,7,expense,debit
business travel expense reference 73383,126223.99,0,Manual,11,expense,debit
subscription revenue reference 72979,324791.96,0,Bank,2,revenue,credit
share capital contribution reference 20393,299708.16,0,CSV,10,equity,credit
office electricity bill reference 67273,320970.72,0,Bank,4,expense,debit
prepaid insurance reference 40307,247157.27,0,PDF,6,asset,debit
accounts receivable created reference 81812,205297.28,0,PDF,7,asset,credit
equipment acquisition reference 97609,166314.72,0,Manual,3,asset,debit
vehicle purchase for business reference 81379,61422.72,0,PDF,11,asset,debit
client payment for consulting services reference 79368,270468.11,1,PDF,4,revenue,credit
salary payable recorded reference 80200,314105.41,0,Bank,8,liability,credit
tax payable recorded reference 80270,372606.18,0,Manual,9,liability,debit
accounts receivable created reference 69327,292734.7,0,Bank,7,asset,credit
courier and postage expense reference 40500,344954.19,0,Bank,11,expense,debit
loan repayment liability reference 92916,344594.84,0,Excel,12,liability,credit
employee salary payment reference 69685,115893.42,0,Excel,7,expense,debit
subscription revenue reference 88825,360809.14,0,Excel,3,revenue,debit
loan repayment liability reference 61274,400187.68,0,Bank,8,liability,credit
consulting income received reference 56315,443397.71,0,CSV,3,revenue,credit
sales revenue from customer invoice reference 73768,273940.38,0,Excel,4,revenue,credit
shareholder contribution reference 57822,325561.75,0,Manual,3,equity,credit
owner investment into business reference 87710,106328.11,0,Bank,6,equity,credit
monthly office rent reference 40872,486682.7,0,CSV,3,expense,credit
capital introduced by shareholder reference 69104,450615.29,0,PDF,9,equity,credit
courier and postage expense reference 66478,97366.19,0,Bank,3,expense,debit
purchase of office laptop reference 92912,281250.78,0,Excel,1,asset,debit
professional fees reference 36246,121339.2,0,Bank,6,expense,debit
equipment acquisition reference 61788,420289.6,0,Manual,10,asset,debit
maintenance and repair expense reference 35160,131904.26,0,Bank,5,expense,debit
tax payable recorded reference 13697,449858.34,0,CSV,6,liability,credit
supplier payable created reference 68263,395622.18,0,CSV,11,liability,debit
security deposit paid reference 27220,9182.76,0,Excel,7,asset,debit
monthly office rent reference 39635,30279.28,0,Excel,7,expense,debit
inventory purchase for stock reference 98624,288715.17,0,Manual,11,asset,debit
insurance expense reference 49804,54768.53,1,Manual,5,expense,debit
loan repayment liability reference 10159,369256.41,1,Bank,12,liability,credit
short term borrowing reference 63610,298385.26,0,CSV,10,liability,credit
purchase of machinery reference 54971,262331.0,1,CSV,3,asset,debit
purchase of machinery reference 22974,127616.32,0,Manual,12,asset,debit
retained earnings transfer reference 96307,352763.49,0,CSV,12,equity,credit
office electricity bill reference 65104,123528.85,0,PDF,12,expense,debit
service revenue received reference 88965,138221.73,1,Manual,12,revenue,credit
marketing campaign expense reference 47505,269845.22,1,Excel,9,expense,debit
additional equity contribution reference 56941,96679.03,0,PDF,12,equity,credit
office supplies purchase reference 99498,400911.39,0,PDF,8,expense,debit
owner capital introduced reference 91197,108780.47,0,Manual,11,equity,credit
professional fees reference 28122,300432.22,0,Excel,5,expense,debit
vendor credit purchase reference 29828,430497.48,0,Excel,10,liability,debit
inventory purchase for stock reference 65352,227548.59,0,PDF,11,asset,debit
security deposit paid reference 11427,440268.09,0,CSV,12,asset,debit
professional fees reference 76752,266274.46,1,PDF,12,expense,debit
vehicle purchase for business reference 71571,212965.73,0,PDF,3,asset,debit
accounts payable recorded reference 55216,199726.85,1,Bank,9,liability,credit
accounts payable recorded reference 53636,450804.73,0,Excel,7,liability,debit
sales collection reference 47262,285469.32,1,PDF,8,revenue,credit
monthly office rent reference 92131,452905.43,0,PDF,8,expense,debit
business loan received reference 46069,274494.39,0,Manual,4,liability,credit
internet and telecom bill reference 46168,211463.76,0,CSV,4,expense,debit
employee salary payment reference 41279,51852.22,0,PDF,10,expense,debit
equipment acquisition reference 75180,72408.56,0,CSV,7,asset,debit
share capital contribution reference 20933,312734.41,0,Manual,2,equity,credit
monthly office rent reference 92559,15446.51,0,CSV,5,expense,debit
internet and telecom bill reference 77470,181315.77,0,CSV,11,expense,debit
purchase of computer equipment reference 55421,187548.57,1,CSV,3,asset,debit
employee salary payment reference 28050,414136.83,0,PDF,5,expense,debit
vendor credit purchase reference 21066,338284.85,0,Excel,3,liability,credit
salary payable recorded reference 27790,117295.25,0,Manual,2,liability,credit
owner capital introduced reference 75124,200954.48,0,Bank,9,equity,credit
security deposit paid reference 87109,497048.61,1,CSV,3,asset,debit
gst payable recorded reference 21504,423989.99,0,Excel,7,liability,credit
purchase of computer equipment reference 37184,231206.73,0,PDF,8,asset,debit
inventory purchase for stock reference 82760,82670.25,1,Manual,8,asset,debit
purchase of office laptop reference 77089,119427.78,1,Bank,6,asset,debit
consulting income received reference 32873,346641.12,0,CSV,10,revenue,debit
retained earnings transfer reference 83358,405215.85,0,Manual,10,equity,credit
owner withdrawal against equity reference 45443,357204.85,0,PDF,5,equity,credit
gst payable recorded reference 87764,18950.47,0,PDF,4,liability,credit
sales collection reference 32694,321723.84,0,Bank,12,revenue,credit
business loan received reference 33894,70357.04,0,PDF,6,liability,credit
sales collection reference 73804,474099.77,1,Excel,4,revenue,credit
insurance expense reference 92885,109623.21,0,Excel,3,expense,debit
additional equity contribution reference 73230,114068.37,0,Bank,1,equity,credit
consulting income received reference 16751,365025.49,0,Excel,6,revenue,credit
office furniture purchase reference 96169,283772.69,0,Bank,3,asset,debit
owner withdrawal against equity reference 19103,114472.28,1,Manual,8,equity,credit
accounts payable recorded reference 26904,389854.69,0,Manual,2,liability,credit
accounts receivable created reference 43890,215552.22,0,CSV,10,asset,debit
sales revenue from customer invoice reference 37423,214237.66,0,Excel,8,revenue,credit
customer invoice settlement reference 90522,158422.66,1,Bank,4,revenue,credit
retained earnings transfer reference 94104,479685.65,0,CSV,7,equity,credit
purchase of machinery reference 78893,398313.64,0,Excel,4,asset,debit
product sales receipt reference 89204,409561.95,0,PDF,2,revenue,credit
owner investment into business reference 83566,415936.76,0,Manual,11,equity,credit
office electricity bill reference 51191,373964.29,0,CSV,4,expense,debit
consulting income received reference 90956,419521.94,0,Excel,11,revenue,credit
retained earnings transfer reference 31345,158377.0,0,PDF,1,equity,credit
maintenance and repair expense reference 45812,488848.5,1,CSV,10,expense,debit
accounts receivable created reference 71460,46078.36,0,CSV,3,asset,debit
vendor credit purchase reference 64188,211696.1,0,Manual,2,liability,credit
share capital contribution reference 13489,336145.28,0,PDF,1,equity,credit
insurance expense reference 43906,400574.07,1,PDF,3,expense,debit
software subscription expense reference 37919,468331.49,0,PDF,9,expense,debit
prepaid insurance reference 40149,406813.65,0,Bank,8,asset,debit
prepaid insurance reference 69137,434114.39,0,Manual,3,asset,debit
shareholder contribution reference 48148,372579.84,0,Bank,6,equity,credit
shareholder contribution reference 41158,196576.77,0,Excel,1,equity,credit
employee salary payment reference 30794,303042.24,1,Bank,8,expense,debit
professional fees reference 14102,265808.24,0,Manual,1,expense,debit
courier and postage expense reference 26255,294117.69,1,Excel,3,expense,debit
retained earnings transfer reference 93195,468582.56,1,Excel,10,equity,credit
purchase of machinery reference 72969,7150.42,0,Excel,1,asset,debit
maintenance and repair expense reference 26936,389048.54,0,Manual,5,expense,debit
insurance expense reference 91249,341644.76,0,Manual,12,expense,debit
consulting income received reference 66724,181225.4,1,CSV,2,revenue,debit
courier and postage expense reference 58928,299360.31,0,Manual,9,expense,debit
accounts receivable created reference 91202,328866.34,0,Manual,2,asset,debit
retained earnings transfer reference 47302,91881.65,1,Manual,5,equity,credit
tax payable recorded reference 39360,75482.29,0,Manual,10,liability,credit
equipment acquisition reference 96230,146594.96,0,CSV,10,asset,debit
additional equity contribution reference 68668,213465.95,0,CSV,4,equity,credit
subscription revenue reference 33381,121124.06,0,CSV,5,revenue,credit
accounts payable recorded reference 41360,446742.52,0,PDF,1,liability,credit
professional fees reference 93097,86262.05,0,Excel,8,expense,debit
service revenue received reference 49400,5580.4,1,Bank,8,revenue,credit
sales revenue from customer invoice reference 13316,79244.46,0,PDF,7,revenue,credit
gst payable recorded reference 50775,440884.49,0,Manual,7,liability,credit
loan repayment liability reference 10767,91264.14,0,PDF,10,liability,credit
software subscription expense reference 27522,312957.41,0,Bank,2,expense,debit
subscription revenue reference 79503,275470.04,0,Manual,9,revenue,credit
sales revenue from customer invoice reference 34661,268968.62,0,Bank,10,revenue,credit
purchase of office laptop reference 72291,416404.45,0,Manual,9,asset,credit
accounts receivable created reference 90190,43981.57,0,CSV,11,asset,debit
loan repayment liability reference 54241,265108.22,1,Excel,6,liability,credit
share capital contribution reference 15072,334994.51,0,PDF,3,equity,credit
software subscription expense reference 43029,276519.1,0,CSV,7,expense,debit
business travel expense reference 64714,113271.37,0,Manual,9,expense,debit
client payment for consulting services reference 87713,120522.14,0,Manual,1,revenue,credit
shareholder contribution reference 44890,421959.01,0,Excel,8,equity,credit
tax payable recorded reference 23359,268195.68,0,Excel,2,liability,credit
business loan received reference 19405,178458.14,1,Excel,10,liability,credit
sales collection reference 95787,98112.08,0,PDF,10,revenue,credit
employee salary payment reference 69725,67486.74,0,Excel,4,expense,debit
office electricity bill reference 84516,175167.89,0,Bank,7,expense,debit
short term borrowing reference 12900,360776.24,0,Manual,1,liability,credit
additional equity contribution reference 57706,288959.2,0,Manual,2,equity,credit
sales collection reference 82021,457761.46,0,CSV,5,revenue,credit
prepaid insurance reference 98135,251348.3,1,Bank,3,asset,debit
owner capital introduced reference 68555,312074.24,0,Excel,3,equity,credit
capital introduced by shareholder reference 26578,141288.47,1,CSV,8,equity,credit
sales collection reference 84912,365267.75,0,Manual,12,revenue,credit
sales collection reference 23856,211688.77,0,Manual,12,revenue,debit
software subscription expense reference 26186,266353.39,0,CSV,7,expense,debit
consulting income received reference 27370,271098.42,1,PDF,9,revenue,debit
capital introduced by shareholder reference 65079,251202.94,0,Excel,11,equity,credit
tax payable recorded reference 58312,425794.86,0,Bank,1,liability,credit
purchase of office laptop reference 58133,179609.34,1,CSV,11,asset,debit
purchase of office laptop reference 37217,342784.9,0,CSV,11,asset,debit
business travel expense reference 98800,360321.67,0,PDF,6,expense,debit
salary payable recorded reference 35788,163136.86,0,Bank,3,liability,debit
retained earnings transfer reference 67841,302449.59,0,Manual,12,equity,credit
consulting income received reference 83779,111611.49,0,Manual,1,revenue,credit
share capital contribution reference 13579,161524.99,0,Excel,6,equity,credit
product sales receipt reference 16417,494916.62,1,Bank,2,revenue,credit
marketing campaign expense reference 90947,95981.42,1,Excel,1,expense,debit
additional equity contribution reference 45369,233889.18,1,Bank,2,equity,credit
tax payable recorded reference 10286,387468.57,0,Bank,2,liability,credit
gst payable recorded reference 96118,125264.57,1,CSV,10,liability,credit
product sales receipt reference 27306,110788.56,0,Manual,4,revenue,credit
courier and postage expense reference 27864,310255.37,0,Bank,7,expense,debit
additional equity contribution reference 56634,498800.57,0,CSV,3,equity,credit
business loan received reference 12954,128253.07,0,CSV,3,liability,credit
short term borrowing reference 56525,442290.61,0,CSV,12,liability,credit
professional fees reference 84275,430715.5,0,Manual,6,expense,debit
business loan received reference 76765,447490.89,1,Manual,2,liability,credit
office furniture purchase reference 89532,335481.96,0,PDF,8,asset,credit
owner capital introduced reference 78057,166584.38,0,PDF,2,equity,credit
sales collection reference 90840,195262.06,0,PDF,12,revenue,credit
customer invoice settlement reference 47100,379552.69,0,Excel,5,revenue,debit
software subscription expense reference 30074,201180.16,0,Excel,11,expense,debit
short term borrowing reference 56296,206307.75,0,CSV,1,liability,debit
accounts receivable created reference 37118,181706.39,0,Manual,5,asset,debit
share capital contribution reference 10302,423925.68,1,CSV,11,equity,debit
service revenue received reference 98299,88433.64,1,Excel,2,revenue,credit
loan repayment liability reference 22219,28762.4,0,CSV,9,liability,credit
owner investment into business reference 47782,13146.0,0,Manual,5,equity,credit
office furniture purchase reference 50146,439302.4,0,PDF,4,asset,debit
equipment acquisition reference 14907,401677.91,0,PDF,3,asset,debit
vehicle purchase for business reference 47078,176724.51,0,PDF,3,asset,debit
sales collection reference 68476,451462.74,0,Bank,10,revenue,credit
supplier payable created reference 28022,448520.07,0,Excel,10,liability,credit
maintenance and repair expense reference 59169,264610.98,0,PDF,10,expense,debit
internet and telecom bill reference 11701,182813.83,1,Manual,1,expense,debit
internet and telecom bill reference 21093,214883.83,0,Manual,5,expense,debit
sales collection reference 62771,224922.88,0,Excel,10,revenue,debit
short term borrowing reference 43418,479678.7,0,CSV,9,liability,credit
shareholder contribution reference 22133,73513.16,0,PDF,11,equity,debit
owner capital introduced reference 24782,277651.88,0,Manual,2,equity,credit
purchase of machinery reference 65758,365965.75,1,Excel,11,asset,debit
sales revenue from customer invoice reference 77048,382451.28,0,Bank,6,revenue,credit
monthly office rent reference 34270,290111.5,0,Bank,1,expense,debit
accounts payable recorded reference 94640,128423.11,0,CSV,8,liability,debit
retained earnings transfer reference 46248,452069.91,0,Bank,10,equity,credit
consulting income received reference 74478,313028.55,0,Manual,1,revenue,credit
employee salary payment reference 21409,70265.43,0,Bank,2,expense,debit
inventory purchase for stock reference 39611,163133.62,0,Manual,3,asset,credit
office supplies purchase reference 29413,148570.59,0,CSV,7,expense,debit
tax payable recorded reference 82162,418858.6,0,Bank,5,liability,credit
customer invoice settlement reference 78848,368763.63,1,Bank,8,revenue,credit
consulting income received reference 79354,158901.77,0,Manual,6,revenue,credit
business loan received reference 60962,244923.32,1,CSV,10,liability,credit
vendor credit purchase reference 26374,278471.88,0,Excel,6,liability,credit
inventory purchase for stock reference 65315,426175.94,0,Excel,9,asset,debit
insurance expense reference 54278,243889.52,0,PDF,5,expense,debit
service revenue received reference 57160,380584.81,0,Manual,1,revenue,credit
supplier payable created reference 18156,129086.63,0,Manual,6,liability,credit
internet and telecom bill reference 61203,257497.74,0,CSV,5,expense,debit
vehicle purchase for business reference 39798,205082.7,1,Excel,9,asset,debit
office electricity bill reference 52496,100393.99,0,Excel,12,expense,debit
retained earnings transfer reference 54083,386136.31,1,CSV,9,equity,credit
internet and telecom bill reference 34339,274755.12,0,CSV,2,expense,debit
subscription revenue reference 16624,488283.24,1,CSV,9,revenue,credit
subscription revenue reference 96324,443896.75,0,Excel,10,revenue,credit
office electricity bill reference 95152,358864.63,0,CSV,9,expense,debit
owner withdrawal against equity reference 48674,21582.66,0,Bank,5,equity,credit
supplier payable created reference 74248,263913.59,0,Bank,7,liability,credit
purchase of machinery reference 71756,307897.59,0,Excel,12,asset,debit
accounts payable recorded reference 67289,27407.79,1,Bank,1,liability,credit
purchase of machinery reference 39030,348124.52,0,PDF,1,asset,debit
purchase of machinery reference 78714,178519.83,0,CSV,4,asset,debit
capital introduced by shareholder reference 85753,494072.89,0,Bank,2,equity,credit
courier and postage expense reference 74334,381773.9,0,Manual,11,expense,credit
loan repayment liability reference 60255,140629.74,0,CSV,12,liability,credit
consulting income received reference 97745,127881.22,0,Manual,10,revenue,credit
marketing campaign expense reference 46062,335799.82,0,Excel,11,expense,debit
service revenue received reference 77145,442909.73,1,Excel,7,revenue,credit
employee salary payment reference 54937,126744.13,0,Manual,6,expense,debit
employee salary payment reference 62046,344930.02,0,CSV,5,expense,debit
monthly office rent reference 17068,172834.21,0,Manual,2,expense,debit
short term borrowing reference 56409,295760.88,0,CSV,10,liability,credit
gst payable recorded reference 23678,11162.41,0,Bank,11,liability,credit
office electricity bill reference 61294,495472.01,0,CSV,9,expense,debit
sales collection reference 46209,272112.53,1,Manual,3,revenue,credit
inventory purchase for stock reference 42444,334504.3,0,CSV,8,asset,credit
capital introduced by shareholder reference 55004,44743.33,1,Bank,12,equity,credit
employee salary payment reference 60794,28555.61,0,Bank,10,expense,debit
gst payable recorded reference 25900,264435.59,0,CSV,3,liability,credit
courier and postage expense reference 96935,455755.49,1,Manual,8,expense,debit
office electricity bill reference 41360,1158.03,1,Manual,10,expense,debit
office furniture purchase reference 61311,355044.13,0,PDF,9,asset,debit
client payment for consulting services reference 45122,214193.0,0,Bank,9,revenue,credit
business loan received reference 96464,404327.94,0,Bank,5,liability,credit
subscription revenue reference 28944,307824.41,1,PDF,7,revenue,credit
subscription revenue reference 17635,191636.42,0,CSV,12,revenue,credit
capital introduced by shareholder reference 16093,351872.84,0,Bank,1,equity,credit
loan repayment liability reference 48423,392040.8,1,Excel,3,liability,credit
service revenue received reference 34602,15190.1,0,PDF,9,revenue,credit
share capital contribution reference 24466,184525.04,1,CSV,1,equity,credit
vendor credit purchase reference 92435,126338.83,0,Manual,8,liability,credit
monthly office rent reference 17247,172263.28,0,Bank,10,expense,debit
purchase of office laptop reference 81926,467487.7,0,Bank,10,asset,debit
client payment for consulting services reference 89990,272277.0,0,Excel,3,revenue,credit
sales collection reference 43774,484980.98,1,PDF,4,revenue,credit
professional fees reference 34956,354406.85,0,Bank,4,expense,debit
gst payable recorded reference 16923,174160.82,0,PDF,2,liability,debit
gst payable recorded reference 35540,464020.59,0,CSV,2,liability,debit
share capital contribution reference 47004,476682.17,1,Excel,1,equity,credit
business loan received reference 27478,345061.34,0,PDF,12,liability,credit
loan repayment liability reference 26927,414288.51,0,PDF,5,liability,credit
gst payable recorded reference 57744,347321.18,0,PDF,1,liability,credit
vendor credit purchase reference 31073,95037.62,0,Excel,8,liability,credit
monthly office rent reference 82812,219922.72,0,Manual,3,expense,credit
purchase of computer equipment reference 59893,208271.64,0,Excel,10,asset,debit
tax payable recorded reference 32455,225075.24,0,CSV,5,liability,credit
inventory purchase for stock reference 95341,248051.81,0,Excel,1,asset,debit
sales revenue from customer invoice reference 81918,249390.44,0,Excel,8,revenue,credit
accounts payable recorded reference 43888,276659.92,0,Bank,5,liability,credit
shareholder contribution reference 17613,364399.32,0,Manual,2,equity,credit
owner capital introduced reference 17664,276663.42,0,Manual,9,equity,credit
owner capital introduced reference 86285,216737.34,1,PDF,12,equity,credit
subscription revenue reference 73995,252214.52,0,Manual,3,revenue,debit
owner capital introduced reference 77743,293097.49,0,PDF,8,equity,credit
consulting income received reference 20208,243028.43,0,CSV,6,revenue,credit
owner capital introduced reference 93724,76443.91,0,Manual,11,equity,credit
accounts payable recorded reference 93725,301690.07,0,Bank,10,liability,credit
vehicle purchase for business reference 52889,349856.04,0,Bank,11,asset,debit
subscription revenue reference 44831,410142.32,0,PDF,9,revenue,credit
business travel expense reference 90141,360413.67,1,Manual,5,expense,credit
inventory purchase for stock reference 48592,68691.91,0,CSV,3,asset,debit
equipment acquisition reference 31531,439672.49,0,Excel,9,asset,debit
additional equity contribution reference 82891,105182.92,1,Excel,1,equity,credit
owner withdrawal against equity reference 99607,126490.92,0,Excel,1,equity,credit
vendor credit purchase reference 78337,431219.46,0,Bank,2,liability,debit
customer invoice settlement reference 95762,305225.21,0,CSV,8,revenue,credit
share capital contribution reference 68781,73859.63,0,Manual,3,equity,credit
accounts payable recorded reference 59258,407315.76,0,Excel,11,liability,credit
customer invoice settlement reference 30296,211133.43,0,PDF,2,revenue,credit
customer invoice settlement reference 29176,2650.73,0,CSV,12,revenue,credit
purchase of office laptop reference 12322,132923.7,1,Manual,5,asset,debit
purchase of computer equipment reference 57467,32319.83,1,Bank,10,asset,debit
office electricity bill reference 43595,440843.72,0,Manual,12,expense,debit
subscription revenue reference 37521,309648.73,0,PDF,2,revenue,credit
owner capital introduced reference 14086,439450.59,0,Manual,11,equity,credit
professional fees reference 22007,182776.33,0,CSV,6,expense,debit
security deposit paid reference 12467,447760.8,0,CSV,2,asset,debit
loan repayment liability reference 76182,495806.21,0,CSV,11,liability,credit
sales revenue from customer invoice reference 87471,411650.74,0,Excel,10,revenue,credit
prepaid insurance reference 95811,33981.02,0,PDF,11,asset,debit
equipment acquisition reference 17165,189849.66,0,Bank,1,asset,debit
accounts payable recorded reference 90774,192505.45,0,Bank,5,liability,credit
office electricity bill reference 62140,212527.33,0,Excel,4,expense,debit
software subscription expense reference 88572,305000.88,1,CSV,1,expense,debit
vendor credit purchase reference 52175,413933.37,0,CSV,12,liability,credit
business loan received reference 91904,361081.06,0,Manual,6,liability,credit
purchase of machinery reference 69590,408525.59,0,Excel,6,asset,debit
owner capital introduced reference 47523,127673.06,0,Bank,11,equity,credit
service revenue received reference 43154,133912.09,0,PDF,2,revenue,credit
insurance expense reference 36510,451858.91,0,CSV,10,expense,debit
courier and postage expense reference 75249,304099.23,0,CSV,1,expense,credit
owner capital introduced reference 49426,288363.81,0,PDF,11,equity,credit
service revenue received reference 43356,102242.83,1,Manual,2,revenue,debit
accounts payable recorded reference 46082,425408.27,0,Manual,6,liability,debit
service revenue received reference 72239,476124.26,0,PDF,6,revenue,credit
additional equity contribution reference 20048,160899.86,0,Bank,7,equity,credit
sales revenue from customer invoice reference 55524,265983.92,0,Manual,6,revenue,credit
inventory purchase for stock reference 24021,476564.86,0,Excel,3,asset,debit
internet and telecom bill reference 44535,388630.7,0,Excel,1,expense,debit
gst payable recorded reference 40572,25989.07,0,Bank,3,liability,credit
share capital contribution reference 15023,233527.04,0,Manual,11,equity,credit
salary payable recorded reference 14876,267006.22,0,Bank,4,liability,credit
subscription revenue reference 59757,99284.68,0,CSV,11,revenue,credit
sales collection reference 37269,111421.01,1,PDF,5,revenue,credit
marketing campaign expense reference 10166,370672.33,1,CSV,8,expense,debit
sales collection reference 35632,393884.01,0,CSV,12,revenue,debit
equipment acquisition reference 90779,205876.92,0,PDF,12,asset,debit
monthly office rent reference 68652,230589.35,0,Manual,6,expense,debit
professional fees reference 41790,493036.99,0,Excel,3,expense,debit
business loan received reference 44147,313905.24,0,PDF,3,liability,credit
owner capital introduced reference 67114,32575.65,0,Excel,4,equity,debit
accounts payable recorded reference 24329,186412.04,1,Manual,12,liability,credit
vendor credit purchase reference 99917,299615.73,0,Excel,5,liability,credit
insurance expense reference 85853,293778.6,0,Bank,7,expense,debit
inventory purchase for stock reference 83028,121251.81,0,Excel,10,asset,debit
owner investment into business reference 87684,278304.56,0,CSV,8,equity,credit
capital introduced by shareholder reference 93107,189958.84,1,CSV,3,equity,credit
security deposit paid reference 56059,223609.87,0,Bank,5,asset,debit
service revenue received reference 69827,331270.22,0,PDF,6,revenue,credit
purchase of machinery reference 57468,60221.76,0,Manual,8,asset,debit
consulting income received reference 21468,390654.68,0,Bank,1,revenue,credit
supplier payable created reference 67823,200700.75,0,Excel,5,liability,credit
security deposit paid reference 51153,180495.8,0,PDF,5,asset,debit
office electricity bill reference 96509,245785.86,1,Bank,4,expense,debit
salary payable recorded reference 72264,7757.4,0,Excel,8,liability,credit
marketing campaign expense reference 22091,372215.28,0,Excel,1,expense,credit
consulting income received reference 78771,154242.11,0,Excel,5,revenue,credit
vehicle purchase for business reference 55858,487882.69,0,PDF,4,asset,debit
accounts payable recorded reference 39405,171527.59,1,Bank,11,liability,credit
short term borrowing reference 79170,246561.86,0,Excel,4,liability,credit
vendor credit purchase reference 76980,468070.92,0,Manual,7,liability,credit
additional equity contribution reference 44477,18246.42,1,Excel,7,equity,credit
owner withdrawal against equity reference 87118,433219.95,0,PDF,4,equity,debit
business loan received reference 66265,419759.74,0,Manual,3,liability,credit
owner capital introduced reference 86829,74835.46,0,Excel,8,equity,credit
owner capital introduced reference 48133,152652.36,0,Manual,10,equity,credit
internet and telecom bill reference 92395,342053.47,0,Excel,11,expense,debit
short term borrowing reference 72295,486702.85,0,Bank,1,liability,credit
professional fees reference 77380,474585.07,0,Bank,11,expense,debit
security deposit paid reference 80274,237061.38,0,Manual,8,asset,debit
loan repayment liability reference 99625,39710.79,1,Manual,10,liability,credit
vendor credit purchase reference 63518,34773.89,1,CSV,6,liability,credit
customer invoice settlement reference 81941,480962.11,0,Excel,9,revenue,credit
product sales receipt reference 87730,276822.72,0,Bank,7,revenue,credit
sales revenue from customer invoice reference 25929,328108.49,0,PDF,1,revenue,credit
owner investment into business reference 57651,187572.3,1,Manual,2,equity,credit
professional fees reference 88265,401236.15,0,Manual,11,expense,debit
owner capital introduced reference 14883,231509.37,0,PDF,2,equity,credit
gst payable recorded reference 53687,424320.02,0,Manual,2,liability,credit
share capital contribution reference 26020,247695.42,0,PDF,10,equity,credit
marketing campaign expense reference 12316,272245.58,0,Manual,7,expense,debit
internet and telecom bill reference 60180,132028.4,0,CSV,12,expense,credit
security deposit paid reference 64557,211113.11,1,Bank,7,asset,debit
vehicle purchase for business reference 13382,449463.68,0,Bank,9,asset,credit
internet and telecom bill reference 58206,29379.14,1,Excel,10,expense,debit
gst payable recorded reference 29700,407348.11,1,CSV,8,liability,credit
supplier payable created reference 28079,25965.03,0,CSV,3,liability,debit
marketing campaign expense reference 84640,460879.25,0,Excel,8,expense,debit
sales collection reference 72129,287846.2,0,PDF,8,revenue,credit
owner investment into business reference 98579,272487.88,0,PDF,1,equity,credit
courier and postage expense reference 85418,272584.1,0,PDF,5,expense,debit
professional fees reference 33297,203836.6,0,CSV,5,expense,debit
vehicle purchase for business reference 52420,240384.99,1,Bank,6,asset,debit
owner investment into business reference 51032,145662.6,0,Bank,4,equity,credit
sales collection reference 12026,57669.12,0,Bank,6,revenue,credit
owner investment into business reference 21175,260979.25,0,Bank,5,equity,credit
owner investment into business reference 82834,110045.95,1,PDF,10,equity,credit
client payment for consulting services reference 18856,305639.44,0,PDF,6,revenue,credit
internet and telecom bill reference 31909,13348.11,0,Manual,5,expense,debit
owner withdrawal against equity reference 47998,208860.15,0,Excel,5,equity,credit
office electricity bill reference 43023,372503.28,1,PDF,8,expense,debit
employee salary payment reference 25545,399993.86,0,PDF,6,expense,debit
customer invoice settlement reference 57863,157633.49,0,Bank,10,revenue,credit
sales revenue from customer invoice reference 30526,94795.06,0,CSV,12,revenue,credit
capital introduced by shareholder reference 99622,232452.59,0,CSV,10,equity,credit
office supplies purchase reference 38574,424865.91,0,PDF,8,expense,debit
supplier payable created reference 43292,364103.03,0,PDF,3,liability,credit
maintenance and repair expense reference 49247,492210.03,0,Excel,3,expense,debit
inventory purchase for stock reference 38663,125784.02,0,Manual,4,asset,debit
retained earnings transfer reference 80453,216010.17,0,PDF,9,equity,credit
purchase of computer equipment reference 85145,448479.39,0,PDF,3,asset,debit
accounts receivable created reference 97399,38376.62,1,Bank,12,asset,debit
loan repayment liability reference 51871,282650.42,0,Manual,2,liability,credit
customer invoice settlement reference 54597,308864.88,1,Manual,3,revenue,credit
purchase of computer equipment reference 13533,315683.04,1,Bank,10,asset,debit
shareholder contribution reference 58412,182410.17,1,Excel,8,equity,debit
shareholder contribution reference 17504,293650.5,0,CSV,6,equity,credit
customer invoice settlement reference 14075,270189.45,0,PDF,10,revenue,credit
owner investment into business reference 91365,445396.7,1,Manual,10,equity,credit
office supplies purchase reference 92921,476401.34,0,CSV,7,expense,debit
client payment for consulting services reference 24560,399856.55,0,Bank,1,revenue,credit
short term borrowing reference 43774,38183.38,1,Bank,12,liability,credit
subscription revenue reference 72348,13007.58,0,CSV,6,revenue,credit
monthly office rent reference 92586,415562.44,1,PDF,4,expense,debit
additional equity contribution reference 36233,347788.15,0,Excel,1,equity,credit
consulting income received reference 84388,37311.07,1,Manual,2,revenue,credit
gst payable recorded reference 68810,248637.49,1,Manual,3,liability,credit
loan repayment liability reference 96736,366214.67,1,PDF,9,liability,credit
vendor credit purchase reference 77590,177392.96,1,Bank,2,liability,credit
maintenance and repair expense reference 80482,413717.28,0,Bank,9,expense,debit
capital introduced by shareholder reference 86329,238264.11,0,Bank,1,equity,credit
maintenance and repair expense reference 94220,415617.69,0,CSV,3,expense,debit
share capital contribution reference 28233,255887.25,0,Excel,1,equity,credit
tax payable recorded reference 11673,319914.71,0,Manual,4,liability,credit
office electricity bill reference 37359,190827.26,0,CSV,8,expense,debit
share capital contribution reference 62161,40158.26,1,Excel,3,equity,credit
supplier payable created reference 81253,280499.71,0,Bank,6,liability,debit
marketing campaign expense reference 74629,223277.25,0,Excel,9,expense,debit
capital introduced by shareholder reference 69496,387411.8,0,Bank,9,equity,credit
accounts payable recorded reference 42307,409726.42,0,CSV,12,liability,debit
subscription revenue reference 36104,485802.27,0,PDF,9,revenue,credit
purchase of computer equipment reference 74831,93852.72,0,Manual,12,asset,debit
vendor credit purchase reference 38846,21952.37,0,Manual,3,liability,credit
consulting income received reference 64756,340964.62,1,Bank,9,revenue,credit
client payment for consulting services reference 44699,23879.07,0,Excel,12,revenue,debit
vehicle purchase for business reference 20603,66433.23,0,Excel,4,asset,debit
share capital contribution reference 44767,219283.26,0,PDF,11,equity,credit
software subscription expense reference 28398,97627.7,0,Bank,2,expense,debit
inventory purchase for stock reference 58804,183876.65,0,Bank,8,asset,debit
shareholder contribution reference 52528,347257.23,1,CSV,1,equity,credit
accounts receivable created reference 22342,378741.36,0,PDF,9,asset,debit
consulting income received reference 24176,153586.95,1,Manual,4,revenue,credit
accounts payable recorded reference 16130,110325.28,1,Bank,9,liability,credit
accounts receivable created reference 42351,152283.72,0,PDF,8,asset,debit
subscription revenue reference 38098,484744.56,0,Bank,5,revenue,credit
purchase of office laptop reference 32273,62066.43,1,Bank,6,asset,debit
owner capital introduced reference 38624,127224.18,0,PDF,7,equity,credit
owner capital introduced reference 17310,463576.28,1,Manual,10,equity,credit
security deposit paid reference 66482,366684.12,1,Excel,4,asset,debit
additional equity contribution reference 10255,419530.72,1,Bank,12,equity,credit
maintenance and repair expense reference 97334,473863.24,0,Bank,6,expense,credit
consulting income received reference 89964,127646.33,0,Excel,1,revenue,debit
purchase of computer equipment reference 57520,217985.72,0,Bank,3,asset,debit
customer invoice settlement reference 56237,37809.21,0,Excel,9,revenue,credit
vehicle purchase for business reference 39816,474682.01,0,CSV,4,asset,debit
salary payable recorded reference 18057,253292.63,0,CSV,5,liability,credit
consulting income received reference 10232,248712.31,0,Excel,7,revenue,credit
prepaid insurance reference 80927,407548.45,0,PDF,5,asset,debit
office electricity bill reference 52848,448825.45,1,Bank,5,expense,debit
business travel expense reference 21056,100825.05,0,PDF,3,expense,debit
sales revenue from customer invoice reference 85010,26454.95,0,PDF,2,revenue,credit
office supplies purchase reference 65207,452203.2,0,Excel,5,expense,debit
purchase of machinery reference 82688,16879.89,0,CSV,6,asset,debit
loan repayment liability reference 93415,97345.76,0,CSV,11,liability,credit
gst payable recorded reference 48200,252899.62,1,Bank,5,liability,credit
equipment acquisition reference 79186,377297.99,0,PDF,1,asset,debit
office furniture purchase reference 87517,333334.03,1,Manual,7,asset,debit
business loan received reference 90182,381756.03,0,Bank,7,liability,credit
sales revenue from customer invoice reference 26983,450784.46,0,PDF,5,revenue,debit
purchase of computer equipment reference 74843,234995.5,1,Excel,7,asset,debit
purchase of computer equipment reference 97037,405264.3,1,Manual,2,asset,debit
business loan received reference 59325,146097.68,1,PDF,5,liability,credit
sales revenue from customer invoice reference 35806,433204.75,0,PDF,7,revenue,credit
business travel expense reference 77844,366205.92,0,Bank,12,expense,debit
software subscription expense reference 74487,188829.1,0,CSV,2,expense,debit
short term borrowing reference 36281,258322.83,0,Excel,4,liability,credit
capital introduced by shareholder reference 23340,230196.9,0,PDF,1,equity,credit
courier and postage expense reference 64902,277883.69,0,Bank,5,expense,debit
purchase of office laptop reference 53744,346448.2,0,Manual,9,asset,debit
maintenance and repair expense reference 95604,197924.93,0,Manual,7,expense,debit
business travel expense reference 85748,99908.05,0,CSV,8,expense,debit
monthly office rent reference 88744,335309.47,1,Excel,5,expense,debit
accounts payable recorded reference 37999,124671.83,0,CSV,2,liability,credit
purchase of office laptop reference 99332,309340.26,0,Bank,2,asset,credit
prepaid insurance reference 28204,12494.37,0,CSV,12,asset,debit
sales collection reference 19159,469890.26,1,Manual,6,revenue,credit
inventory purchase for stock reference 38171,331720.78,1,Bank,7,asset,debit
accounts receivable created reference 99290,158607.02,0,Manual,8,asset,debit
office furniture purchase reference 15739,150828.59,1,CSV,11,asset,debit
owner investment into business reference 40896,106404.47,0,Excel,6,equity,credit
insurance expense reference 23776,152624.88,0,CSV,10,expense,debit
internet and telecom bill reference 38368,177468.73,0,Bank,2,expense,debit
retained earnings transfer reference 26582,130880.66,0,CSV,7,equity,debit
inventory purchase for stock reference 89936,10482.96,0,Excel,1,asset,debit
vendor credit purchase reference 88380,56425.47,0,Excel,8,liability,credit
retained earnings transfer reference 36505,411635.81,0,PDF,3,equity,credit
purchase of machinery reference 53798,25809.75,0,Bank,10,asset,debit
retained earnings transfer reference 44642,67106.79,0,Manual,5,equity,credit
capital introduced by shareholder reference 49874,96266.54,1,Bank,5,equity,credit
prepaid insurance reference 92095,329768.64,0,Bank,8,asset,debit
consulting income received reference 48865,272744.86,0,PDF,3,revenue,credit
capital introduced by shareholder reference 65691,190240.8,1,Bank,4,equity,credit
marketing campaign expense reference 38911,137272.68,0,PDF,1,expense,debit
monthly office rent reference 96786,213642.47,0,PDF,10,expense,debit
professional fees reference 13146,89558.34,0,CSV,6,expense,credit
accounts payable recorded reference 76233,50358.2,0,Excel,11,liability,credit
office supplies purchase reference 96782,233508.79,0,Bank,12,expense,debit
owner withdrawal against equity reference 17207,24070.81,0,CSV,10,equity,credit
gst payable recorded reference 11525,440199.23,1,Bank,5,liability,credit
inventory purchase for stock reference 34392,433649.81,0,PDF,6,asset,debit
retained earnings transfer reference 21472,282171.83,1,Excel,12,equity,credit
subscription revenue reference 38464,103027.3,0,PDF,7,revenue,credit
office electricity bill reference 36946,152382.37,0,Excel,10,expense,debit
inventory purchase for stock reference 25524,479313.33,0,PDF,9,asset,debit
office supplies purchase reference 53849,55087.16,0,Excel,7,expense,debit
maintenance and repair expense reference 38350,138050.7,1,CSV,7,expense,debit
subscription revenue reference 52831,310650.41,0,Excel,6,revenue,credit
short term borrowing reference 26758,30174.39,0,CSV,10,liability,debit
office furniture purchase reference 59979,388242.35,0,PDF,10,asset,debit
vehicle purchase for business reference 99828,80376.68,1,Bank,9,asset,debit
consulting income received reference 78704,32644.96,1,PDF,11,revenue,credit
purchase of office laptop reference 16087,293182.69,1,Excel,5,asset,debit
prepaid insurance reference 18682,258009.25,0,CSV,7,asset,debit
subscription revenue reference 99549,39832.27,0,Bank,3,revenue,credit
office supplies purchase reference 68141,236801.41,0,Bank,7,expense,debit
equipment acquisition reference 95217,437800.46,1,Bank,5,asset,debit
office supplies purchase reference 72932,274708.35,0,Manual,11,expense,debit
tax payable recorded reference 65715,279287.5,0,Excel,12,liability,credit
equipment acquisition reference 31702,346507.59,0,Bank,3,asset,debit
accounts receivable created reference 82900,282143.91,0,Excel,1,asset,debit
supplier payable created reference 35859,427110.78,0,CSV,8,liability,credit
employee salary payment reference 23844,380051.66,0,CSV,12,expense,debit
office supplies purchase reference 91135,59423.51,1,Manual,10,expense,debit
tax payable recorded reference 52093,195143.53,0,Manual,11,liability,debit
vendor credit purchase reference 92888,349149.1,0,PDF,12,liability,credit
consulting income received reference 45143,264722.13,1,Bank,5,revenue,credit
loan repayment liability reference 70881,27853.26,0,Manual,6,liability,credit
supplier payable created reference 59839,10350.0,0,PDF,10,liability,debit
office electricity bill reference 58245,359585.35,0,Excel,9,expense,debit
security deposit paid reference 17301,226189.77,1,CSV,5,asset,debit
additional equity contribution reference 37602,108227.96,0,Bank,12,equity,credit
owner capital introduced reference 91197,25035.41,0,Manual,11,equity,credit
internet and telecom bill reference 54429,225306.93,1,Manual,7,expense,debit
vendor credit purchase reference 66653,266639.23,0,PDF,9,liability,credit
monthly office rent reference 16362,96754.14,0,PDF,9,expense,credit
client payment for consulting services reference 91771,350003.71,0,PDF,12,revenue,credit
sales revenue from customer invoice reference 59956,72866.51,0,Excel,2,revenue,credit
business loan received reference 90662,383457.98,0,Bank,1,liability,credit
owner capital introduced reference 10557,441387.84,0,PDF,9,equity,credit
insurance expense reference 89527,242295.27,0,Excel,1,expense,debit
equipment acquisition reference 92494,373305.45,1,CSV,7,asset,debit
sales revenue from customer invoice reference 14088,395262.1,0,Excel,3,revenue,credit
marketing campaign expense reference 73195,352316.19,0,Excel,6,expense,debit
service revenue received reference 40273,78934.24,1,CSV,3,revenue,credit
customer invoice settlement reference 10085,114852.42,1,Excel,2,revenue,credit
consulting income received reference 79689,58294.23,0,Excel,12,revenue,credit
equipment acquisition reference 56067,135638.42,0,PDF,6,asset,debit
supplier payable created reference 97718,86404.71,1,PDF,5,liability,credit
purchase of office laptop reference 68703,471449.32,0,PDF,5,asset,debit
service revenue received reference 17590,33105.98,1,PDF,8,revenue,credit
sales collection reference 33754,267905.98,1,Bank,11,revenue,credit
supplier payable created reference 99286,205953.41,0,CSV,3,liability,credit
supplier payable created reference 91856,155093.21,1,CSV,9,liability,credit
customer invoice settlement reference 43653,372316.46,0,CSV,7,revenue,credit
sales revenue from customer invoice reference 30101,265737.33,0,PDF,6,revenue,credit
employee salary payment reference 97076,292481.42,0,CSV,8,expense,debit
capital introduced by shareholder reference 62301,158002.93,0,CSV,5,equity,credit
owner investment into business reference 62390,275990.54,1,Excel,8,equity,credit
subscription revenue reference 66398,35864.84,0,PDF,11,revenue,credit
vendor credit purchase reference 68424,230895.43,0,Manual,7,liability,credit
customer invoice settlement reference 36759,105491.19,0,Excel,3,revenue,credit
short term borrowing reference 90311,339438.76,0,CSV,5,liability,credit
business loan received reference 86193,149833.03,1,Excel,6,liability,credit
supplier payable created reference 77727,377970.31,0,Excel,3,liability,credit
employee salary payment reference 22277,97117.82,0,Excel,7,expense,debit
insurance expense reference 30084,170570.49,0,CSV,7,expense,debit
office supplies purchase reference 27593,210608.16,0,CSV,12,expense,debit
accounts receivable created reference 10620,322056.74,0,Excel,11,asset,debit
professional fees reference 55906,150997.77,0,PDF,12,expense,debit
product sales receipt reference 98741,104875.32,1,Bank,7,revenue,credit
gst payable recorded reference 32470,112568.91,0,Excel,10,liability,credit
accounts payable recorded reference 71556,299389.57,0,Bank,1,liability,credit
accounts payable recorded reference 44298,35015.33,0,Excel,2,liability,credit
sales revenue from customer invoice reference 42537,406673.09,0,Excel,10,revenue,credit
marketing campaign expense reference 58752,300278.86,0,Manual,9,expense,debit
capital introduced by shareholder reference 22373,314574.48,0,Manual,5,equity,credit
prepaid insurance reference 66120,75785.2,1,Bank,6,asset,debit
sales revenue from customer invoice reference 32792,80575.86,0,CSV,8,revenue,credit
service revenue received reference 31144,266123.53,1,Manual,9,revenue,credit
owner capital introduced reference 12732,435927.83,0,Excel,8,equity,credit
purchase of office laptop reference 20112,33395.5,0,CSV,3,asset,debit
client payment for consulting services reference 85845,223471.55,0,CSV,8,revenue,credit
gst payable recorded reference 81980,61514.0,0,Bank,10,liability,credit
share capital contribution reference 54274,146218.25,1,Bank,11,equity,credit
share capital contribution reference 75980,198823.7,0,Bank,11,equity,credit
loan repayment liability reference 11274,69449.35,0,Bank,11,liability,credit
owner withdrawal against equity reference 24160,380725.94,0,PDF,10,equity,credit
capital introduced by shareholder reference 42911,303197.13,1,PDF,1,equity,credit
additional equity contribution reference 44723,110614.83,0,CSV,9,equity,credit
business loan received reference 24081,422401.37,0,Bank,6,liability,credit
service revenue received reference 84990,102757.62,0,CSV,5,revenue,credit
professional fees reference 37178,50438.95,0,Bank,6,expense,debit
business loan received reference 95295,247823.31,0,CSV,5,liability,credit
customer invoice settlement reference 91237,489795.55,0,Excel,10,revenue,credit
supplier payable created reference 47161,250280.14,0,CSV,1,liability,credit
customer invoice settlement reference 32240,331303.27,1,PDF,3,revenue,credit
professional fees reference 24867,468238.87,1,Manual,10,expense,debit
capital introduced by shareholder reference 24950,376130.85,0,Excel,5,equity,credit
consulting income received reference 12132,409217.89,1,PDF,5,revenue,credit
inventory purchase for stock reference 92071,300546.6,1,CSV,8,asset,debit
accounts payable recorded reference 58225,142622.09,0,Manual,4,liability,debit
internet and telecom bill reference 84096,270590.92,1,PDF,9,expense,debit
accounts receivable created reference 72318,242247.64,0,CSV,8,asset,debit
vendor credit purchase reference 56964,372466.92,0,PDF,2,liability,credit
shareholder contribution reference 96953,352922.19,1,Excel,5,equity,credit
retained earnings transfer reference 80161,298209.54,0,PDF,4,equity,credit
salary payable recorded reference 87443,112529.6,0,PDF,10,liability,credit
accounts receivable created reference 32725,118059.43,0,PDF,6,asset,debit
product sales receipt reference 87115,133974.97,0,Excel,11,revenue,credit
service revenue received reference 99899,115211.34,0,Manual,2,revenue,debit
employee salary payment reference 47792,73118.59,0,CSV,1,expense,debit
share capital contribution reference 33483,459147.66,0,PDF,8,equity,credit
owner withdrawal against equity reference 92361,207841.34,1,Bank,2,equity,credit
shareholder contribution reference 19641,418972.22,0,CSV,7,equity,credit
office supplies purchase reference 74746,455410.92,0,Manual,12,expense,credit
software subscription expense reference 59913,268488.67,0,Manual,8,expense,debit
insurance expense reference 77255,478461.74,0,Excel,8,expense,debit
professional fees reference 92947,360342.09,0,Bank,6,expense,debit
shareholder contribution reference 89276,256740.25,0,Excel,5,equity,credit
security deposit paid reference 92664,249566.35,1,Manual,1,asset,debit
consulting income received reference 29891,377970.41,0,Manual,2,revenue,credit
owner investment into business reference 17291,71308.24,0,PDF,5,equity,debit
subscription revenue reference 49518,90580.88,0,CSV,2,revenue,credit
supplier payable created reference 75283,301851.82,0,CSV,2,liability,credit
office electricity bill reference 55353,48776.94,1,Manual,7,expense,debit
office supplies purchase reference 58487,457896.87,0,Excel,9,expense,debit
purchase of machinery reference 53862,423469.98,1,Manual,6,asset,debit
business travel expense reference 63846,54969.58,0,Manual,8,expense,debit
short term borrowing reference 25909,172504.71,0,Excel,12,liability,credit
insurance expense reference 12620,325454.0,0,CSV,12,expense,debit
equipment acquisition reference 33242,226967.97,0,PDF,11,asset,debit
sales collection reference 79770,267591.0,1,CSV,1,revenue,credit
security deposit paid reference 66419,5268.81,0,CSV,6,asset,debit
gst payable recorded reference 13122,336795.58,0,CSV,4,liability,credit
additional equity contribution reference 41134,225540.16,0,Excel,8,equity,credit
client payment for consulting services reference 70725,455208.29,1,Manual,7,revenue,credit
insurance expense reference 15893,449129.02,0,Bank,8,expense,debit
business travel expense reference 75505,38717.37,0,Bank,8,expense,debit
purchase of computer equipment reference 32473,39031.65,0,Excel,9,asset,debit
business travel expense reference 43568,165069.26,1,CSV,11,expense,debit
capital introduced by shareholder reference 76475,416592.02,0,Manual,7,equity,credit
purchase of computer equipment reference 19214,482186.83,0,PDF,1,asset,debit
client payment for consulting services reference 57396,135796.13,0,Bank,6,revenue,credit
sales revenue from customer invoice reference 72077,434184.1,0,Excel,7,revenue,credit
vehicle purchase for business reference 47983,290989.34,0,CSV,12,asset,debit
business travel expense reference 42138,352670.29,0,Manual,11,expense,credit
security deposit paid reference 97559,428711.79,0,Manual,4,asset,debit
owner withdrawal against equity reference 71188,50329.76,0,CSV,8,equity,credit
client payment for consulting services reference 49792,352767.41,0,Manual,7,revenue,credit
accounts payable recorded reference 34711,74733.93,0,Excel,3,liability,credit
retained earnings transfer reference 35321,240330.18,0,Excel,3,equity,credit
shareholder contribution reference 89466,17322.12,0,PDF,6,equity,credit
retained earnings transfer reference 88152,103151.57,1,Bank,8,equity,debit
client payment for consulting services reference 72937,266473.8,0,CSV,8,revenue,credit
employee salary payment reference 37153,243740.83,1,Manual,11,expense,debit
business travel expense reference 92884,49999.75,0,Manual,8,expense,debit
tax payable recorded reference 79732,287884.48,0,PDF,7,liability,credit
office electricity bill reference 17397,390795.31,0,CSV,12,expense,debit
subscription revenue reference 37309,438234.16,1,PDF,5,revenue,credit
product sales receipt reference 70155,235812.55,0,Bank,10,revenue,credit
share capital contribution reference 77190,177824.07,0,CSV,6,equity,credit
short term borrowing reference 69950,307048.18,0,CSV,9,liability,credit
product sales receipt reference 99721,335065.15,0,Excel,11,revenue,credit
sales revenue from customer invoice reference 76406,85916.24,0,PDF,6,revenue,credit
additional equity contribution reference 33333,262891.21,0,Bank,2,equity,credit
capital introduced by shareholder reference 94114,380444.16,0,CSV,1,equity,credit
sales revenue from customer invoice reference 21390,375884.02,0,Bank,9,revenue,credit
purchase of computer equipment reference 11000,424985.6,0,Manual,9,asset,debit
sales collection reference 14772,170511.71,0,Bank,3,revenue,credit
accounts payable recorded reference 91689,475889.24,0,PDF,2,liability,credit
capital introduced by shareholder reference 11213,109736.1,0,PDF,9,equity,credit
capital introduced by shareholder reference 87091,278150.87,0,Excel,12,equity,credit
supplier payable created reference 25588,414561.83,1,Excel,10,liability,credit
client payment for consulting services reference 69548,187142.04,1,PDF,9,revenue,credit
accounts receivable created reference 12237,486488.78,1,Bank,11,asset,debit
office supplies purchase reference 59511,135170.02,0,CSV,1,expense,debit
gst payable recorded reference 81095,468765.4,0,Excel,11,liability,credit
owner investment into business reference 48228,184279.58,0,Bank,5,equity,credit
loan repayment liability reference 29576,412835.9,1,Manual,4,liability,credit
product sales receipt reference 97974,222460.9,0,Manual,5,revenue,credit
loan repayment liability reference 70100,403394.36,0,PDF,9,liability,credit
accounts payable recorded reference 93520,24620.34,0,Excel,10,liability,credit
capital introduced by shareholder reference 27507,313011.41,0,Bank,5,equity,credit
office electricity bill reference 30275,233387.55,0,Bank,9,expense,debit
vehicle purchase for business reference 99271,172118.7,0,Manual,3,asset,debit
courier and postage expense reference 75141,46379.76,0,Bank,7,expense,debit
short term borrowing reference 89186,479258.74,0,Manual,8,liability,credit
consulting income received reference 13501,300336.5,1,PDF,7,revenue,credit
service revenue received reference 95377,190963.12,0,CSV,12,revenue,credit
office supplies purchase reference 72876,131448.67,0,CSV,2,expense,debit
inventory purchase for stock reference 51256,123322.29,0,CSV,8,asset,debit
product sales receipt reference 76882,450836.38,0,Bank,7,revenue,credit
inventory purchase for stock reference 20354,415380.47,0,Bank,8,asset,debit
prepaid insurance reference 44578,470500.63,0,CSV,6,asset,credit
office furniture purchase reference 18079,41825.77,0,PDF,8,asset,debit
purchase of machinery reference 91137,45195.05,0,Bank,5,asset,debit
owner investment into business reference 96192,422244.75,0,Manual,3,equity,credit
accounts receivable created reference 33510,449928.07,1,Manual,12,asset,debit
marketing campaign expense reference 14919,250137.28,0,PDF,4,expense,debit
office furniture purchase reference 15582,88313.82,0,Bank,5,asset,debit
shareholder contribution reference 62527,220836.58,0,PDF,1,equity,credit
business loan received reference 67338,1664.09,0,Excel,11,liability,credit
shareholder contribution reference 17245,96959.78,0,Bank,9,equity,credit
sales revenue from customer invoice reference 35996,450372.27,0,Manual,5,revenue,credit
vehicle purchase for business reference 60549,363929.49,0,Excel,2,asset,debit
software subscription expense reference 68774,336533.26,1,Bank,5,expense,debit
internet and telecom bill reference 65926,473485.55,0,Manual,5,expense,debit
monthly office rent reference 65206,180125.47,0,Excel,12,expense,debit
salary payable recorded reference 94335,378334.45,1,CSV,4,liability,credit
shareholder contribution reference 55285,424647.21,0,Bank,2,equity,credit
accounts payable recorded reference 49963,428427.75,0,Bank,4,liability,credit
software subscription expense reference 88530,173856.42,1,Bank,7,expense,credit
vehicle purchase for business reference 74506,317766.5,0,Bank,3,asset,credit
equipment acquisition reference 75906,123852.87,0,Excel,8,asset,debit
purchase of office laptop reference 31200,130447.58,0,Manual,12,asset,debit
short term borrowing reference 26242,164030.83,1,Manual,1,liability,credit
business loan received reference 85244,212654.17,0,Excel,5,liability,credit
purchase of computer equipment reference 38937,491340.02,0,Manual,9,asset,debit
subscription revenue reference 54073,75286.16,0,Excel,2,revenue,credit
inventory purchase for stock reference 79602,247826.04,0,Excel,12,asset,debit
inventory purchase for stock reference 10127,15975.1,1,Excel,7,asset,debit
software subscription expense reference 59392,225369.9,0,PDF,9,expense,debit
office supplies purchase reference 88208,369008.57,1,Bank,1,expense,debit
accounts receivable created reference 49139,40328.33,0,Bank,2,asset,debit
retained earnings transfer reference 75771,22329.06,0,Bank,5,equity,credit
product sales receipt reference 96262,128969.99,0,CSV,4,revenue,credit
security deposit paid reference 56365,487835.63,0,Bank,3,asset,debit
courier and postage expense reference 85277,247909.7,0,Excel,2,expense,debit
retained earnings transfer reference 87341,365452.92,1,CSV,6,equity,credit
owner withdrawal against equity reference 70742,232737.68,0,Excel,9,equity,credit
office supplies purchase reference 72461,325790.05,0,Manual,5,expense,debit
office furniture purchase reference 25149,242015.03,0,Bank,9,asset,debit
loan repayment liability reference 32906,288046.22,0,PDF,4,liability,debit
accounts receivable created reference 82075,308826.05,0,Manual,4,asset,debit
supplier payable created reference 90277,251228.69,0,Manual,10,liability,credit
short term borrowing reference 91847,22842.87,1,Excel,10,liability,credit
tax payable recorded reference 49961,67315.23,0,Excel,5,liability,credit
marketing campaign expense reference 36337,488068.71,0,Manual,3,expense,debit
vendor credit purchase reference 70399,14036.18,0,Excel,1,liability,credit
shareholder contribution reference 28653,77428.26,0,PDF,7,equity,credit
retained earnings transfer reference 56805,179414.67,0,Bank,9,equity,credit
software subscription expense reference 36337,193288.7,1,Excel,9,expense,debit
courier and postage expense reference 59020,118925.19,1,Bank,2,expense,debit
vehicle purchase for business reference 26051,370830.73,0,Bank,11,asset,debit
salary payable recorded reference 22221,157476.36,0,Bank,2,liability,credit
inventory purchase for stock reference 65560,16623.14,1,PDF,1,asset,credit
owner capital introduced reference 13413,232856.93,0,Excel,10,equity,credit
consulting income received reference 82554,271572.68,0,CSV,10,revenue,credit
gst payable recorded reference 66432,299481.77,1,CSV,12,liability,credit
owner withdrawal against equity reference 98619,112361.09,0,Bank,10,equity,credit
security deposit paid reference 92111,406473.29,1,PDF,4,asset,debit
share capital contribution reference 91314,246897.85,0,CSV,8,equity,credit
consulting income received reference 43493,336746.13,0,Excel,1,revenue,credit
gst payable recorded reference 16729,1331.39,0,Bank,6,liability,credit
owner capital introduced reference 11849,115842.66,0,Manual,9,equity,credit
owner capital introduced reference 86609,372018.98,0,Bank,11,equity,credit
monthly office rent reference 14825,209480.16,1,Excel,2,expense,debit
owner withdrawal against equity reference 97106,247016.78,0,Manual,7,equity,credit
courier and postage expense reference 17721,383297.14,0,CSV,12,expense,debit
business travel expense reference 55446,159617.01,0,Manual,1,expense,debit
gst payable recorded reference 39061,111229.88,0,Bank,1,liability,credit
sales revenue from customer invoice reference 32398,10193.37,0,CSV,7,revenue,credit
vendor credit purchase reference 86848,49058.0,0,Bank,2,liability,credit
office electricity bill reference 43202,85458.51,0,Excel,11,expense,debit
supplier payable created reference 20615,289154.94,0,PDF,2,liability,credit
office electricity bill reference 38160,132968.6,0,Excel,3,expense,debit
inventory purchase for stock reference 91699,184297.73,0,Manual,5,asset,debit
gst payable recorded reference 61764,384415.81,0,Excel,12,liability,credit
salary payable recorded reference 21816,467779.42,0,CSV,11,liability,credit
professional fees reference 24266,398055.12,0,Bank,2,expense,debit
purchase of machinery reference 53194,111321.11,0,Bank,6,asset,debit
equipment acquisition reference 30520,416349.81,0,Manual,4,asset,debit
office supplies purchase reference 43918,396294.2,1,Bank,1,expense,debit
capital introduced by shareholder reference 19588,400800.98,0,PDF,9,equity,credit
inventory purchase for stock reference 35979,433683.75,0,Excel,1,asset,debit
share capital contribution reference 25992,287410.19,0,CSV,10,equity,debit
additional equity contribution reference 28774,134527.24,1,Excel,1,equity,credit
owner investment into business reference 30795,483728.87,1,PDF,7,equity,credit
client payment for consulting services reference 54670,103473.72,0,PDF,6,revenue,credit
consulting income received reference 42956,21840.59,0,Excel,12,revenue,credit
supplier payable created reference 23938,153228.16,1,Manual,2,liability,credit
additional equity contribution reference 18612,297722.03,0,PDF,4,equity,credit
marketing campaign expense reference 17953,288577.66,0,Manual,2,expense,debit
gst payable recorded reference 31094,255967.95,0,Bank,1,liability,credit
subscription revenue reference 75156,169977.65,0,CSV,9,revenue,credit
supplier payable created reference 61506,52530.75,0,PDF,9,liability,credit
courier and postage expense reference 80582,352252.57,0,PDF,12,expense,debit
sales collection reference 10493,428517.32,0,Excel,2,revenue,credit
purchase of office laptop reference 11449,251172.86,1,PDF,4,asset,debit
tax payable recorded reference 85880,340336.36,1,PDF,12,liability,credit
tax payable recorded reference 99139,352114.67,0,Bank,9,liability,credit
consulting income received reference 47195,179524.44,0,PDF,5,revenue,credit
vendor credit purchase reference 99270,279509.84,0,Excel,8,liability,credit
loan repayment liability reference 32957,461320.59,0,PDF,1,liability,credit
purchase of office laptop reference 49822,473338.29,0,PDF,5,asset,debit
equipment acquisition reference 30395,339338.82,0,Excel,6,asset,credit
salary payable recorded reference 23576,234783.31,0,PDF,12,liability,credit
monthly office rent reference 46745,20840.25,1,Manual,11,expense,debit
marketing campaign expense reference 27996,358812.94,0,PDF,11,expense,debit
owner investment into business reference 91967,235971.31,0,CSV,5,equity,credit
office supplies purchase reference 15126,335188.24,1,Manual,4,expense,debit
office electricity bill reference 33412,426625.25,1,Bank,12,expense,debit
salary payable recorded reference 67760,202877.33,0,PDF,10,liability,credit
product sales receipt reference 22715,133833.36,0,Bank,8,revenue,credit
loan repayment liability reference 63573,416523.11,0,Excel,1,liability,credit
accounts receivable created reference 49037,210044.85,0,Excel,5,asset,debit
maintenance and repair expense reference 19270,253871.93,1,CSV,1,expense,debit
courier and postage expense reference 18471,463443.37,0,CSV,4,expense,debit
client payment for consulting services reference 85200,103442.54,0,PDF,6,revenue,credit
office furniture purchase reference 17262,248408.67,1,CSV,8,asset,debit
office supplies purchase reference 51737,20174.5,0,PDF,3,expense,debit
share capital contribution reference 80747,36140.96,0,Manual,2,equity,credit
short term borrowing reference 29724,170566.75,0,PDF,5,liability,credit
equipment acquisition reference 12439,151969.99,0,PDF,2,asset,debit
sales collection reference 50548,332960.79,1,Manual,6,revenue,credit
product sales receipt reference 55463,117802.66,1,CSV,5,revenue,credit
professional fees reference 90489,379744.95,0,Excel,1,expense,credit
share capital contribution reference 87628,188454.25,1,Excel,2,equity,credit
sales revenue from customer invoice reference 29940,162722.93,1,Manual,2,revenue,credit
sales collection reference 82614,52515.28,1,Bank,1,revenue,credit
security deposit paid reference 20338,65999.8,0,CSV,8,asset,debit
internet and telecom bill reference 16494,484511.37,0,Manual,7,expense,debit
client payment for consulting services reference 25457,306268.86,0,CSV,12,revenue,credit
additional equity contribution reference 86000,116984.46,0,Manual,2,equity,credit
accounts receivable created reference 89197,161580.32,0,CSV,8,asset,credit
inventory purchase for stock reference 74161,226417.61,0,Excel,11,asset,debit
customer invoice settlement reference 20105,392588.48,0,Manual,4,revenue,credit
retained earnings transfer reference 10498,319190.77,0,Excel,2,equity,credit
vendor credit purchase reference 46177,324502.73,0,Bank,5,liability,credit
salary payable recorded reference 72456,5377.45,0,Bank,8,liability,credit
retained earnings transfer reference 10928,150663.9,0,Manual,9,equity,credit
professional fees reference 72824,416770.51,0,Excel,12,expense,debit
courier and postage expense reference 30814,21671.92,0,Manual,11,expense,debit
office supplies purchase reference 93278,236981.81,1,Manual,10,expense,debit
insurance expense reference 90310,300327.03,0,PDF,9,expense,credit
product sales receipt reference 27650,431810.48,1,Excel,5,revenue,credit
tax payable recorded reference 81860,447828.2,0,Manual,4,liability,credit
sales revenue from customer invoice reference 57210,22240.03,0,CSV,6,revenue,credit
supplier payable created reference 76290,109992.6,0,Excel,10,liability,credit
salary payable recorded reference 52128,285787.7,0,Bank,4,liability,credit
business loan received reference 65420,4476.36,0,Excel,4,liability,credit
subscription revenue reference 65962,139116.8,0,Bank,11,revenue,credit
tax payable recorded reference 34956,238010.02,1,Bank,1,liability,credit
capital introduced by shareholder reference 86937,163154.85,0,Excel,6,equity,credit
equipment acquisition reference 88409,196239.52,0,CSV,8,asset,debit
product sales receipt reference 70181,131654.94,0,Excel,1,revenue,credit
maintenance and repair expense reference 60099,311321.36,0,PDF,10,expense,debit
purchase of machinery reference 70936,408729.45,0,Excel,11,asset,debit
purchase of machinery reference 63214,450643.39,0,Bank,1,asset,debit
loan repayment liability reference 79331,412510.55,0,CSV,11,liability,credit
accounts payable recorded reference 46796,263066.09,1,PDF,6,liability,credit
shareholder contribution reference 18933,245100.44,0,Bank,11,equity,credit
supplier payable created reference 29192,311225.73,0,Manual,11,liability,credit
accounts receivable created reference 58723,1824.01,0,Excel,11,asset,debit
owner investment into business reference 47310,342809.12,1,PDF,4,equity,credit
internet and telecom bill reference 50661,218170.97,0,Excel,1,expense,debit
vendor credit purchase reference 13865,449435.4,1,Manual,4,liability,debit
client payment for consulting services reference 54054,166880.53,0,Excel,10,revenue,credit
business loan received reference 49818,243598.38,0,PDF,4,liability,credit
purchase of office laptop reference 46955,375054.45,0,CSV,10,asset,debit
equipment acquisition reference 64953,54321.58,1,CSV,9,asset,credit
employee salary payment reference 36528,474152.74,1,Bank,11,expense,debit
inventory purchase for stock reference 19467,208817.96,1,Manual,3,asset,debit
owner capital introduced reference 39773,359110.62,1,Excel,12,equity,credit
sales collection reference 77596,95435.41,1,Excel,6,revenue,credit
owner investment into business reference 48727,234210.65,0,CSV,3,equity,credit
tax payable recorded reference 91063,282609.51,0,Bank,3,liability,credit
owner withdrawal against equity reference 75183,209017.8,1,Bank,3,equity,credit
salary payable recorded reference 52397,101114.49,0,Excel,8,liability,credit
insurance expense reference 83792,147975.23,1,CSV,6,expense,debit
vendor credit purchase reference 95138,483592.73,0,PDF,1,liability,credit
additional equity contribution reference 83413,308745.01,0,CSV,5,equity,credit
vendor credit purchase reference 21073,178785.05,0,CSV,8,liability,credit
accounts payable recorded reference 64592,449277.06,0,Bank,5,liability,credit
share capital contribution reference 47378,458613.14,0,Manual,11,equity,credit
shareholder contribution reference 71235,1767.95,0,PDF,3,equity,credit
client payment for consulting services reference 42110,88265.64,0,Excel,5,revenue,credit
subscription revenue reference 94939,253645.97,0,Excel,12,revenue,credit
loan repayment liability reference 23945,307484.54,0,Excel,9,liability,credit
courier and postage expense reference 68647,56625.83,0,PDF,8,expense,debit
purchase of machinery reference 86252,28004.7,0,CSV,2,asset,debit
business travel expense reference 11917,111870.19,1,Bank,11,expense,debit
courier and postage expense reference 66080,147830.93,1,Bank,3,expense,debit
sales collection reference 30276,362144.12,0,Bank,1,revenue,credit
product sales receipt reference 34867,274979.52,1,PDF,5,revenue,credit
vehicle purchase for business reference 31486,482455.78,0,Excel,6,asset,debit
sales revenue from customer invoice reference 18376,133516.91,0,Bank,7,revenue,credit
purchase of machinery reference 90637,151445.25,1,Excel,12,asset,debit
vehicle purchase for business reference 62328,67788.48,1,Bank,3,asset,credit
internet and telecom bill reference 38846,318848.55,1,PDF,10,expense,debit
sales revenue from customer invoice reference 18104,361318.5,0,PDF,2,revenue,credit
client payment for consulting services reference 45185,75396.12,1,PDF,8,revenue,credit
service revenue received reference 60675,474185.87,0,CSV,4,revenue,credit
software subscription expense reference 26675,343240.09,1,Manual,10,expense,debit
consulting income received reference 48576,486676.7,0,Manual,8,revenue,credit
short term borrowing reference 94847,442547.72,1,CSV,4,liability,credit
office furniture purchase reference 65649,300554.04,0,Excel,4,asset,debit
owner withdrawal against equity reference 22511,287209.13,1,Excel,2,equity,credit
capital introduced by shareholder reference 59027,423572.98,0,CSV,7,equity,debit
subscription revenue reference 82522,447634.48,1,PDF,7,revenue,credit
sales revenue from customer invoice reference 34733,443335.5,1,PDF,2,revenue,credit
loan repayment liability reference 82154,305518.08,0,Bank,5,liability,debit
owner capital introduced reference 97061,76987.8,0,Bank,7,equity,credit
client payment for consulting services reference 74308,137686.75,0,CSV,9,revenue,credit
owner capital introduced reference 75557,438858.77,0,CSV,2,equity,credit
supplier payable created reference 62527,73965.17,0,CSV,3,liability,credit
share capital contribution reference 95774,183291.87,0,CSV,10,equity,credit
business loan received reference 76950,176101.16,0,CSV,5,liability,credit
sales revenue from customer invoice reference 21546,105193.43,0,Excel,7,revenue,debit
accounts payable recorded reference 83672,216122.02,0,PDF,11,liability,credit
capital introduced by shareholder reference 93776,128380.72,0,Manual,5,equity,debit
consulting income received reference 71747,390626.19,0,CSV,12,revenue,credit
consulting income received reference 91351,441379.87,0,PDF,3,revenue,credit
vendor credit purchase reference 48563,487391.85,0,Manual,9,liability,debit
supplier payable created reference 32381,249618.96,0,Bank,6,liability,credit
equipment acquisition reference 77925,444577.15,0,Excel,9,asset,credit
owner withdrawal against equity reference 62111,60476.85,1,CSV,5,equity,credit
loan repayment liability reference 53428,383572.42,0,PDF,12,liability,credit
maintenance and repair expense reference 95231,89672.07,0,PDF,5,expense,debit
internet and telecom bill reference 75259,254836.8,1,Bank,2,expense,credit
office furniture purchase reference 42987,296155.46,0,Bank,9,asset,debit
sales collection reference 11122,398116.26,0,Excel,5,revenue,credit
marketing campaign expense reference 70905,223220.83,0,Bank,10,expense,debit
purchase of office laptop reference 68528,420871.76,0,Manual,12,asset,debit
capital introduced by shareholder reference 65818,479291.93,1,Excel,9,equity,credit
accounts payable recorded reference 65034,90841.97,0,Manual,4,liability,credit
supplier payable created reference 25989,427155.9,1,PDF,3,liability,credit
owner withdrawal against equity reference 29966,155487.03,0,Bank,11,equity,credit
office furniture purchase reference 20951,191930.52,0,PDF,8,asset,debit
owner investment into business reference 21184,239994.98,0,Bank,1,equity,credit
share capital contribution reference 68843,485619.19,0,PDF,3,equity,credit
short term borrowing reference 58700,138396.15,0,Excel,12,liability,credit
short term borrowing reference 16723,168068.35,0,Excel,6,liability,credit
additional equity contribution reference 96283,456237.81,0,Bank,11,equity,credit
short term borrowing reference 64926,38552.75,0,Excel,12,liability,credit
owner withdrawal against equity reference 15043,106255.99,1,Manual,6,equity,debit
sales collection reference 70105,65116.72,0,PDF,2,revenue,credit
accounts receivable created reference 89729,421625.69,0,CSV,7,asset,debit
service revenue received reference 53625,91090.34,0,PDF,9,revenue,credit
product sales receipt reference 82348,164371.54,0,Excel,2,revenue,credit
purchase of machinery reference 93139,24377.05,0,Bank,12,asset,debit
loan repayment liability reference 92307,337664.23,1,Manual,7,liability,credit
client payment for consulting services reference 33490,332565.15,0,Excel,2,revenue,credit
shareholder contribution reference 30001,466020.74,0,Excel,3,equity,credit
inventory purchase for stock reference 44091,463136.17,0,Excel,10,asset,debit
monthly office rent reference 13223,205568.8,0,Excel,1,expense,debit
share capital contribution reference 18041,16845.17,0,PDF,6,equity,credit
internet and telecom bill reference 84998,336608.17,0,PDF,1,expense,debit
owner capital introduced reference 11828,362919.43,0,PDF,7,equity,credit
share capital contribution reference 74093,440281.88,0,Excel,8,equity,credit
purchase of office laptop reference 28256,314472.63,0,Bank,6,asset,debit
consulting income received reference 44967,253700.14,0,Manual,11,revenue,credit
prepaid insurance reference 15580,778.65,0,Bank,9,asset,debit
accounts payable recorded reference 68708,361638.32,0,Manual,4,liability,credit
business travel expense reference 18703,400135.47,0,PDF,5,expense,credit
purchase of machinery reference 13699,472562.02,0,PDF,11,asset,debit
capital introduced by shareholder reference 76191,412278.7,0,Excel,7,equity,credit
insurance expense reference 88101,253013.11,0,PDF,9,expense,debit
software subscription expense reference 93185,198494.38,0,Bank,3,expense,debit
inventory purchase for stock reference 30290,413193.15,0,Bank,12,asset,debit
additional equity contribution reference 76222,452564.92,0,Bank,11,equity,credit
vehicle purchase for business reference 76806,172766.27,0,Manual,10,asset,debit
additional equity contribution reference 47453,324019.25,1,Manual,3,equity,credit
vehicle purchase for business reference 87297,167062.64,0,CSV,6,asset,credit
accounts receivable created reference 40300,249364.08,0,Bank,11,asset,debit
salary payable recorded reference 24054,32193.37,0,CSV,9,liability,credit
supplier payable created reference 21114,304568.44,0,Excel,8,liability,credit
service revenue received reference 27726,131317.24,0,CSV,5,revenue,credit
employee salary payment reference 93690,430930.82,0,CSV,6,expense,debit
prepaid insurance reference 49471,111813.23,0,CSV,6,asset,debit
product sales receipt reference 95463,334684.2,0,Excel,6,revenue,credit
purchase of office laptop reference 57992,251302.93,1,PDF,9,asset,debit
share capital contribution reference 71755,377897.05,0,CSV,2,equity,credit
office furniture purchase reference 27844,358988.35,0,CSV,3,asset,debit
gst payable recorded reference 10108,43868.55,0,CSV,9,liability,credit
salary payable recorded reference 25019,224422.24,0,Manual,11,liability,credit
capital introduced by shareholder reference 83067,269988.88,0,CSV,2,equity,credit
service revenue received reference 81067,274930.04,1,Excel,1,revenue,credit
service revenue received reference 36561,250822.85,0,Bank,12,revenue,credit
courier and postage expense reference 11344,249985.02,0,CSV,8,expense,debit
customer invoice settlement reference 69295,67421.62,0,Excel,1,revenue,credit
office supplies purchase reference 54988,54420.5,0,PDF,5,expense,debit
owner capital introduced reference 41585,345728.96,0,Manual,3,equity,credit
insurance expense reference 46024,3186.26,0,PDF,7,expense,debit
vendor credit purchase reference 85062,127616.86,0,Bank,2,liability,credit
shareholder contribution reference 24893,277038.03,0,Excel,4,equity,credit
tax payable recorded reference 21370,264055.82,0,Manual,5,liability,debit
retained earnings transfer reference 20340,207041.55,0,Manual,8,equity,credit
business loan received reference 43927,280419.24,0,Excel,11,liability,debit
consulting income received reference 22630,209847.6,0,Bank,8,revenue,debit
client payment for consulting services reference 84365,448132.31,1,CSV,7,revenue,credit
shareholder contribution reference 67060,449942.43,1,Manual,1,equity,debit
salary payable recorded reference 73900,478738.17,0,CSV,1,liability,credit
service revenue received reference 59212,142883.96,0,CSV,1,revenue,credit
customer invoice settlement reference 29276,349834.66,0,PDF,10,revenue,credit
customer invoice settlement reference 82813,419527.31,0,Manual,3,revenue,credit
vendor credit purchase reference 39327,262065.81,0,CSV,5,liability,credit
vehicle purchase for business reference 76733,421235.73,0,Excel,6,asset,credit
professional fees reference 88669,251895.96,0,PDF,8,expense,debit
prepaid insurance reference 22368,420031.0,0,PDF,4,asset,debit
retained earnings transfer reference 19690,473469.23,0,Excel,8,equity,credit
sales revenue from customer invoice reference 93630,47623.58,0,Excel,10,revenue,credit
security deposit paid reference 73007,39915.74,0,CSV,3,asset,debit
office electricity bill reference 50949,114279.15,0,Bank,1,expense,debit
consulting income received reference 14136,176430.14,0,CSV,1,revenue,credit
sales collection reference 82421,120505.87,0,CSV,8,revenue,debit
office furniture purchase reference 11071,134806.99,0,Excel,6,asset,credit
sales collection reference 71668,132026.98,0,Bank,5,revenue,credit
employee salary payment reference 38909,249214.84,0,CSV,4,expense,debit
supplier payable created reference 66763,19684.0,0,PDF,11,liability,credit
business loan received reference 68350,296045.86,1,Excel,4,liability,credit
sales collection reference 78081,288880.83,0,PDF,3,revenue,credit
business travel expense reference 43221,321401.18,0,Manual,8,expense,debit
accounts receivable created reference 92523,294907.39,1,Manual,4,asset,debit
office furniture purchase reference 26779,199333.15,1,Manual,3,asset,debit
purchase of office laptop reference 66338,246419.72,1,Bank,11,asset,debit
client payment for consulting services reference 86468,146872.32,0,Bank,5,revenue,credit
purchase of machinery reference 51159,359498.78,0,PDF,9,asset,debit
vendor credit purchase reference 32393,57271.69,0,Bank,5,liability,debit
employee salary payment reference 58595,227758.41,0,Excel,3,expense,debit
share capital contribution reference 64449,354471.06,1,Excel,8,equity,credit
salary payable recorded reference 54786,119979.74,0,Bank,3,liability,credit
consulting income received reference 30956,146383.64,0,Manual,8,revenue,credit
share capital contribution reference 71621,317280.24,0,CSV,6,equity,credit
product sales receipt reference 93281,495125.27,0,Bank,2,revenue,credit
business loan received reference 21650,399547.72,0,Bank,7,liability,debit
customer invoice settlement reference 89558,413420.28,0,CSV,1,revenue,credit
sales revenue from customer invoice reference 71318,96364.62,1,CSV,10,revenue,credit
shareholder contribution reference 24488,127128.58,0,PDF,9,equity,credit
employee salary payment reference 20357,369835.34,0,CSV,6,expense,debit
consulting income received reference 94870,347615.22,0,Excel,3,revenue,credit
security deposit paid reference 49071,417703.93,0,Bank,4,asset,debit
additional equity contribution reference 12181,148036.16,0,PDF,3,equity,credit
employee salary payment reference 18787,468571.62,0,Excel,7,expense,debit
equipment acquisition reference 67721,494014.38,1,Manual,6,asset,debit
inventory purchase for stock reference 53846,410490.83,0,Manual,10,asset,credit
equipment acquisition reference 27567,265629.33,0,PDF,1,asset,debit
gst payable recorded reference 19246,450948.12,0,CSV,3,liability,credit
office electricity bill reference 93721,295168.61,1,PDF,7,expense,debit
sales collection reference 68571,292741.84,1,Manual,11,revenue,credit
purchase of computer equipment reference 71176,287627.62,0,PDF,6,asset,debit
owner investment into business reference 57121,452146.46,0,PDF,2,equity,credit
client payment for consulting services reference 59422,215993.39,0,Excel,5,revenue,credit
vendor credit purchase reference 56099,450436.31,1,Excel,10,liability,credit
service revenue received reference 74678,43392.46,1,PDF,2,revenue,debit
salary payable recorded reference 11437,276342.66,0,Excel,2,liability,credit
prepaid insurance reference 89224,427457.97,0,CSV,1,asset,debit
salary payable recorded reference 92725,481627.19,0,PDF,6,liability,credit
prepaid insurance reference 75846,142530.82,1,Manual,11,asset,debit
business travel expense reference 33003,360731.46,0,Bank,12,expense,debit
insurance expense reference 89969,237599.54,0,Bank,8,expense,debit
vehicle purchase for business reference 14270,255847.9,0,Manual,5,asset,debit
owner investment into business reference 20738,75076.67,0,PDF,1,equity,credit
supplier payable created reference 75610,435433.0,1,Excel,7,liability,credit
tax payable recorded reference 46496,113930.87,1,PDF,7,liability,credit
sales revenue from customer invoice reference 69880,108914.63,0,CSV,7,revenue,credit
customer invoice settlement reference 71987,266603.84,0,PDF,10,revenue,credit
purchase of machinery reference 62732,19610.16,0,CSV,3,asset,debit
shareholder contribution reference 87300,169990.92,1,CSV,10,equity,credit
maintenance and repair expense reference 77035,212476.56,1,Manual,1,expense,debit
consulting income received reference 94587,480649.63,0,PDF,10,revenue,credit
prepaid insurance reference 99757,372281.22,0,Excel,7,asset,debit
employee salary payment reference 78537,6997.58,0,Bank,3,expense,debit
purchase of office laptop reference 67566,45614.64,0,Manual,11,asset,debit
capital introduced by shareholder reference 71811,263075.98,0,Bank,11,equity,credit
office electricity bill reference 57965,1913.55,0,CSV,6,expense,debit
business travel expense reference 26123,36631.8,0,PDF,4,expense,debit
marketing campaign expense reference 40481,453863.17,0,CSV,1,expense,debit
short term borrowing reference 18514,407177.65,0,CSV,8,liability,credit
owner withdrawal against equity reference 84137,137645.02,1,Bank,8,equity,credit
supplier payable created reference 13450,41207.76,0,Manual,11,liability,debit
additional equity contribution reference 48752,489318.42,0,PDF,10,equity,credit
additional equity contribution reference 55966,80866.72,0,Excel,4,equity,credit
tax payable recorded reference 81414,468686.97,0,Excel,10,liability,credit
retained earnings transfer reference 20116,463376.98,0,Manual,4,equity,credit
short term borrowing reference 10645,67739.01,1,PDF,9,liability,credit
product sales receipt reference 79696,295197.62,1,CSV,1,revenue,credit
additional equity contribution reference 69580,406817.27,0,CSV,12,equity,credit
retained earnings transfer reference 51978,417307.33,1,CSV,1,equity,credit
supplier payable created reference 57553,255300.76,0,PDF,8,liability,credit
purchase of office laptop reference 19991,12938.92,1,Excel,10,asset,debit
owner withdrawal against equity reference 90130,149647.03,0,Bank,10,equity,credit
security deposit paid reference 41764,109528.19,1,CSV,2,asset,debit
product sales receipt reference 19213,280650.36,1,Excel,2,revenue,credit
loan repayment liability reference 67284,376663.54,0,Manual,11,liability,credit
customer invoice settlement reference 96861,346722.45,0,PDF,7,revenue,credit
software subscription expense reference 82593,139569.34,0,PDF,5,expense,debit
business travel expense reference 13170,268218.17,0,CSV,8,expense,debit
sales revenue from customer invoice reference 52157,130090.2,1,Bank,6,revenue,debit
office supplies purchase reference 70974,386958.22,0,Bank,4,expense,debit
consulting income received reference 57406,80182.2,0,Bank,7,revenue,credit
sales revenue from customer invoice reference 21150,463178.52,1,Manual,8,revenue,debit
gst payable recorded reference 50095,356673.53,0,Manual,8,liability,credit
owner withdrawal against equity reference 66942,480800.88,0,Manual,4,equity,credit
product sales receipt reference 88733,458071.14,0,CSV,12,revenue,credit
internet and telecom bill reference 10058,284228.11,1,CSV,5,expense,debit
additional equity contribution reference 12434,434304.84,0,PDF,1,equity,credit
sales collection reference 60338,448916.5,0,Excel,1,revenue,credit
prepaid insurance reference 84639,376974.2,0,Manual,3,asset,debit
sales revenue from customer invoice reference 53981,4907.55,0,Excel,12,revenue,debit
accounts receivable created reference 49169,143118.79,1,Bank,8,asset,debit
owner withdrawal against equity reference 91706,56185.57,0,Excel,8,equity,credit
internet and telecom bill reference 90433,190407.72,0,Manual,9,expense,debit
software subscription expense reference 96909,236006.62,1,Manual,1,expense,debit
office furniture purchase reference 95358,275978.43,0,Excel,10,asset,debit
purchase of computer equipment reference 26035,323944.57,0,PDF,1,asset,debit
office furniture purchase reference 46886,372872.26,0,Excel,12,asset,debit
accounts receivable created reference 40332,171530.75,1,Manual,9,asset,debit
equipment acquisition reference 73823,351454.5,0,Bank,10,asset,debit
share capital contribution reference 18816,240581.99,0,PDF,1,equity,debit
equipment acquisition reference 28011,307834.47,0,PDF,11,asset,debit
security deposit paid reference 63637,330444.77,0,Bank,7,asset,debit
owner withdrawal against equity reference 62170,191309.48,0,CSV,10,equity,credit
customer invoice settlement reference 75194,49194.43,0,CSV,8,revenue,credit
owner capital introduced reference 41423,352887.44,0,CSV,2,equity,credit
purchase of computer equipment reference 49787,91470.96,0,PDF,5,asset,debit
vehicle purchase for business reference 50074,286780.8,0,PDF,11,asset,debit
tax payable recorded reference 98074,108179.93,1,Excel,3,liability,credit
professional fees reference 72685,425958.27,0,CSV,5,expense,debit
tax payable recorded reference 87163,326188.8,1,Bank,5,liability,credit
owner capital introduced reference 75671,52181.68,0,PDF,1,equity,credit
insurance expense reference 27472,143432.11,0,Excel,10,expense,credit
service revenue received reference 47914,90295.97,0,Bank,1,revenue,credit
maintenance and repair expense reference 88698,25389.39,0,Bank,1,expense,debit
purchase of office laptop reference 95106,402881.9,0,PDF,9,asset,debit
office supplies purchase reference 14252,394009.76,0,Bank,12,expense,credit
business travel expense reference 66832,71455.52,0,Excel,7,expense,debit
product sales receipt reference 74367,128680.06,0,Bank,2,revenue,debit
subscription revenue reference 31684,382078.29,0,CSV,4,revenue,credit
business loan received reference 50630,414278.13,0,Manual,4,liability,credit
business loan received reference 92127,59108.1,0,Bank,11,liability,credit
security deposit paid reference 34964,411801.18,0,CSV,11,asset,debit
inventory purchase for stock reference 15938,110084.08,1,Excel,5,asset,debit
equipment acquisition reference 20686,476001.25,0,Manual,9,asset,debit
accounts receivable created reference 51991,37488.07,0,Excel,2,asset,credit
retained earnings transfer reference 65146,126230.55,0,Bank,12,equity,credit
monthly office rent reference 95736,36256.81,1,Bank,1,expense,debit
supplier payable created reference 17913,118005.03,1,Excel,2,liability,credit
service revenue received reference 76179,121988.79,0,Bank,5,revenue,credit
purchase of office laptop reference 86156,257925.66,0,Bank,5,asset,debit
vendor credit purchase reference 64910,386011.58,0,Manual,11,liability,credit
marketing campaign expense reference 74062,70474.87,0,Manual,11,expense,debit
retained earnings transfer reference 32312,361288.48,1,Excel,2,equity,debit
software subscription expense reference 25656,280898.68,0,CSV,5,expense,debit
owner capital introduced reference 49610,138277.52,0,Manual,12,equity,credit
sales revenue from customer invoice reference 41365,291702.82,0,Manual,12,revenue,credit
sales collection reference 93231,12917.32,0,Bank,8,revenue,credit
owner withdrawal against equity reference 71680,319269.56,0,PDF,9,equity,credit
consulting income received reference 29007,94885.71,0,Manual,7,revenue,credit
tax payable recorded reference 77760,367852.34,0,CSV,8,liability,credit
purchase of machinery reference 58350,107731.92,0,Excel,9,asset,debit
vehicle purchase for business reference 21758,158367.5,0,Bank,1,asset,debit
purchase of computer equipment reference 25663,22281.63,1,PDF,3,asset,debit
purchase of machinery reference 92495,344755.67,0,Excel,6,asset,debit
monthly office rent reference 33810,196953.52,0,PDF,6,expense,debit
tax payable recorded reference 49353,342476.8,1,CSV,4,liability,credit
prepaid insurance reference 42007,155172.04,0,CSV,3,asset,credit
business loan received reference 56229,483230.37,0,Excel,2,liability,credit
office furniture purchase reference 35574,24291.67,0,Manual,9,asset,debit
retained earnings transfer reference 14099,269935.93,1,Bank,11,equity,credit
vehicle purchase for business reference 56886,21033.28,0,CSV,10,asset,credit
maintenance and repair expense reference 74351,479046.49,0,Bank,5,expense,debit
vendor credit purchase reference 99797,155822.52,0,CSV,3,liability,credit
loan repayment liability reference 82258,41034.01,0,CSV,8,liability,credit
loan repayment liability reference 75440,114008.67,1,Bank,11,liability,credit
owner investment into business reference 85764,371962.29,0,Excel,4,equity,credit
retained earnings transfer reference 26740,110152.65,0,CSV,9,equity,credit
owner capital introduced reference 42766,225616.83,0,Bank,9,equity,credit
client payment for consulting services reference 11121,217300.79,0,Bank,10,revenue,credit
maintenance and repair expense reference 34642,190640.17,0,PDF,9,expense,debit
employee salary payment reference 95802,237888.31,0,Manual,7,expense,debit
office supplies purchase reference 34447,475574.72,0,Excel,10,expense,debit
additional equity contribution reference 36474,386160.5,1,Excel,7,equity,debit
insurance expense reference 95322,388759.9,0,PDF,5,expense,debit
consulting income received reference 48189,5559.6,0,Excel,6,revenue,debit
owner capital introduced reference 21237,172710.17,0,CSV,2,equity,credit
inventory purchase for stock reference 90447,473400.77,0,Excel,9,asset,debit
capital introduced by shareholder reference 22357,241491.68,0,Manual,12,equity,credit
customer invoice settlement reference 37980,191088.61,0,PDF,1,revenue,debit
product sales receipt reference 24627,481208.75,0,CSV,5,revenue,credit
accounts payable recorded reference 61316,255220.99,0,Manual,3,liability,credit
owner withdrawal against equity reference 32268,142063.07,1,PDF,8,equity,credit
employee salary payment reference 10516,10220.59,0,Manual,7,expense,debit
retained earnings transfer reference 30513,443223.97,0,Manual,11,equity,credit
security deposit paid reference 17235,477273.37,0,Excel,3,asset,debit
security deposit paid reference 40283,106023.89,0,PDF,3,asset,debit
owner investment into business reference 98052,165147.33,0,PDF,1,equity,credit
prepaid insurance reference 28715,443996.02,0,Excel,6,asset,debit
accounts payable recorded reference 54454,103211.72,0,PDF,3,liability,credit
purchase of office laptop reference 25209,213061.48,0,CSV,1,asset,debit
sales revenue from customer invoice reference 53181,489033.85,0,Bank,2,revenue,credit
sales revenue from customer invoice reference 50142,205145.69,1,Bank,9,revenue,credit
loan repayment liability reference 80755,492782.95,0,Bank,5,liability,credit
security deposit paid reference 37231,222163.61,0,CSV,1,asset,debit
service revenue received reference 60262,367484.39,0,Manual,7,revenue,credit
employee salary payment reference 83701,150206.39,0,Manual,1,expense,debit
shareholder contribution reference 75036,119216.82,1,Manual,5,equity,credit
professional fees reference 54332,421225.88,0,Bank,11,expense,debit
purchase of machinery reference 66126,328458.02,1,Manual,7,asset,debit
tax payable recorded reference 41474,19312.05,0,CSV,6,liability,debit
consulting income received reference 78106,372970.05,0,Bank,3,revenue,credit
vendor credit purchase reference 50637,74349.74,1,PDF,12,liability,credit
product sales receipt reference 45392,371295.16,0,Bank,7,revenue,credit
subscription revenue reference 41337,319883.79,0,Excel,2,revenue,credit
monthly office rent reference 93189,85756.47,1,Excel,10,expense,debit
gst payable recorded reference 25837,156099.7,0,Excel,6,liability,credit
shareholder contribution reference 15877,485041.05,0,Bank,2,equity,credit
sales collection reference 18924,103889.09,0,Excel,3,revenue,credit
owner capital introduced reference 89176,163184.16,0,PDF,4,equity,debit
client payment for consulting services reference 19690,317184.99,0,CSV,4,revenue,credit
marketing campaign expense reference 54088,274509.86,0,Manual,6,expense,debit
purchase of office laptop reference 77522,378867.7,0,Manual,5,asset,debit
subscription revenue reference 49418,319687.32,1,Excel,12,revenue,credit
sales collection reference 75312,34776.12,0,Manual,8,revenue,credit
supplier payable created reference 45165,272658.58,1,Excel,2,liability,credit
owner investment into business reference 57812,396552.03,1,Manual,4,equity,debit
sales revenue from customer invoice reference 13278,278317.05,1,Bank,11,revenue,credit
owner withdrawal against equity reference 10234,143253.65,1,Excel,7,equity,credit
owner withdrawal against equity reference 10195,374629.18,0,PDF,10,equity,debit
tax payable recorded reference 71568,77777.72,1,Excel,2,liability,credit
consulting income received reference 47703,111570.37,0,PDF,4,revenue,credit
business loan received reference 16126,263794.68,0,CSV,3,liability,credit
loan repayment liability reference 20336,256742.49,0,Excel,9,liability,credit
owner investment into business reference 80171,66948.56,0,CSV,7,equity,credit
vehicle purchase for business reference 37097,348344.7,1,Excel,3,asset,debit
office furniture purchase reference 96091,213746.33,0,PDF,10,asset,debit
purchase of machinery reference 82142,376049.38,0,Excel,9,asset,debit
sales revenue from customer invoice reference 56831,399120.73,0,PDF,10,revenue,credit
insurance expense reference 31223,286844.27,0,PDF,11,expense,debit
product sales receipt reference 77134,341058.96,1,CSV,2,revenue,credit
inventory purchase for stock reference 47654,447045.64,0,CSV,12,asset,debit
client payment for consulting services reference 29246,99471.36,0,PDF,2,revenue,credit
sales collection reference 24497,104237.28,1,Bank,7,revenue,credit
insurance expense reference 72890,189212.67,0,Manual,8,expense,debit
shareholder contribution reference 74813,240401.57,0,CSV,4,equity,credit
loan repayment liability reference 76286,240680.94,0,CSV,2,liability,credit
purchase of machinery reference 54323,475355.42,0,Excel,8,asset,debit
insurance expense reference 43008,273523.42,0,CSV,10,expense,debit
insurance expense reference 34416,498769.82,0,Bank,2,expense,debit
professional fees reference 25290,142732.76,0,Bank,12,expense,debit
purchase of computer equipment reference 22494,112113.7,1,Excel,10,asset,debit
owner withdrawal against equity reference 95726,80926.54,1,CSV,12,equity,credit
client payment for consulting services reference 64827,217724.64,0,PDF,8,revenue,credit
accounts receivable created reference 51590,174896.37,0,Bank,11,asset,debit
equipment acquisition reference 42956,245216.54,1,CSV,11,asset,debit
short term borrowing reference 20369,9084.37,0,PDF,5,liability,credit
purchase of computer equipment reference 82506,18993.3,1,PDF,1,asset,debit
software subscription expense reference 21882,351063.13,0,CSV,10,expense,debit
inventory purchase for stock reference 81216,303491.56,0,Manual,7,asset,debit
marketing campaign expense reference 26662,445222.2,0,CSV,6,expense,debit
office furniture purchase reference 52072,362957.97,0,Bank,2,asset,debit
product sales receipt reference 38938,374535.98,0,Bank,6,revenue,credit
maintenance and repair expense reference 40309,352037.15,0,CSV,8,expense,debit
accounts receivable created reference 55984,439263.8,0,Manual,10,asset,debit
supplier payable created reference 55995,431526.55,1,Excel,1,liability,credit
vendor credit purchase reference 74419,498219.41,0,Bank,12,liability,credit
salary payable recorded reference 19369,130515.76,0,CSV,2,liability,credit
additional equity contribution reference 25404,476203.23,0,PDF,2,equity,credit
sales collection reference 39388,99306.02,0,Manual,11,revenue,credit
courier and postage expense reference 49594,430879.35,0,CSV,8,expense,debit
retained earnings transfer reference 16166,239646.63,0,PDF,6,equity,credit
internet and telecom bill reference 65509,253880.55,0,CSV,7,expense,credit
salary payable recorded reference 51961,453398.83,0,Bank,9,liability,credit
accounts payable recorded reference 29051,416343.7,0,PDF,1,liability,credit
service revenue received reference 35612,494811.16,1,Bank,4,revenue,credit
accounts receivable created reference 52650,153058.87,0,PDF,1,asset,debit
sales collection reference 31450,251686.03,0,Excel,7,revenue,credit
purchase of computer equipment reference 10624,26089.46,0,Manual,2,asset,debit
salary payable recorded reference 63506,8968.43,0,Bank,7,liability,credit
business loan received reference 61577,365851.53,1,Manual,11,liability,credit
owner investment into business reference 12613,92717.39,0,Excel,10,equity,credit
sales revenue from customer invoice reference 35874,320774.32,0,CSV,4,revenue,credit
salary payable recorded reference 89048,8733.55,1,Excel,12,liability,credit
loan repayment liability reference 60256,351342.06,1,Bank,6,liability,credit
office electricity bill reference 79716,482906.3,1,PDF,1,expense,debit
vehicle purchase for business reference 39835,450805.75,0,Excel,4,asset,debit
office supplies purchase reference 92769,197329.07,1,Manual,10,expense,debit
insurance expense reference 61212,67712.08,0,Manual,8,expense,debit
gst payable recorded reference 22881,202692.63,1,CSV,2,liability,credit
insurance expense reference 16075,153403.36,0,PDF,8,expense,debit
sales revenue from customer invoice reference 47223,392071.3,0,PDF,12,revenue,credit
capital introduced by shareholder reference 84882,39362.38,0,PDF,9,equity,credit
software subscription expense reference 71782,456042.0,0,Bank,11,expense,debit
accounts receivable created reference 64705,184245.11,1,CSV,11,asset,debit
customer invoice settlement reference 75168,73442.8,0,Manual,2,revenue,credit
sales revenue from customer invoice reference 67638,101166.72,0,Manual,10,revenue,credit
equipment acquisition reference 92319,276808.75,0,Manual,5,asset,debit
office furniture purchase reference 56626,145541.9,0,PDF,2,asset,debit
subscription revenue reference 35098,483340.86,0,Excel,7,revenue,credit
short term borrowing reference 55510,213852.78,0,CSV,2,liability,credit
inventory purchase for stock reference 80792,45208.68,0,Manual,5,asset,debit
customer invoice settlement reference 35902,339733.11,1,Manual,12,revenue,debit
sales collection reference 98627,70923.18,0,Excel,11,revenue,credit
office furniture purchase reference 32498,130303.93,0,Bank,12,asset,debit
employee salary payment reference 60693,116699.96,0,Bank,5,expense,debit
gst payable recorded reference 35827,290285.81,0,Bank,6,liability,credit
accounts receivable created reference 97527,11040.49,1,Excel,9,asset,debit
insurance expense reference 39418,146579.53,0,Bank,1,expense,debit
sales revenue from customer invoice reference 21534,491124.3,0,CSV,11,revenue,credit
office supplies purchase reference 67276,262402.19,1,Excel,11,expense,debit
professional fees reference 73178,19974.99,0,PDF,4,expense,debit
purchase of computer equipment reference 88403,313139.23,1,Manual,5,asset,debit
gst payable recorded reference 81896,416248.15,0,Bank,10,liability,credit
consulting income received reference 18593,356144.51,0,Excel,11,revenue,credit
vendor credit purchase reference 65276,109860.4,0,PDF,6,liability,debit
maintenance and repair expense reference 84274,230404.79,0,Bank,4,expense,debit
prepaid insurance reference 53924,479009.45,0,Bank,10,asset,debit
sales revenue from customer invoice reference 89127,142312.26,0,Bank,2,revenue,debit
consulting income received reference 21284,206257.0,0,Manual,3,revenue,credit
owner capital introduced reference 22962,60069.07,0,Excel,1,equity,credit
sales revenue from customer invoice reference 48186,267038.45,0,CSV,6,revenue,debit
sales revenue from customer invoice reference 10569,453894.1,1,PDF,6,revenue,credit
software subscription expense reference 71154,238375.13,0,PDF,5,expense,debit
retained earnings transfer reference 93200,337896.74,1,Excel,1,equity,credit
purchase of office laptop reference 83482,135537.44,0,Manual,1,asset,debit
office furniture purchase reference 94831,54130.9,0,PDF,4,asset,debit
additional equity contribution reference 66615,173324.61,0,Manual,12,equity,credit
client payment for consulting services reference 25095,77764.88,1,Excel,5,revenue,credit
vehicle purchase for business reference 83725,56486.12,0,Excel,10,asset,debit
retained earnings transfer reference 51611,495009.16,1,Excel,7,equity,credit
employee salary payment reference 16300,164286.02,0,Manual,4,expense,debit
software subscription expense reference 39818,119214.71,1,PDF,2,expense,debit
short term borrowing reference 18330,454136.22,0,CSV,4,liability,credit
short term borrowing reference 70032,422670.19,0,Excel,7,liability,credit
inventory purchase for stock reference 34187,365541.96,1,PDF,12,asset,debit
business travel expense reference 92998,131170.7,1,Manual,8,expense,debit
courier and postage expense reference 37602,191267.28,0,PDF,1,expense,debit
sales revenue from customer invoice reference 74531,125460.44,0,PDF,4,revenue,credit
purchase of office laptop reference 43161,378874.43,0,PDF,9,asset,debit
professional fees reference 62179,176060.47,0,Manual,3,expense,debit
inventory purchase for stock reference 85292,231472.09,0,CSV,10,asset,debit
retained earnings transfer reference 47536,369273.19,0,Bank,12,equity,credit
shareholder contribution reference 39490,66971.49,0,CSV,11,equity,credit
gst payable recorded reference 75698,66426.74,0,Bank,5,liability,debit
prepaid insurance reference 75412,494264.34,0,Excel,9,asset,debit
gst payable recorded reference 25657,243344.08,0,CSV,5,liability,credit
short term borrowing reference 20951,335861.9,0,Excel,9,liability,credit
sales revenue from customer invoice reference 36198,62383.36,0,PDF,11,revenue,credit
tax payable recorded reference 30797,329185.35,0,Excel,8,liability,credit
office electricity bill reference 13183,452978.75,0,Excel,3,expense,debit
courier and postage expense reference 96152,52612.98,1,Excel,6,expense,debit
vehicle purchase for business reference 36598,65094.28,1,Manual,4,asset,debit
share capital contribution reference 63021,474741.53,0,Bank,3,equity,credit
shareholder contribution reference 66505,151036.41,1,Excel,4,equity,credit
prepaid insurance reference 41484,465941.34,0,Bank,4,asset,debit
client payment for consulting services reference 59229,419960.74,0,Manual,6,revenue,credit
sales revenue from customer invoice reference 76753,365702.42,0,Manual,7,revenue,credit
business loan received reference 39228,219549.95,0,Manual,10,liability,credit
office supplies purchase reference 99662,115805.74,0,Excel,12,expense,debit
office furniture purchase reference 42352,413064.31,1,Excel,10,asset,debit
office furniture purchase reference 74573,277758.46,1,PDF,6,asset,debit
business loan received reference 12081,126966.29,0,CSV,5,liability,credit
tax payable recorded reference 88338,162754.19,1,Manual,2,liability,credit
security deposit paid reference 99357,138449.18,0,Manual,4,asset,debit
software subscription expense reference 44707,395203.66,0,Bank,7,expense,debit
sales revenue from customer invoice reference 39282,432981.73,0,Manual,7,revenue,credit
additional equity contribution reference 83232,141555.0,0,Excel,10,equity,credit
security deposit paid reference 68795,138877.93,0,Manual,2,asset,debit
owner withdrawal against equity reference 73006,15445.99,0,Excel,10,equity,credit
capital introduced by shareholder reference 55072,451026.32,0,Bank,5,equity,credit
security deposit paid reference 40540,148295.31,0,Excel,3,asset,debit
salary payable recorded reference 67255,91978.76,0,CSV,7,liability,credit
additional equity contribution reference 62220,495509.02,0,PDF,8,equity,credit
sales collection reference 96580,353566.17,0,CSV,4,revenue,credit
salary payable recorded reference 85555,2434.07,1,PDF,5,liability,credit
business travel expense reference 84018,25773.11,1,CSV,3,expense,debit
capital introduced by shareholder reference 40242,168235.26,0,CSV,3,equity,credit
business loan received reference 90460,142217.87,1,Manual,4,liability,credit
professional fees reference 41303,135378.67,0,PDF,12,expense,debit
product sales receipt reference 68732,402293.72,0,PDF,8,revenue,credit
business travel expense reference 50626,379424.39,0,CSV,7,expense,debit
accounts receivable created reference 30994,72734.05,0,Excel,5,asset,debit
owner capital introduced reference 92461,381533.95,0,PDF,3,equity,credit
consulting income received reference 62221,387321.39,0,Excel,11,revenue,credit
capital introduced by shareholder reference 82571,59508.87,1,PDF,5,equity,credit
office furniture purchase reference 52969,200103.68,0,PDF,11,asset,debit
owner capital introduced reference 66046,142522.58,0,Bank,3,equity,credit
office electricity bill reference 37387,245720.04,0,Manual,4,expense,debit
salary payable recorded reference 49175,91495.24,0,Excel,3,liability,credit
business travel expense reference 95227,310100.36,0,Excel,7,expense,debit
accounts receivable created reference 72442,87940.26,1,Manual,2,asset,debit
owner withdrawal against equity reference 46103,499003.0,1,Manual,10,equity,credit
purchase of office laptop reference 51769,210975.82,0,Bank,8,asset,debit
subscription revenue reference 84762,26349.0,0,Bank,11,revenue,credit
office electricity bill reference 58820,406887.2,1,PDF,11,expense,debit
owner withdrawal against equity reference 16208,375986.02,0,CSV,6,equity,debit
software subscription expense reference 71603,74785.55,0,Manual,2,expense,debit
monthly office rent reference 38505,385880.54,1,Bank,7,expense,debit
sales collection reference 21468,62742.82,0,Bank,3,revenue,credit
owner capital introduced reference 41353,255583.95,1,Bank,3,equity,credit
retained earnings transfer reference 13041,231553.4,1,CSV,7,equity,credit
purchase of office laptop reference 80877,57625.16,0,CSV,11,asset,debit
business loan received reference 61508,365909.2,0,Excel,4,liability,credit
insurance expense reference 31500,259624.64,0,Bank,10,expense,debit
purchase of machinery reference 60422,438074.91,0,Bank,4,asset,debit
shareholder contribution reference 59373,6245.28,1,Bank,9,equity,credit
security deposit paid reference 54919,58851.78,0,CSV,1,asset,debit
purchase of computer equipment reference 89828,287216.53,0,Excel,6,asset,debit
share capital contribution reference 49372,287877.37,0,Bank,4,equity,debit
subscription revenue reference 71360,128186.06,0,Bank,3,revenue,credit
monthly office rent reference 47399,431936.52,0,Bank,6,expense,debit
supplier payable created reference 21601,413734.23,0,Bank,9,liability,credit
owner withdrawal against equity reference 70799,83946.66,0,Manual,1,equity,credit
business loan received reference 76517,485929.83,0,PDF,10,liability,credit
accounts receivable created reference 68579,273889.52,0,CSV,2,asset,debit
security deposit paid reference 76152,499800.86,0,Excel,7,asset,debit
business loan received reference 63303,243476.35,1,PDF,2,liability,credit
accounts payable recorded reference 68231,499294.53,1,Manual,7,liability,credit
vendor credit purchase reference 96284,79845.25,0,Manual,6,liability,credit
consulting income received reference 47674,387273.55,0,PDF,5,revenue,credit
security deposit paid reference 92078,388697.53,1,Bank,11,asset,debit
equipment acquisition reference 91317,343281.88,1,Manual,9,asset,debit
tax payable recorded reference 28055,43023.51,0,Excel,9,liability,credit
shareholder contribution reference 55953,298689.62,0,Bank,1,equity,credit
subscription revenue reference 42626,84662.11,0,Manual,10,revenue,credit
share capital contribution reference 57212,205106.26,1,PDF,3,equity,credit
vendor credit purchase reference 97843,160120.96,1,Bank,9,liability,credit
purchase of computer equipment reference 29968,415648.68,0,CSV,8,asset,debit
security deposit paid reference 22157,30893.73,0,CSV,11,asset,debit
subscription revenue reference 93470,224379.56,0,Bank,8,revenue,credit
business travel expense reference 43593,149198.35,0,Excel,11,expense,debit
owner withdrawal against equity reference 15392,55078.67,0,PDF,8,equity,credit
insurance expense reference 35394,489220.37,1,Bank,5,expense,debit
business travel expense reference 55334,159295.62,0,Manual,3,expense,debit
business travel expense reference 27303,139078.28,1,PDF,8,expense,debit
additional equity contribution reference 32935,446813.94,0,Manual,4,equity,credit
business travel expense reference 70670,245140.84,0,Manual,3,expense,debit
consulting income received reference 43709,33006.27,0,Bank,8,revenue,credit
share capital contribution reference 56471,392780.45,0,Bank,4,equity,credit
accounts payable recorded reference 55042,401205.42,0,Manual,6,liability,credit
monthly office rent reference 64679,306252.91,1,PDF,2,expense,debit
business travel expense reference 80750,29743.5,0,PDF,7,expense,debit
business travel expense reference 58073,188712.57,0,Excel,7,expense,credit
vehicle purchase for business reference 30845,144898.78,0,Bank,7,asset,debit
office supplies purchase reference 86972,117006.05,0,PDF,7,expense,debit
prepaid insurance reference 30155,145494.28,0,Excel,2,asset,debit
insurance expense reference 43220,217355.15,0,CSV,2,expense,debit
share capital contribution reference 89217,297940.43,1,Manual,7,equity,credit
client payment for consulting services reference 43948,197356.44,1,CSV,2,revenue,credit
sales revenue from customer invoice reference 15662,426041.42,0,Bank,5,revenue,credit
shareholder contribution reference 19372,388723.37,0,CSV,3,equity,credit
office supplies purchase reference 74419,242299.67,1,Excel,7,expense,debit
subscription revenue reference 71286,283845.28,0,Bank,5,revenue,credit
customer invoice settlement reference 58269,25771.91,0,CSV,12,revenue,credit
professional fees reference 42449,354611.27,0,Manual,9,expense,debit
office electricity bill reference 99734,107101.64,1,PDF,7,expense,debit
software subscription expense reference 41626,167783.39,0,Excel,11,expense,debit
product sales receipt reference 28160,62899.38,0,Excel,9,revenue,credit
business travel expense reference 15095,33933.55,0,Manual,3,expense,debit
additional equity contribution reference 40408,88174.16,0,CSV,5,equity,credit
subscription revenue reference 56968,140178.35,1,PDF,8,revenue,credit
capital introduced by shareholder reference 50465,276963.99,0,Excel,3,equity,credit
accounts receivable created reference 94180,477793.43,1,Manual,5,asset,debit
loan repayment liability reference 53274,253433.53,0,Manual,12,liability,credit
short term borrowing reference 67195,69290.83,0,Bank,9,liability,credit
insurance expense reference 13638,475354.8,0,Excel,4,expense,debit
monthly office rent reference 87920,469736.95,0,PDF,3,expense,debit
insurance expense reference 96769,59091.07,0,Excel,4,expense,credit
sales collection reference 55002,28168.33,1,Manual,3,revenue,credit
capital introduced by shareholder reference 88119,457254.54,0,CSV,8,equity,credit
client payment for consulting services reference 14029,320888.24,0,Bank,5,revenue,credit
employee salary payment reference 37370,404860.92,0,Bank,8,expense,debit
accounts receivable created reference 32959,404333.71,0,Manual,11,asset,debit
shareholder contribution reference 17190,119824.98,0,PDF,9,equity,credit
product sales receipt reference 22298,313197.44,0,Bank,2,revenue,credit
loan repayment liability reference 99186,147673.71,0,Bank,3,liability,debit
prepaid insurance reference 30607,250288.75,0,Bank,4,asset,debit
inventory purchase for stock reference 80871,451073.64,0,CSV,1,asset,debit
service revenue received reference 61725,252149.5,1,PDF,11,revenue,credit
client payment for consulting services reference 66900,499348.4,0,Manual,3,revenue,credit
equipment acquisition reference 33872,162486.91,1,Excel,7,asset,debit
security deposit paid reference 37155,177417.39,0,CSV,7,asset,debit
business loan received reference 53217,463086.27,0,CSV,3,liability,credit
owner capital introduced reference 79857,83822.34,1,Bank,8,equity,credit
service revenue received reference 64286,272816.73,1,PDF,9,revenue,credit
owner investment into business reference 95627,393365.16,0,CSV,9,equity,credit
retained earnings transfer reference 83774,109791.8,0,Manual,9,equity,credit
owner withdrawal against equity reference 17568,14337.79,0,CSV,2,equity,credit
shareholder contribution reference 54549,409092.96,0,PDF,12,equity,credit
purchase of computer equipment reference 54812,39576.41,0,PDF,11,asset,debit
sales collection reference 22445,349467.47,0,PDF,1,revenue,credit
office furniture purchase reference 97364,257183.95,1,CSV,1,asset,debit
retained earnings transfer reference 22212,338944.84,0,Excel,5,equity,credit
salary payable recorded reference 76369,38108.63,0,CSV,1,liability,credit
sales revenue from customer invoice reference 16485,421075.61,1,Bank,4,revenue,credit
sales collection reference 88120,159789.81,0,CSV,2,revenue,credit
additional equity contribution reference 90927,442957.44,0,Manual,5,equity,credit
business travel expense reference 27589,465662.41,0,CSV,10,expense,debit
owner withdrawal against equity reference 36594,106270.29,1,Excel,11,equity,debit
gst payable recorded reference 43181,250919.58,0,PDF,6,liability,credit
purchase of office laptop reference 46164,493752.2,0,CSV,10,asset,credit
software subscription expense reference 21811,156743.66,0,Bank,2,expense,debit
supplier payable created reference 41240,210797.68,0,Bank,2,liability,credit
loan repayment liability reference 39477,80471.28,1,CSV,5,liability,credit
business travel expense reference 87853,478798.77,0,Excel,7,expense,debit
purchase of machinery reference 76235,484254.96,0,Excel,11,asset,debit
short term borrowing reference 93130,211172.85,0,Manual,7,liability,credit
share capital contribution reference 96753,59571.35,0,Excel,1,equity,credit
owner capital introduced reference 22486,409454.46,0,PDF,2,equity,credit
equipment acquisition reference 12507,198315.26,0,PDF,8,asset,credit
consulting income received reference 63077,12621.36,1,CSV,8,revenue,credit
short term borrowing reference 66638,256144.44,0,PDF,10,liability,credit
maintenance and repair expense reference 42697,8463.25,0,CSV,7,expense,debit
accounts payable recorded reference 94262,462258.96,0,CSV,8,liability,credit
purchase of office laptop reference 67862,320055.09,0,PDF,11,asset,debit
purchase of computer equipment reference 48825,369676.55,1,Bank,11,asset,debit
vendor credit purchase reference 20462,177312.68,0,Excel,3,liability,credit
share capital contribution reference 55678,466153.89,0,Manual,11,equity,credit
security deposit paid reference 85044,362012.72,0,Bank,9,asset,debit
consulting income received reference 74495,380112.51,0,CSV,11,revenue,credit
customer invoice settlement reference 68713,301439.76,0,Manual,5,revenue,credit
sales collection reference 65806,155876.39,0,Manual,2,revenue,credit
accounts receivable created reference 12857,364974.59,0,PDF,11,asset,debit
professional fees reference 26955,55123.36,1,PDF,1,expense,credit
capital introduced by shareholder reference 80080,89890.14,1,Manual,2,equity,credit
client payment for consulting services reference 80924,184518.76,0,Manual,7,revenue,credit
shareholder contribution reference 43470,448222.81,0,Manual,10,equity,credit
tax payable recorded reference 95213,73188.58,0,CSV,3,liability,credit
equipment acquisition reference 16587,156408.46,1,PDF,10,asset,debit
accounts receivable created reference 29941,254166.42,0,Bank,5,asset,debit
service revenue received reference 51368,225511.09,1,Bank,12,revenue,credit
supplier payable created reference 40923,254656.89,0,Bank,11,liability,debit
salary payable recorded reference 37891,483448.64,1,Bank,2,liability,credit
equipment acquisition reference 25286,431558.31,1,Excel,12,asset,debit
retained earnings transfer reference 27580,414501.94,0,Manual,9,equity,credit
short term borrowing reference 35676,99591.55,1,CSV,8,liability,credit
software subscription expense reference 48552,469272.98,0,Manual,12,expense,credit
gst payable recorded reference 43133,222315.71,1,CSV,5,liability,credit
vehicle purchase for business reference 97429,134962.74,0,PDF,4,asset,debit
retained earnings transfer reference 63138,407788.56,0,PDF,3,equity,credit
consulting income received reference 97192,482806.86,0,CSV,10,revenue,credit
equipment acquisition reference 49655,430096.87,0,PDF,7,asset,debit
equipment acquisition reference 31643,109266.62,0,Excel,12,asset,debit
maintenance and repair expense reference 76851,343429.29,0,Bank,4,expense,credit
sales collection reference 50606,122927.59,0,PDF,11,revenue,credit
internet and telecom bill reference 51444,23430.56,0,PDF,8,expense,debit
loan repayment liability reference 23679,365696.88,1,Bank,1,liability,credit
customer invoice settlement reference 93949,196050.24,0,CSV,6,revenue,credit
accounts payable recorded reference 49535,453624.43,0,PDF,8,liability,debit
retained earnings transfer reference 40050,173307.67,1,Manual,11,equity,credit
supplier payable created reference 17660,59630.89,1,Excel,4,liability,credit
purchase of computer equipment reference 82906,430205.91,1,Manual,10,asset,debit
professional fees reference 13232,423997.59,1,CSV,1,expense,debit
loan repayment liability reference 97393,378532.14,0,PDF,2,liability,credit
client payment for consulting services reference 85296,73343.23,0,Manual,7,revenue,credit
purchase of office laptop reference 50363,44155.25,0,Excel,9,asset,debit
capital introduced by shareholder reference 86673,437149.63,0,Bank,4,equity,credit
sales revenue from customer invoice reference 45049,17768.55,0,Bank,10,revenue,credit
retained earnings transfer reference 24648,274063.38,1,PDF,9,equity,credit
vehicle purchase for business reference 91724,249824.92,0,Manual,7,asset,debit
monthly office rent reference 81336,39739.22,0,CSV,8,expense,debit
accounts receivable created reference 84159,133000.2,0,Excel,4,asset,debit
consulting income received reference 62419,496764.5,0,Bank,7,revenue,credit
owner investment into business reference 90306,281608.39,0,Bank,1,equity,credit
office electricity bill reference 79828,271038.16,1,Bank,8,expense,debit
office supplies purchase reference 61916,375793.69,0,Manual,2,expense,credit
maintenance and repair expense reference 19108,166064.27,0,Excel,5,expense,debit
shareholder contribution reference 65295,18263.79,1,Bank,11,equity,credit
loan repayment liability reference 11867,151080.15,0,Bank,3,liability,credit
purchase of machinery reference 47367,318959.33,0,CSV,10,asset,debit
supplier payable created reference 35025,7404.06,0,PDF,9,liability,credit
owner withdrawal against equity reference 39431,167865.32,0,Bank,11,equity,credit
service revenue received reference 39952,316736.32,1,CSV,12,revenue,credit
shareholder contribution reference 10956,327835.09,1,CSV,2,equity,credit
marketing campaign expense reference 78997,364605.53,1,Manual,6,expense,debit
service revenue received reference 38039,112137.56,0,PDF,12,revenue,credit
product sales receipt reference 81775,434907.31,0,Excel,9,revenue,credit
service revenue received reference 67445,257712.39,0,Bank,6,revenue,credit
vendor credit purchase reference 84612,331738.27,1,PDF,5,liability,debit
inventory purchase for stock reference 36378,44187.92,0,Excel,1,asset,debit
office electricity bill reference 89532,68662.43,0,PDF,2,expense,debit
retained earnings transfer reference 23363,397833.43,0,CSV,9,equity,credit
employee salary payment reference 94984,214849.29,0,CSV,4,expense,debit
marketing campaign expense reference 64995,276499.24,0,CSV,12,expense,debit
gst payable recorded reference 45709,365524.11,0,Bank,8,liability,credit
supplier payable created reference 23829,275317.68,0,PDF,11,liability,credit
gst payable recorded reference 85290,497805.81,0,CSV,10,liability,credit
owner withdrawal against equity reference 22343,224949.19,0,Excel,9,equity,credit
gst payable recorded reference 30610,358606.26,0,Bank,9,liability,credit
equipment acquisition reference 65367,398471.32,0,Manual,5,asset,debit
retained earnings transfer reference 44291,116604.22,0,Bank,4,equity,credit
business travel expense reference 15873,207654.02,0,CSV,8,expense,debit
sales revenue from customer invoice reference 81371,310047.44,0,Excel,4,revenue,debit
professional fees reference 50028,34379.83,0,CSV,5,expense,debit
short term borrowing reference 60057,477389.19,0,PDF,4,liability,credit
customer invoice settlement reference 20851,233071.45,0,Manual,12,revenue,credit
prepaid insurance reference 31198,329711.78,0,Bank,10,asset,debit
sales revenue from customer invoice reference 50888,412787.06,0,Manual,6,revenue,credit
purchase of computer equipment reference 95098,38586.59,0,Bank,1,asset,debit
tax payable recorded reference 54148,439660.25,0,PDF,5,liability,credit
retained earnings transfer reference 84321,45766.79,1,Bank,7,equity,credit
shareholder contribution reference 46958,266415.13,0,PDF,5,equity,credit
internet and telecom bill reference 19597,259902.97,1,Bank,8,expense,credit
software subscription expense reference 78628,455836.85,0,CSV,2,expense,debit
accounts payable recorded reference 47250,286143.27,0,Manual,11,liability,credit
additional equity contribution reference 99145,247981.16,0,CSV,12,equity,debit
employee salary payment reference 84734,217772.85,0,Manual,3,expense,debit
salary payable recorded reference 83456,82247.08,0,Bank,11,liability,credit
internet and telecom bill reference 65151,91012.33,0,CSV,3,expense,debit
customer invoice settlement reference 32797,352783.57,1,Excel,1,revenue,credit
purchase of machinery reference 55981,479193.28,0,Bank,8,asset,debit
purchase of computer equipment reference 70948,160935.57,0,PDF,7,asset,debit
owner withdrawal against equity reference 64717,135646.41,0,PDF,2,equity,credit
short term borrowing reference 60923,206287.97,0,Bank,4,liability,credit
marketing campaign expense reference 80158,432978.84,1,Bank,10,expense,credit
client payment for consulting services reference 35142,284872.25,0,CSV,12,revenue,credit
professional fees reference 40128,364491.02,0,Manual,6,expense,debit
consulting income received reference 22366,479460.68,0,Excel,8,revenue,credit
client payment for consulting services reference 43929,166746.02,0,PDF,7,revenue,credit
client payment for consulting services reference 84647,398510.14,0,CSV,7,revenue,credit
client payment for consulting services reference 14476,164276.52,0,Bank,12,revenue,credit
inventory purchase for stock reference 76281,317454.03,0,PDF,1,asset,credit
consulting income received reference 81819,373427.18,1,Excel,4,revenue,credit
office electricity bill reference 11445,232718.4,0,Bank,1,expense,debit
business loan received reference 67124,451722.59,0,Manual,3,liability,credit
marketing campaign expense reference 23127,73490.87,0,Excel,7,expense,debit
equipment acquisition reference 46063,115726.26,0,PDF,8,asset,debit
sales collection reference 91154,321369.19,0,Bank,2,revenue,credit
loan repayment liability reference 93342,122415.81,1,Bank,7,liability,credit
equipment acquisition reference 63112,262734.91,1,PDF,4,asset,debit
monthly office rent reference 67001,206104.46,0,Excel,4,expense,debit
accounts payable recorded reference 46869,66101.35,0,Excel,6,liability,credit
client payment for consulting services reference 22951,439594.86,1,CSV,2,revenue,credit
subscription revenue reference 11568,57640.58,0,CSV,2,revenue,credit
service revenue received reference 30668,66345.2,0,Manual,2,revenue,credit
service revenue received reference 13538,493452.66,0,Manual,12,revenue,credit
retained earnings transfer reference 64005,424203.56,1,Excel,2,equity,credit
retained earnings transfer reference 89332,20040.55,0,PDF,10,equity,credit
sales collection reference 44144,342548.07,0,Excel,6,revenue,credit
maintenance and repair expense reference 76638,30857.4,0,Excel,3,expense,debit
consulting income received reference 17959,487263.2,1,Manual,8,revenue,credit
retained earnings transfer reference 94667,251629.52,0,CSV,8,equity,credit
office furniture purchase reference 88798,248410.25,0,PDF,8,asset,debit
owner capital introduced reference 64072,397346.54,1,CSV,10,equity,credit
supplier payable created reference 63307,315996.61,0,CSV,8,liability,credit
client payment for consulting services reference 58463,365716.37,0,Manual,2,revenue,credit
shareholder contribution reference 88421,91719.11,0,Excel,8,equity,credit
office furniture purchase reference 44461,18417.22,1,Manual,9,asset,debit
customer invoice settlement reference 51651,192852.2,0,CSV,4,revenue,credit
office furniture purchase reference 55124,400024.99,0,Bank,3,asset,debit
business travel expense reference 79553,95014.02,0,Manual,8,expense,debit
tax payable recorded reference 13091,412407.37,0,PDF,9,liability,credit
service revenue received reference 14263,143653.59,1,CSV,6,revenue,credit
sales revenue from customer invoice reference 24574,319805.55,0,Bank,3,revenue,credit
courier and postage expense reference 25435,94312.28,0,Excel,4,expense,debit
owner withdrawal against equity reference 52189,219994.2,0,Bank,1,equity,credit
consulting income received reference 14546,297486.52,0,CSV,8,revenue,credit
office furniture purchase reference 80025,107770.53,0,Manual,12,asset,debit
maintenance and repair expense reference 84618,205874.76,0,Manual,11,expense,debit
owner investment into business reference 66251,160009.47,0,Excel,8,equity,credit
vendor credit purchase reference 34480,410924.42,0,CSV,5,liability,credit
purchase of machinery reference 46232,114452.48,1,Bank,12,asset,debit
vendor credit purchase reference 46031,475303.58,0,Bank,1,liability,credit
sales revenue from customer invoice reference 43075,160679.79,0,Excel,6,revenue,credit
owner withdrawal against equity reference 73919,64716.56,0,Excel,12,equity,credit
customer invoice settlement reference 47355,336985.95,0,Manual,1,revenue,credit
professional fees reference 22681,200827.7,0,Bank,3,expense,debit
product sales receipt reference 81101,256520.18,0,CSV,8,revenue,credit
tax payable recorded reference 60692,433444.7,0,Bank,9,liability,credit
product sales receipt reference 14384,8737.38,0,Bank,2,revenue,credit
software subscription expense reference 11851,444133.98,1,Manual,8,expense,debit
owner investment into business reference 46108,409230.62,0,Manual,4,equity,credit
owner investment into business reference 78499,321926.72,0,Excel,10,equity,credit
capital introduced by shareholder reference 32794,107469.09,0,Manual,11,equity,debit
additional equity contribution reference 90598,194508.97,0,Excel,6,equity,credit
owner investment into business reference 43117,448545.18,0,CSV,1,equity,credit
owner investment into business reference 26298,416387.67,1,CSV,2,equity,credit
client payment for consulting services reference 25406,338710.81,1,CSV,2,revenue,credit
marketing campaign expense reference 12302,361441.12,0,PDF,8,expense,debit
purchase of machinery reference 97671,26752.66,1,Excel,1,asset,debit
office electricity bill reference 73277,210197.52,1,Bank,11,expense,debit
tax payable recorded reference 84507,306488.6,0,Manual,5,liability,credit
vehicle purchase for business reference 44696,403911.72,0,Manual,10,asset,credit
owner withdrawal against equity reference 48638,64125.75,0,Manual,3,equity,credit
gst payable recorded reference 47856,149735.22,1,Bank,12,liability,credit
purchase of machinery reference 57536,181372.5,0,Bank,4,asset,debit
inventory purchase for stock reference 70960,414325.16,0,CSV,6,asset,debit
owner investment into business reference 95025,409513.72,1,CSV,7,equity,credit
employee salary payment reference 15557,496960.15,1,Manual,10,expense,debit
service revenue received reference 59999,306074.3,0,Manual,8,revenue,credit
owner capital introduced reference 28349,474514.75,1,Bank,3,equity,credit
retained earnings transfer reference 86583,318386.46,1,Manual,5,equity,debit
consulting income received reference 50338,132974.12,0,Manual,6,revenue,credit
insurance expense reference 24048,165040.19,0,PDF,3,expense,debit
salary payable recorded reference 44320,378943.83,0,Manual,6,liability,credit
share capital contribution reference 14338,205613.18,0,Excel,9,equity,credit
owner withdrawal against equity reference 50745,158461.71,0,CSV,3,equity,credit
salary payable recorded reference 38544,43186.0,0,CSV,10,liability,credit
service revenue received reference 31658,386511.69,0,CSV,8,revenue,credit
salary payable recorded reference 48465,391793.82,0,Manual,8,liability,credit
prepaid insurance reference 66989,267489.25,1,Manual,3,asset,debit
insurance expense reference 46076,3145.29,0,Manual,9,expense,debit
office supplies purchase reference 26590,323597.56,0,Manual,7,expense,debit
internet and telecom bill reference 99759,351659.6,0,Bank,5,expense,debit
monthly office rent reference 81513,311822.76,0,Manual,2,expense,debit
maintenance and repair expense reference 73022,58792.8,0,Bank,9,expense,debit
service revenue received reference 34330,446924.69,0,PDF,4,revenue,credit
office supplies purchase reference 28013,156872.47,0,CSV,6,expense,debit
salary payable recorded reference 87360,474602.0,1,CSV,9,liability,credit
owner investment into business reference 45832,164380.3,0,Manual,10,equity,credit
consulting income received reference 87088,186444.66,1,CSV,8,revenue,credit
internet and telecom bill reference 39004,26345.14,1,CSV,6,expense,debit
subscription revenue reference 52524,296807.18,0,Bank,7,revenue,credit
subscription revenue reference 50578,385918.0,0,Excel,8,revenue,credit
security deposit paid reference 41378,443691.6,1,PDF,12,asset,debit
capital introduced by shareholder reference 42550,66548.2,1,Manual,11,equity,credit
capital introduced by shareholder reference 82860,462055.69,1,PDF,12,equity,credit
business loan received reference 95857,434709.93,0,CSV,6,liability,credit
customer invoice settlement reference 16143,345597.95,0,Manual,4,revenue,credit
consulting income received reference 88758,305308.61,0,Bank,12,revenue,credit
inventory purchase for stock reference 42165,203281.85,0,Manual,9,asset,debit
retained earnings transfer reference 46860,276217.93,1,Excel,9,equity,credit
accounts payable recorded reference 60181,364452.11,0,Manual,5,liability,credit
prepaid insurance reference 17432,32106.57,0,Excel,12,asset,debit
sales revenue from customer invoice reference 33713,239700.81,0,Bank,3,revenue,credit
owner capital introduced reference 25220,456692.06,0,Bank,7,equity,credit
capital introduced by shareholder reference 21369,195794.08,0,CSV,9,equity,debit
service revenue received reference 68726,248005.53,1,CSV,4,revenue,credit
purchase of computer equipment reference 40151,468612.13,0,CSV,1,asset,debit
additional equity contribution reference 22536,474035.33,0,Excel,5,equity,credit
monthly office rent reference 55018,463019.94,1,PDF,1,expense,debit
equipment acquisition reference 80651,105091.28,0,Excel,7,asset,debit
owner investment into business reference 93454,15608.24,0,Bank,7,equity,credit
inventory purchase for stock reference 88754,116506.1,1,CSV,7,asset,debit
professional fees reference 41803,100664.11,1,PDF,9,expense,debit
owner capital introduced reference 66751,273105.3,0,Excel,2,equity,credit
salary payable recorded reference 63652,105128.04,0,PDF,9,liability,credit
insurance expense reference 36032,447758.03,1,Bank,11,expense,debit
subscription revenue reference 65454,86060.01,0,Bank,7,revenue,credit
subscription revenue reference 56105,403819.96,0,PDF,5,revenue,credit
product sales receipt reference 98106,446695.35,1,PDF,11,revenue,credit
software subscription expense reference 52279,128282.96,0,Manual,7,expense,debit
owner capital introduced reference 37424,234445.12,0,Bank,4,equity,credit
additional equity contribution reference 15038,441915.92,1,PDF,5,equity,credit
shareholder contribution reference 52263,499875.14,1,Manual,4,equity,credit
gst payable recorded reference 48311,373798.59,0,Manual,10,liability,credit
shareholder contribution reference 83070,177442.67,0,CSV,3,equity,credit
office furniture purchase reference 98919,293775.35,0,Bank,10,asset,debit
security deposit paid reference 51577,202184.48,0,Manual,2,asset,debit
owner capital introduced reference 75038,288821.63,0,PDF,11,equity,credit
subscription revenue reference 92374,151972.68,1,Manual,9,revenue,credit
capital introduced by shareholder reference 31582,398444.76,0,PDF,1,equity,credit
customer invoice settlement reference 98973,409244.78,0,CSV,6,revenue,credit
owner investment into business reference 45706,218205.98,1,Excel,6,equity,credit
purchase of computer equipment reference 36346,322428.8,0,PDF,1,asset,debit
retained earnings transfer reference 98762,134004.16,1,Manual,5,equity,credit
marketing campaign expense reference 66755,19505.49,1,Manual,10,expense,debit
office electricity bill reference 57434,106074.12,0,Manual,9,expense,debit
capital introduced by shareholder reference 32592,311792.73,1,Excel,3,equity,debit
owner capital introduced reference 79479,442238.41,0,CSV,1,equity,credit
additional equity contribution reference 85610,235986.39,0,Manual,1,equity,credit
loan repayment liability reference 60972,438028.91,0,Manual,7,liability,credit
accounts receivable created reference 38099,205957.51,0,Excel,8,asset,debit
accounts receivable created reference 48802,323560.26,0,Excel,4,asset,debit
marketing campaign expense reference 34564,284625.08,1,CSV,10,expense,debit
insurance expense reference 13788,328918.76,0,Manual,2,expense,debit
owner withdrawal against equity reference 37545,183437.92,0,CSV,7,equity,credit
salary payable recorded reference 35525,458467.98,0,Excel,10,liability,credit
professional fees reference 16632,436355.51,0,Excel,8,expense,debit
short term borrowing reference 43094,360611.27,0,Bank,7,liability,credit
vehicle purchase for business reference 74752,207607.4,0,PDF,2,asset,debit
professional fees reference 30910,15113.73,0,Bank,8,expense,debit
courier and postage expense reference 82349,117965.91,0,Manual,4,expense,debit
prepaid insurance reference 87002,167588.29,0,CSV,9,asset,debit
share capital contribution reference 30775,245701.23,0,Bank,3,equity,credit
software subscription expense reference 78006,488099.43,1,CSV,8,expense,debit
vehicle purchase for business reference 39880,379704.55,0,Bank,6,asset,debit
consulting income received reference 31620,322587.19,0,CSV,4,revenue,credit
business loan received reference 74090,19056.14,0,Manual,11,liability,credit
share capital contribution reference 23328,176244.24,1,Manual,1,equity,credit
purchase of machinery reference 82330,459327.93,0,Manual,8,asset,debit
insurance expense reference 33255,261102.53,0,CSV,5,expense,debit
marketing campaign expense reference 10516,375567.33,0,Manual,2,expense,credit
product sales receipt reference 50018,108381.58,0,Bank,2,revenue,credit
consulting income received reference 77239,65810.53,0,Manual,12,revenue,credit
vendor credit purchase reference 36426,8856.48,0,Manual,3,liability,credit
employee salary payment reference 37469,377199.09,0,Manual,5,expense,debit
capital introduced by shareholder reference 91315,271316.03,0,Bank,3,equity,debit
tax payable recorded reference 59071,189897.04,0,Excel,4,liability,credit
maintenance and repair expense reference 57383,366519.96,1,Excel,10,expense,debit
office furniture purchase reference 78261,301810.26,0,PDF,10,asset,debit
product sales receipt reference 70383,149537.81,0,CSV,8,revenue,credit
client payment for consulting services reference 97378,190675.81,0,PDF,8,revenue,credit
client payment for consulting services reference 57764,488275.27,1,PDF,4,revenue,credit
owner investment into business reference 31399,298563.85,1,PDF,9,equity,credit
maintenance and repair expense reference 34876,328192.99,0,Excel,2,expense,debit
employee salary payment reference 77874,77243.01,0,Manual,3,expense,debit
sales revenue from customer invoice reference 68777,324631.46,0,PDF,5,revenue,credit
service revenue received reference 25213,130628.44,0,Bank,4,revenue,debit
sales collection reference 96370,297583.87,0,PDF,9,revenue,credit
service revenue received reference 54879,327859.04,0,CSV,10,revenue,credit
employee salary payment reference 49244,84586.68,0,Bank,2,expense,debit
prepaid insurance reference 65015,279110.52,1,CSV,8,asset,debit
accounts receivable created reference 74326,249354.08,0,PDF,3,asset,debit
security deposit paid reference 19066,480751.79,0,Bank,5,asset,debit
maintenance and repair expense reference 89378,92401.51,0,PDF,11,expense,credit
office supplies purchase reference 34568,223341.09,0,Manual,1,expense,debit
maintenance and repair expense reference 63781,372064.05,0,Manual,4,expense,debit
sales revenue from customer invoice reference 77910,49345.1,0,Bank,3,revenue,credit
office furniture purchase reference 18188,295194.54,0,Bank,8,asset,debit
security deposit paid reference 56752,286492.96,1,Excel,10,asset,debit
prepaid insurance reference 31805,474077.22,0,Excel,1,asset,debit
office electricity bill reference 86372,173520.83,0,CSV,12,expense,debit
share capital contribution reference 56494,334813.05,1,Manual,7,equity,credit
shareholder contribution reference 98186,22231.21,0,Excel,2,equity,credit
share capital contribution reference 64985,238892.85,0,Bank,3,equity,credit
purchase of computer equipment reference 37246,152786.67,0,Manual,12,asset,credit
security deposit paid reference 32684,402496.2,1,CSV,7,asset,debit
sales revenue from customer invoice reference 75181,481125.82,1,Excel,8,revenue,credit
marketing campaign expense reference 27904,219757.21,0,Manual,6,expense,debit
software subscription expense reference 51703,464441.09,1,PDF,3,expense,debit
insurance expense reference 48786,181377.33,0,Bank,9,expense,debit
tax payable recorded reference 40759,194792.78,0,CSV,5,liability,credit
accounts receivable created reference 56109,3095.17,0,Bank,3,asset,debit
vendor credit purchase reference 98914,300096.18,1,CSV,12,liability,credit
office electricity bill reference 27419,75098.08,0,PDF,2,expense,debit
office electricity bill reference 36683,161382.32,0,Excel,10,expense,debit
shareholder contribution reference 66707,31480.48,0,Bank,6,equity,credit
product sales receipt reference 11620,379397.82,0,Excel,12,revenue,credit
vehicle purchase for business reference 53583,495080.78,1,Manual,2,asset,debit
customer invoice settlement reference 25114,143253.34,0,Bank,2,revenue,credit
sales revenue from customer invoice reference 46251,130664.2,0,CSV,2,revenue,credit
shareholder contribution reference 76544,101754.72,0,Manual,9,equity,credit
software subscription expense reference 87777,447647.56,1,CSV,11,expense,debit
subscription revenue reference 13912,91158.46,0,CSV,3,revenue,credit
purchase of office laptop reference 90631,29550.2,1,PDF,5,asset,debit
owner investment into business reference 39233,184579.43,0,PDF,9,equity,credit
inventory purchase for stock reference 32856,404287.29,0,CSV,2,asset,debit
service revenue received reference 97992,164242.81,0,Bank,9,revenue,credit
purchase of office laptop reference 82986,194270.18,0,Excel,8,asset,debit
owner capital introduced reference 88255,496842.12,0,Excel,3,equity,credit
gst payable recorded reference 28486,412472.37,0,Excel,6,liability,credit
marketing campaign expense reference 21330,140456.88,0,CSV,9,expense,credit
consulting income received reference 12407,97919.09,1,Bank,7,revenue,credit
additional equity contribution reference 12363,343710.4,0,PDF,3,equity,credit
vehicle purchase for business reference 71650,333534.23,0,Bank,2,asset,debit
equipment acquisition reference 93265,251343.85,0,CSV,5,asset,debit
share capital contribution reference 99984,114880.47,0,Excel,4,equity,credit
consulting income received reference 89500,122409.36,0,Manual,9,revenue,credit
owner investment into business reference 39620,315552.11,0,Bank,11,equity,credit
client payment for consulting services reference 43864,289583.03,0,Manual,3,revenue,debit
client payment for consulting services reference 88972,479818.33,0,Excel,12,revenue,credit
vendor credit purchase reference 89159,479662.96,0,PDF,5,liability,credit
purchase of office laptop reference 61878,143507.39,0,Bank,12,asset,debit
inventory purchase for stock reference 85566,78326.87,0,Excel,7,asset,debit
tax payable recorded reference 27974,280315.96,0,Manual,2,liability,credit
tax payable recorded reference 65637,354264.79,0,Bank,6,liability,credit
subscription revenue reference 60920,206997.42,0,Manual,4,revenue,debit
business travel expense reference 15220,338595.71,0,Bank,1,expense,debit
product sales receipt reference 83849,120756.16,0,Bank,3,revenue,credit
subscription revenue reference 28616,395242.5,1,Excel,10,revenue,credit
business travel expense reference 83332,207741.41,0,Excel,11,expense,debit
security deposit paid reference 97928,328413.19,0,Bank,10,asset,debit
capital introduced by shareholder reference 23348,445004.66,0,Bank,10,equity,credit
client payment for consulting services reference 89657,244887.96,1,CSV,2,revenue,credit
insurance expense reference 47007,420373.62,0,CSV,7,expense,debit
sales collection reference 63598,459651.44,0,CSV,11,revenue,credit
professional fees reference 49424,389276.5,0,Excel,7,expense,debit
vendor credit purchase reference 84482,149931.93,0,CSV,2,liability,credit
office electricity bill reference 54718,291937.09,0,CSV,2,expense,debit
capital introduced by shareholder reference 13720,182717.22,0,Manual,5,equity,credit
prepaid insurance reference 98340,54559.61,0,Bank,11,asset,debit
prepaid insurance reference 86618,247291.95,1,PDF,3,asset,debit
inventory purchase for stock reference 56643,1487.68,0,Bank,2,asset,debit
sales revenue from customer invoice reference 31272,25034.26,1,Manual,1,revenue,credit
security deposit paid reference 67037,493720.75,0,Bank,12,asset,credit
retained earnings transfer reference 12770,245187.05,0,Bank,7,equity,credit
internet and telecom bill reference 85214,272066.72,0,CSV,7,expense,debit
shareholder contribution reference 25404,16964.29,0,PDF,8,equity,credit
sales collection reference 86289,119149.07,1,Excel,1,revenue,credit
owner investment into business reference 93984,56760.97,0,PDF,3,equity,credit
additional equity contribution reference 47552,406933.72,0,Bank,9,equity,credit
accounts payable recorded reference 64437,332414.53,1,Bank,4,liability,credit
business travel expense reference 61772,433468.97,0,CSV,1,expense,credit
capital introduced by shareholder reference 18407,139961.0,0,CSV,7,equity,credit
customer invoice settlement reference 18509,174332.5,0,PDF,8,revenue,credit
business travel expense reference 81936,347002.46,0,CSV,3,expense,debit
owner investment into business reference 99874,378687.27,0,PDF,9,equity,credit
salary payable recorded reference 84512,310221.74,0,CSV,8,liability,credit
purchase of machinery reference 21700,354987.06,0,Manual,3,asset,debit
prepaid insurance reference 15608,255340.6,1,PDF,5,asset,debit
equipment acquisition reference 70711,390251.61,1,Manual,6,asset,debit
tax payable recorded reference 13814,347429.5,1,CSV,5,liability,credit
office furniture purchase reference 87027,268679.73,0,Manual,6,asset,debit
prepaid insurance reference 86832,420226.89,0,Bank,8,asset,debit
office electricity bill reference 15467,245307.04,1,Excel,6,expense,debit
vendor credit purchase reference 97110,2164.61,0,Excel,10,liability,credit
service revenue received reference 23152,282914.85,0,CSV,4,revenue,credit
sales collection reference 19964,354888.45,0,Bank,2,revenue,credit
business travel expense reference 82422,30295.24,0,CSV,10,expense,debit
supplier payable created reference 57640,93863.94,0,Manual,3,liability,credit
retained earnings transfer reference 36966,109062.0,1,Excel,9,equity,credit
accounts receivable created reference 61844,459662.19,0,Excel,10,asset,debit
purchase of computer equipment reference 96820,107737.22,1,Manual,10,asset,debit
consulting income received reference 74448,178879.24,0,Excel,3,revenue,credit
share capital contribution reference 23436,369972.47,0,Excel,1,equity,credit
gst payable recorded reference 52370,84508.12,1,PDF,5,liability,credit
service revenue received reference 56995,300050.95,0,PDF,8,revenue,credit
security deposit paid reference 88471,366287.54,1,Bank,11,asset,debit
sales collection reference 81559,473040.52,0,PDF,8,revenue,credit
owner capital introduced reference 57507,291235.8,0,Manual,8,equity,credit
software subscription expense reference 67267,24648.15,0,PDF,3,expense,debit
retained earnings transfer reference 28993,239747.33,0,Excel,9,equity,credit
customer invoice settlement reference 36644,278871.02,1,PDF,3,revenue,credit
salary payable recorded reference 55857,331081.8,0,Bank,9,liability,credit
owner withdrawal against equity reference 75835,234360.96,0,Manual,3,equity,credit
subscription revenue reference 23080,498514.67,1,Excel,8,revenue,credit
insurance expense reference 58876,366983.16,1,PDF,6,expense,debit
business loan received reference 89552,33074.01,0,Excel,1,liability,credit
equipment acquisition reference 50015,437308.6,0,CSV,8,asset,debit
shareholder contribution reference 38319,391492.3,0,Bank,3,equity,credit
insurance expense reference 25919,344877.39,0,PDF,5,expense,debit
loan repayment liability reference 33386,11354.09,0,Excel,6,liability,credit
customer invoice settlement reference 69028,292247.61,1,PDF,12,revenue,credit
accounts receivable created reference 64010,476497.38,0,PDF,8,asset,debit
prepaid insurance reference 19410,37450.68,1,CSV,8,asset,debit
marketing campaign expense reference 26161,361898.69,1,Excel,11,expense,debit
consulting income received reference 13811,222746.41,0,Excel,2,revenue,credit
purchase of office laptop reference 95088,487588.28,1,Excel,7,asset,debit
loan repayment liability reference 66146,437557.22,1,Excel,11,liability,credit
equipment acquisition reference 87631,342866.5,0,Manual,9,asset,debit
equipment acquisition reference 61360,273480.32,0,Bank,1,asset,debit
courier and postage expense reference 74346,289853.42,1,CSV,9,expense,debit
courier and postage expense reference 24802,427276.7,0,Manual,2,expense,debit
client payment for consulting services reference 78601,493599.57,1,CSV,9,revenue,credit
sales revenue from customer invoice reference 18995,36461.89,1,Manual,11,revenue,credit
inventory purchase for stock reference 92153,336658.13,0,CSV,4,asset,debit
additional equity contribution reference 27613,253191.05,0,PDF,6,equity,credit
customer invoice settlement reference 23766,24365.89,0,Manual,10,revenue,credit
supplier payable created reference 33589,133177.18,0,PDF,9,liability,credit
client payment for consulting services reference 40943,131196.63,0,Bank,12,revenue,credit
vehicle purchase for business reference 33248,213967.64,0,CSV,10,asset,debit
vehicle purchase for business reference 94848,353416.74,0,Manual,12,asset,debit
retained earnings transfer reference 85226,396703.7,1,Bank,5,equity,credit
tax payable recorded reference 28130,107590.24,1,CSV,9,liability,credit
office furniture purchase reference 63679,53229.61,0,Manual,12,asset,debit
owner investment into business reference 46584,399675.06,0,Manual,9,equity,credit
shareholder contribution reference 37363,442318.62,0,Manual,11,equity,credit
retained earnings transfer reference 86930,92574.54,0,Bank,10,equity,credit
vehicle purchase for business reference 85529,30237.79,0,Manual,1,asset,credit
client payment for consulting services reference 25328,35034.51,0,Manual,4,revenue,credit
sales collection reference 45385,59378.8,0,Manual,8,revenue,credit
accounts payable recorded reference 87413,355894.66,0,Bank,7,liability,credit
courier and postage expense reference 36923,440525.53,0,Manual,3,expense,debit
owner capital introduced reference 55901,155614.24,0,Bank,7,equity,credit
salary payable recorded reference 10196,79342.22,0,PDF,5,liability,credit
subscription revenue reference 13767,220021.14,1,PDF,12,revenue,debit
accounts receivable created reference 43871,120782.62,0,CSV,5,asset,debit
owner investment into business reference 35309,206598.32,0,Manual,11,equity,credit
prepaid insurance reference 34076,211090.8,0,Manual,10,asset,debit
professional fees reference 43936,253655.31,0,Manual,8,expense,debit
business loan received reference 28496,312828.11,0,Excel,5,liability,credit
employee salary payment reference 78687,431734.25,0,Bank,1,expense,debit
subscription revenue reference 39170,282121.05,0,Bank,8,revenue,credit
business loan received reference 16756,95767.15,0,PDF,9,liability,credit
retained earnings transfer reference 61435,35460.22,0,Excel,12,equity,credit
employee salary payment reference 51626,186792.96,0,Bank,10,expense,debit
customer invoice settlement reference 47502,2306.31,1,CSV,2,revenue,credit
purchase of office laptop reference 48234,118092.57,0,Manual,10,asset,debit
marketing campaign expense reference 10321,218936.5,0,Manual,1,expense,debit
accounts receivable created reference 93553,81335.87,0,Manual,3,asset,debit
owner capital introduced reference 39052,115155.07,0,Excel,12,equity,credit
sales revenue from customer invoice reference 96562,275039.72,0,Excel,8,revenue,credit
employee salary payment reference 69861,98346.58,1,CSV,12,expense,debit
professional fees reference 68981,371916.68,0,Manual,7,expense,debit
customer invoice settlement reference 40551,128430.08,0,Manual,1,revenue,credit
loan repayment liability reference 98406,43291.26,0,Excel,4,liability,credit
employee salary payment reference 86456,411904.33,1,Bank,8,expense,debit
owner investment into business reference 46269,316967.63,1,CSV,6,equity,credit
salary payable recorded reference 50658,129315.32,1,Excel,2,liability,credit
office furniture purchase reference 77187,119462.42,1,Excel,1,asset,debit
gst payable recorded reference 61420,175988.43,0,Excel,9,liability,credit
vendor credit purchase reference 79555,273673.87,0,PDF,2,liability,credit
product sales receipt reference 55340,85141.86,0,Excel,11,revenue,debit
loan repayment liability reference 97331,40754.78,0,Manual,4,liability,credit
sales revenue from customer invoice reference 72157,48547.4,1,Excel,1,revenue,credit
internet and telecom bill reference 58182,213937.22,0,Excel,1,expense,debit
short term borrowing reference 98516,345227.56,0,PDF,4,liability,debit
office electricity bill reference 78434,21528.2,0,Bank,9,expense,debit
owner withdrawal against equity reference 11831,156488.91,0,Excel,3,equity,credit
share capital contribution reference 67533,337524.71,1,PDF,2,equity,credit
internet and telecom bill reference 94624,166434.35,0,CSV,11,expense,debit
purchase of office laptop reference 55424,431364.92,0,Bank,5,asset,debit
supplier payable created reference 89288,131353.61,0,Manual,11,liability,debit
owner capital introduced reference 41706,143604.32,0,Bank,12,equity,credit
monthly office rent reference 65169,356884.07,0,Manual,4,expense,debit
share capital contribution reference 42737,470554.26,0,PDF,11,equity,credit
retained earnings transfer reference 41235,372920.22,0,Manual,5,equity,credit
additional equity contribution reference 71189,92324.4,1,PDF,11,equity,credit
purchase of computer equipment reference 86007,499640.22,0,CSV,7,asset,debit
product sales receipt reference 64146,15818.16,0,PDF,9,revenue,credit
retained earnings transfer reference 81281,58684.87,0,Bank,5,equity,debit
accounts receivable created reference 17705,294327.22,0,CSV,8,asset,debit
equipment acquisition reference 45229,191485.4,0,CSV,2,asset,debit
internet and telecom bill reference 19384,343904.28,0,Excel,11,expense,debit
service revenue received reference 13190,409564.3,0,Bank,8,revenue,credit
business loan received reference 11841,405391.6,0,Manual,5,liability,credit
vehicle purchase for business reference 13439,371606.29,1,PDF,8,asset,debit
security deposit paid reference 74261,274927.27,0,Manual,6,asset,debit
insurance expense reference 67059,232580.7,0,Bank,11,expense,debit
software subscription expense reference 10750,11937.32,0,CSV,7,expense,debit
marketing campaign expense reference 73058,4003.71,1,PDF,10,expense,debit
loan repayment liability reference 16702,229780.41,1,Manual,5,liability,credit
sales collection reference 98168,111000.08,0,Manual,6,revenue,credit
capital introduced by shareholder reference 11169,377497.51,1,PDF,10,equity,credit
gst payable recorded reference 89836,243464.13,0,PDF,11,liability,debit
purchase of machinery reference 58544,384462.72,0,Bank,4,asset,debit
salary payable recorded reference 65331,56554.19,0,CSV,11,liability,credit
accounts payable recorded reference 80081,388201.46,0,CSV,11,liability,debit
customer invoice settlement reference 46593,324779.91,0,Bank,2,revenue,credit
courier and postage expense reference 34909,225046.91,0,PDF,1,expense,debit
purchase of computer equipment reference 26915,35956.81,0,CSV,11,asset,debit
additional equity contribution reference 19595,313637.77,1,Manual,7,equity,credit
maintenance and repair expense reference 34128,349085.14,0,PDF,6,expense,debit
sales collection reference 77371,140848.54,0,Bank,1,revenue,credit
marketing campaign expense reference 39997,330250.01,0,CSV,2,expense,debit
purchase of machinery reference 63669,3053.7,0,Excel,5,asset,debit
purchase of computer equipment reference 38193,333331.79,0,CSV,12,asset,debit
prepaid insurance reference 34480,65826.7,0,CSV,4,asset,debit
owner investment into business reference 84442,333337.21,1,Excel,3,equity,credit
consulting income received reference 59778,327224.15,0,Bank,12,revenue,credit
subscription revenue reference 89292,139417.62,1,Manual,3,revenue,credit
capital introduced by shareholder reference 63810,452880.32,0,Excel,6,equity,credit
owner investment into business reference 33809,337630.06,0,Manual,3,equity,credit
supplier payable created reference 33727,427479.53,0,Manual,7,liability,credit
owner investment into business reference 45399,459412.76,0,CSV,8,equity,credit
accounts receivable created reference 26949,193554.06,0,Excel,7,asset,debit
sales revenue from customer invoice reference 76380,439673.32,0,PDF,10,revenue,credit
capital introduced by shareholder reference 89846,173732.8,0,Manual,6,equity,credit
customer invoice settlement reference 48043,495747.41,0,PDF,12,revenue,credit
shareholder contribution reference 30781,377209.25,1,CSV,12,equity,credit
salary payable recorded reference 73591,373538.7,0,Manual,12,liability,credit
owner capital introduced reference 75003,378099.87,0,Bank,8,equity,credit
sales revenue from customer invoice reference 57573,133050.59,0,CSV,11,revenue,debit
capital introduced by shareholder reference 60367,363590.82,0,Manual,2,equity,credit
purchase of office laptop reference 71648,82926.21,0,CSV,7,asset,debit
professional fees reference 16061,183989.37,0,CSV,3,expense,debit
short term borrowing reference 46235,225543.4,1,PDF,3,liability,debit
additional equity contribution reference 79732,350817.37,0,Bank,10,equity,credit
gst payable recorded reference 94709,394544.99,0,PDF,8,liability,credit
maintenance and repair expense reference 30679,260742.4,0,Bank,5,expense,debit
business loan received reference 66536,487541.93,0,PDF,10,liability,debit
insurance expense reference 70394,479754.0,0,CSV,4,expense,debit
share capital contribution reference 76687,131716.94,0,Manual,6,equity,credit
maintenance and repair expense reference 83631,106377.45,0,PDF,5,expense,debit
insurance expense reference 27633,397904.41,0,Bank,10,expense,credit
sales collection reference 58361,127758.33,0,PDF,7,revenue,credit
office supplies purchase reference 96245,211362.65,0,Bank,3,expense,debit
equipment acquisition reference 13600,189691.69,0,Manual,1,asset,debit
additional equity contribution reference 99845,854.06,1,Bank,2,equity,credit
owner capital introduced reference 98385,284415.93,1,PDF,10,equity,credit
purchase of office laptop reference 21733,398828.19,1,CSV,5,asset,debit
gst payable recorded reference 98694,385705.6,0,Excel,3,liability,credit
accounts payable recorded reference 76198,286354.67,0,PDF,9,liability,credit
owner withdrawal against equity reference 92033,215903.84,1,CSV,6,equity,credit
insurance expense reference 35810,201640.43,0,Excel,12,expense,debit
owner capital introduced reference 41246,30561.26,0,Bank,7,equity,credit
loan repayment liability reference 10403,287879.97,0,CSV,12,liability,credit
office electricity bill reference 44501,325432.82,1,CSV,5,expense,debit
subscription revenue reference 89426,19326.0,0,Manual,4,revenue,credit
subscription revenue reference 41924,324474.1,0,Bank,4,revenue,credit
prepaid insurance reference 80206,214536.12,0,CSV,3,asset,debit
subscription revenue reference 81441,150473.93,1,CSV,5,revenue,credit
subscription revenue reference 68645,197440.8,0,Manual,7,revenue,credit
short term borrowing reference 21553,70933.79,0,Manual,7,liability,credit
share capital contribution reference 73746,125298.19,1,Manual,1,equity,credit
purchase of computer equipment reference 28766,223564.38,1,Excel,4,asset,debit
purchase of machinery reference 60379,286974.59,0,Excel,5,asset,debit
accounts receivable created reference 41809,483222.1,0,Excel,10,asset,debit
tax payable recorded reference 27133,393504.15,0,Manual,8,liability,credit
owner withdrawal against equity reference 52936,260952.84,1,Bank,10,equity,credit
service revenue received reference 60505,472091.41,1,CSV,11,revenue,credit
short term borrowing reference 47705,497852.81,0,Manual,2,liability,credit
customer invoice settlement reference 70466,480313.19,0,Excel,6,revenue,credit
owner investment into business reference 40981,441743.58,0,PDF,3,equity,debit
loan repayment liability reference 54498,319682.85,0,PDF,7,liability,credit
maintenance and repair expense reference 50177,72877.38,1,CSV,2,expense,debit
purchase of computer equipment reference 95060,474706.59,0,CSV,1,asset,debit
purchase of office laptop reference 88201,402710.27,1,Excel,2,asset,debit
internet and telecom bill reference 89507,208073.26,0,CSV,11,expense,debit
equipment acquisition reference 35087,288276.54,0,Manual,2,asset,debit
software subscription expense reference 97910,207284.72,0,PDF,9,expense,debit
service revenue received reference 59996,386460.17,1,Bank,7,revenue,credit
equipment acquisition reference 88347,263533.38,0,Manual,5,asset,debit
retained earnings transfer reference 26837,31802.27,0,Manual,9,equity,credit
prepaid insurance reference 59170,493693.49,1,PDF,12,asset,debit
sales revenue from customer invoice reference 84536,359316.11,0,Excel,4,revenue,credit
supplier payable created reference 34698,396698.59,0,Excel,5,liability,credit
owner capital introduced reference 52805,15032.82,0,Excel,2,equity,debit
purchase of office laptop reference 80478,329240.1,0,Bank,6,asset,debit
share capital contribution reference 81949,310743.35,0,CSV,5,equity,credit
gst payable recorded reference 58558,206915.58,0,Manual,2,liability,credit
consulting income received reference 17201,455491.03,0,CSV,12,revenue,credit
inventory purchase for stock reference 61865,489154.91,0,CSV,3,asset,credit
owner capital introduced reference 79613,161564.82,1,Bank,2,equity,credit
vehicle purchase for business reference 38174,361235.91,0,Excel,4,asset,debit
shareholder contribution reference 12435,151499.29,0,CSV,6,equity,credit
equipment acquisition reference 19253,64824.18,0,Excel,6,asset,debit
owner capital introduced reference 61125,88214.06,0,Bank,6,equity,credit
gst payable recorded reference 13386,303788.37,0,Manual,11,liability,credit
share capital contribution reference 65648,334004.21,0,Excel,10,equity,credit
retained earnings transfer reference 15456,202745.69,0,Excel,1,equity,credit
purchase of office laptop reference 42287,79633.36,1,Excel,4,asset,debit
share capital contribution reference 12609,243318.34,0,PDF,6,equity,debit
service revenue received reference 86217,203547.85,0,Manual,7,revenue,credit
monthly office rent reference 99280,63946.87,0,Manual,6,expense,debit
owner capital introduced reference 52986,437275.64,1,Bank,7,equity,credit
additional equity contribution reference 18651,392921.09,1,Bank,5,equity,credit
consulting income received reference 41652,350784.77,0,Manual,8,revenue,credit
owner withdrawal against equity reference 58206,263480.41,1,PDF,6,equity,credit
product sales receipt reference 46822,301086.49,0,Excel,6,revenue,credit
vendor credit purchase reference 65072,42724.86,1,CSV,12,liability,credit
share capital contribution reference 78164,52938.92,0,CSV,4,equity,credit
business travel expense reference 67982,257392.46,0,Manual,4,expense,debit
consulting income received reference 57828,293261.64,0,PDF,1,revenue,credit
tax payable recorded reference 13560,107232.07,0,Bank,4,liability,credit
shareholder contribution reference 76209,31484.29,0,Manual,10,equity,credit
owner withdrawal against equity reference 62368,124103.03,0,CSV,3,equity,credit
professional fees reference 41728,220274.04,0,Bank,3,expense,debit
purchase of office laptop reference 99205,404281.77,0,Manual,4,asset,debit
tax payable recorded reference 82788,57864.8,0,CSV,9,liability,credit
accounts payable recorded reference 80371,229619.93,0,Bank,10,liability,credit
customer invoice settlement reference 26517,490023.58,0,Excel,10,revenue,credit
inventory purchase for stock reference 26194,67690.33,1,Excel,2,asset,debit
share capital contribution reference 22890,387942.15,1,Excel,8,equity,credit
owner withdrawal against equity reference 21935,346546.77,0,Manual,12,equity,credit
shareholder contribution reference 26806,164520.15,0,Excel,12,equity,credit
subscription revenue reference 18554,329737.15,0,CSV,7,revenue,credit
office supplies purchase reference 66497,472737.24,0,CSV,3,expense,debit
sales revenue from customer invoice reference 99377,210371.35,0,CSV,9,revenue,credit
internet and telecom bill reference 12786,19821.46,0,PDF,11,expense,debit
sales revenue from customer invoice reference 91958,112355.23,0,PDF,2,revenue,credit
equipment acquisition reference 17187,393876.64,0,Excel,8,asset,debit
vehicle purchase for business reference 83949,215641.1,0,Excel,8,asset,debit
purchase of computer equipment reference 28842,316575.43,0,Bank,7,asset,credit
marketing campaign expense reference 86397,272162.96,0,Excel,3,expense,debit
employee salary payment reference 13003,151492.46,0,Manual,8,expense,debit
security deposit paid reference 84628,287387.57,1,CSV,2,asset,debit
product sales receipt reference 70909,68416.71,0,CSV,9,revenue,credit
share capital contribution reference 82594,37053.54,0,PDF,10,equity,credit
vendor credit purchase reference 42040,459654.14,1,Excel,6,liability,credit
prepaid insurance reference 52318,421686.5,0,PDF,12,asset,debit
share capital contribution reference 59001,299507.4,0,Bank,4,equity,credit
insurance expense reference 45424,440265.79,0,Bank,1,expense,debit
gst payable recorded reference 47864,159605.23,0,CSV,8,liability,credit
owner capital introduced reference 59552,123341.35,0,CSV,9,equity,credit
owner investment into business reference 17102,144572.03,0,PDF,8,equity,credit
owner investment into business reference 95918,282617.18,0,Manual,6,equity,credit
share capital contribution reference 43198,257481.33,1,Excel,12,equity,credit
client payment for consulting services reference 14534,71932.2,1,Bank,5,revenue,debit
internet and telecom bill reference 92068,204797.62,0,CSV,2,expense,debit
insurance expense reference 19102,319383.45,0,PDF,2,expense,debit
purchase of computer equipment reference 89584,255772.53,0,Excel,10,asset,debit
professional fees reference 11258,456272.02,0,Bank,7,expense,debit
client payment for consulting services reference 30542,165702.5,0,Excel,1,revenue,credit
short term borrowing reference 11608,188893.01,1,Manual,12,liability,credit
customer invoice settlement reference 49528,223839.21,0,Excel,5,revenue,credit
vehicle purchase for business reference 51647,165989.61,1,PDF,3,asset,debit
purchase of computer equipment reference 39550,161853.19,0,CSV,8,asset,debit
customer invoice settlement reference 55538,163653.25,1,PDF,1,revenue,credit
maintenance and repair expense reference 25441,156659.87,0,PDF,6,expense,debit
customer invoice settlement reference 61023,379331.91,0,Bank,6,revenue,credit
salary payable recorded reference 65544,6692.37,0,PDF,3,liability,credit
security deposit paid reference 40038,179160.96,0,Manual,4,asset,debit
professional fees reference 67231,157450.87,1,PDF,12,expense,debit
shareholder contribution reference 54403,133862.64,0,Manual,8,equity,credit
purchase of office laptop reference 89213,355416.24,0,Excel,1,asset,debit
courier and postage expense reference 63947,428960.37,0,PDF,5,expense,debit
insurance expense reference 81846,159989.83,0,CSV,8,expense,debit
owner capital introduced reference 27544,42451.27,0,Excel,2,equity,credit
owner capital introduced reference 40422,181912.93,0,Excel,9,equity,credit
share capital contribution reference 88571,63563.89,1,Manual,2,equity,credit
accounts receivable created reference 34664,395244.84,0,PDF,12,asset,debit
vendor credit purchase reference 96993,246125.42,0,PDF,1,liability,credit
purchase of machinery reference 57203,186171.18,0,PDF,1,asset,debit
marketing campaign expense reference 68387,96638.45,0,CSV,7,expense,debit
business loan received reference 58528,445055.33,0,PDF,9,liability,credit
purchase of office laptop reference 78590,43927.18,0,Bank,4,asset,debit
loan repayment liability reference 91439,163731.3,0,Manual,12,liability,credit
inventory purchase for stock reference 57419,251645.95,1,Manual,12,asset,debit
purchase of office laptop reference 90233,474146.64,0,Manual,12,asset,debit
tax payable recorded reference 30029,199966.23,0,Manual,10,liability,credit
product sales receipt reference 90594,217457.45,0,PDF,10,revenue,credit
supplier payable created reference 75616,84744.91,0,CSV,11,liability,credit
supplier payable created reference 59154,13173.81,0,PDF,5,liability,credit
prepaid insurance reference 22890,175347.64,1,CSV,10,asset,debit
service revenue received reference 28190,378446.39,0,CSV,12,revenue,credit
monthly office rent reference 54836,83331.82,0,Bank,6,expense,debit
customer invoice settlement reference 76302,443258.24,0,Manual,7,revenue,credit
owner investment into business reference 37819,29540.25,0,Manual,9,equity,credit
office electricity bill reference 24801,205101.13,0,PDF,5,expense,debit
internet and telecom bill reference 18170,351729.81,0,CSV,9,expense,debit
vehicle purchase for business reference 74449,392079.79,0,Excel,3,asset,debit
purchase of machinery reference 47301,367075.82,0,Manual,2,asset,debit
tax payable recorded reference 65337,68771.02,1,Bank,9,liability,credit
owner investment into business reference 34399,205641.68,0,Bank,6,equity,credit
marketing campaign expense reference 78029,114040.66,0,PDF,11,expense,debit
business loan received reference 91838,400770.87,1,Bank,8,liability,credit
tax payable recorded reference 25087,400677.76,0,Manual,3,liability,credit
tax payable recorded reference 97942,428135.59,0,PDF,10,liability,credit
shareholder contribution reference 14212,269920.4,0,Bank,4,equity,credit
employee salary payment reference 53140,401750.54,0,PDF,11,expense,debit
subscription revenue reference 41433,484039.19,0,Bank,4,revenue,credit
salary payable recorded reference 80838,395820.99,0,Manual,2,liability,credit
software subscription expense reference 16464,354425.81,0,Manual,12,expense,debit
product sales receipt reference 82237,246734.55,0,CSV,10,revenue,credit
retained earnings transfer reference 68447,589.23,0,Excel,4,equity,credit
short term borrowing reference 26783,468454.69,0,Excel,3,liability,credit
capital introduced by shareholder reference 45531,353787.61,0,PDF,6,equity,credit
share capital contribution reference 27511,72214.18,0,Excel,8,equity,credit
share capital contribution reference 51061,117988.31,0,CSV,8,equity,credit
purchase of computer equipment reference 57109,376901.94,0,Manual,10,asset,debit
capital introduced by shareholder reference 84714,75188.61,0,CSV,3,equity,credit
courier and postage expense reference 51033,401361.79,0,Excel,5,expense,debit
loan repayment liability reference 56876,122454.14,0,Excel,3,liability,credit
purchase of machinery reference 83625,404698.15,0,CSV,5,asset,debit
retained earnings transfer reference 45715,101129.79,0,PDF,5,equity,credit
professional fees reference 20677,186995.71,0,PDF,12,expense,debit
purchase of machinery reference 68305,130839.69,0,Excel,9,asset,debit
owner withdrawal against equity reference 30177,201973.78,0,Excel,7,equity,credit
monthly office rent reference 93572,41628.73,0,PDF,3,expense,debit
supplier payable created reference 87152,126524.56,0,Excel,8,liability,credit
consulting income received reference 71010,395405.44,0,PDF,12,revenue,credit
owner withdrawal against equity reference 35177,313912.42,0,PDF,5,equity,credit
loan repayment liability reference 77790,136141.07,0,PDF,2,liability,credit
owner capital introduced reference 53471,461546.58,0,Excel,6,equity,credit
inventory purchase for stock reference 74489,60832.0,0,PDF,1,asset,debit
vehicle purchase for business reference 55884,34770.6,0,Manual,10,asset,debit
equipment acquisition reference 92849,398609.77,1,Manual,9,asset,debit
share capital contribution reference 75491,219009.65,0,PDF,7,equity,credit
purchase of office laptop reference 87711,380158.29,0,CSV,9,asset,debit
business loan received reference 46766,412295.68,0,Bank,7,liability,credit
consulting income received reference 15279,78627.87,0,Excel,9,revenue,debit
office electricity bill reference 71732,209889.52,0,Bank,2,expense,debit
security deposit paid reference 72369,17053.48,0,Excel,2,asset,debit
office supplies purchase reference 56102,283465.02,0,Excel,4,expense,debit
sales collection reference 81011,484362.96,0,PDF,4,revenue,credit
professional fees reference 32581,475907.52,0,PDF,10,expense,debit
business travel expense reference 47827,196181.34,0,Bank,7,expense,debit
business loan received reference 64944,308220.01,0,Excel,10,liability,credit
business loan received reference 91928,21100.87,0,CSV,7,liability,credit
owner investment into business reference 20814,57651.94,0,Bank,1,equity,credit
vendor credit purchase reference 62011,189126.06,0,Bank,12,liability,credit
office electricity bill reference 21760,369654.33,0,Excel,2,expense,debit
share capital contribution reference 27745,187476.32,0,PDF,11,equity,credit
vehicle purchase for business reference 78349,4904.73,0,Bank,1,asset,debit
loan repayment liability reference 52378,321836.9,0,CSV,7,liability,credit
salary payable recorded reference 25378,408852.53,0,PDF,7,liability,credit
purchase of machinery reference 83978,22660.57,1,Manual,1,asset,debit
office supplies purchase reference 68860,399643.1,0,Manual,7,expense,debit
loan repayment liability reference 28364,290004.01,0,PDF,9,liability,credit
owner withdrawal against equity reference 45705,275581.25,0,CSV,4,equity,credit
additional equity contribution reference 27096,179584.81,0,CSV,12,equity,credit
client payment for consulting services reference 95219,326155.19,0,PDF,6,revenue,credit
purchase of computer equipment reference 40506,288331.77,0,PDF,7,asset,debit
accounts receivable created reference 46784,118964.87,0,Bank,4,asset,debit
purchase of office laptop reference 90578,302684.51,0,Bank,9,asset,debit
inventory purchase for stock reference 70921,188307.61,0,Excel,2,asset,debit
purchase of machinery reference 31003,164938.37,0,Manual,1,asset,debit
owner withdrawal against equity reference 32131,185941.84,0,Excel,9,equity,credit
purchase of office laptop reference 54129,413417.41,0,Manual,3,asset,debit
subscription revenue reference 12909,375116.57,0,PDF,8,revenue,credit
salary payable recorded reference 11842,196562.68,0,CSV,1,liability,credit
vehicle purchase for business reference 27780,381899.42,0,CSV,8,asset,debit
security deposit paid reference 21122,89381.57,0,Excel,1,asset,debit
subscription revenue reference 51402,91170.79,0,CSV,9,revenue,credit
insurance expense reference 28615,183902.5,0,PDF,11,expense,debit
security deposit paid reference 91669,31355.13,0,Manual,4,asset,debit
purchase of computer equipment reference 84641,62602.08,0,CSV,4,asset,debit
customer invoice settlement reference 25353,462597.5,0,Excel,5,revenue,credit
purchase of computer equipment reference 15465,473854.43,1,Excel,11,asset,debit
purchase of computer equipment reference 67386,22128.36,0,CSV,4,asset,debit
employee salary payment reference 39049,276442.12,1,Excel,7,expense,debit
sales revenue from customer invoice reference 47567,359107.36,1,Excel,7,revenue,credit
marketing campaign expense reference 55679,143241.8,0,Manual,12,expense,debit
customer invoice settlement reference 80774,74647.3,1,CSV,10,revenue,credit
accounts receivable created reference 89506,80665.13,1,Manual,3,asset,debit
vendor credit purchase reference 30523,83266.08,1,Bank,8,liability,credit
purchase of computer equipment reference 80059,235065.25,0,PDF,9,asset,debit
supplier payable created reference 92246,409658.12,1,CSV,5,liability,credit
sales collection reference 97005,489897.05,1,Bank,5,revenue,credit
loan repayment liability reference 41836,83285.1,0,Manual,3,liability,credit
insurance expense reference 89445,85805.66,1,PDF,7,expense,debit
customer invoice settlement reference 17637,256009.8,0,Bank,10,revenue,credit
subscription revenue reference 25297,409204.56,0,CSV,4,revenue,debit
purchase of computer equipment reference 84686,458939.59,1,Bank,5,asset,credit
purchase of machinery reference 50062,308327.47,1,PDF,3,asset,debit
internet and telecom bill reference 50116,472497.82,0,CSV,8,expense,debit
subscription revenue reference 39890,413218.33,0,Bank,2,revenue,credit
vendor credit purchase reference 33896,475294.82,0,PDF,6,liability,credit
software subscription expense reference 48913,131532.3,0,Excel,2,expense,debit
owner investment into business reference 20869,494357.13,1,CSV,5,equity,debit
retained earnings transfer reference 92142,56831.52,0,Bank,8,equity,credit
vendor credit purchase reference 76453,324030.35,0,CSV,6,liability,credit
maintenance and repair expense reference 75369,264076.78,1,Manual,8,expense,debit
purchase of office laptop reference 28866,348576.72,0,Manual,3,asset,debit
additional equity contribution reference 65563,147083.86,0,Excel,2,equity,credit
monthly office rent reference 80694,37777.53,1,Manual,11,expense,debit
inventory purchase for stock reference 79639,269037.75,0,Excel,12,asset,debit
product sales receipt reference 53147,430976.3,0,PDF,9,revenue,debit
sales revenue from customer invoice reference 97678,221804.47,0,PDF,10,revenue,credit
office electricity bill reference 34288,92876.46,1,PDF,1,expense,debit
inventory purchase for stock reference 78944,160952.87,0,PDF,9,asset,debit
monthly office rent reference 92714,228054.43,0,Manual,3,expense,debit
subscription revenue reference 92751,420047.08,0,Excel,8,revenue,credit
office supplies purchase reference 52437,133867.53,0,Manual,6,expense,debit
internet and telecom bill reference 16632,303271.74,0,Excel,4,expense,credit
sales revenue from customer invoice reference 79901,253745.91,0,PDF,9,revenue,credit
purchase of machinery reference 17053,256973.28,0,PDF,1,asset,debit
supplier payable created reference 82134,96078.08,1,CSV,12,liability,credit
additional equity contribution reference 68586,386452.17,0,PDF,3,equity,credit
client payment for consulting services reference 65284,223914.21,0,Excel,6,revenue,credit
shareholder contribution reference 74163,152376.85,0,Manual,9,equity,credit
business loan received reference 58052,252304.44,0,CSV,8,liability,credit
vendor credit purchase reference 91686,320603.25,1,Bank,12,liability,credit
service revenue received reference 63080,342158.05,0,Excel,5,revenue,credit
owner capital introduced reference 21025,390270.27,0,Excel,9,equity,credit
maintenance and repair expense reference 90395,134696.26,1,Bank,7,expense,debit
inventory purchase for stock reference 58342,436418.75,0,Bank,3,asset,debit
equipment acquisition reference 47088,82016.12,1,Bank,11,asset,debit
sales revenue from customer invoice reference 60599,464388.94,1,Manual,7,revenue,credit
office furniture purchase reference 22916,373765.72,1,Excel,12,asset,debit
purchase of machinery reference 66415,208376.15,0,Bank,6,asset,debit
sales collection reference 58375,303295.12,1,Bank,4,revenue,credit
gst payable recorded reference 67700,54131.57,1,Excel,1,liability,credit
vehicle purchase for business reference 46424,178210.8,0,Excel,12,asset,debit
office electricity bill reference 53856,419056.5,0,Manual,4,expense,credit
courier and postage expense reference 64686,478275.93,0,Manual,5,expense,debit
loan repayment liability reference 95384,131292.19,0,Bank,12,liability,credit
owner capital introduced reference 79463,35990.01,0,PDF,5,equity,credit
share capital contribution reference 77315,320135.78,0,PDF,10,equity,credit
accounts receivable created reference 81058,12765.72,1,Manual,11,asset,debit
owner withdrawal against equity reference 85167,268795.07,0,Bank,3,equity,credit
employee salary payment reference 19277,464160.82,0,Manual,11,expense,debit
owner withdrawal against equity reference 94342,270999.85,0,CSV,7,equity,credit
office supplies purchase reference 89015,113127.16,0,Manual,8,expense,debit
service revenue received reference 74180,32234.2,0,Excel,10,revenue,credit
business travel expense reference 87648,411391.95,0,Excel,5,expense,debit
share capital contribution reference 96808,90546.84,0,Excel,5,equity,credit
owner withdrawal against equity reference 67122,143455.65,0,PDF,5,equity,credit
tax payable recorded reference 93614,285068.41,0,Bank,10,liability,credit
vehicle purchase for business reference 21482,111754.64,0,Bank,5,asset,debit
owner investment into business reference 92253,22146.83,0,Manual,4,equity,credit
accounts receivable created reference 44388,396927.0,0,Excel,1,asset,debit
retained earnings transfer reference 16412,336533.09,0,PDF,2,equity,credit
office electricity bill reference 67625,435693.68,0,Manual,5,expense,debit
product sales receipt reference 93399,129318.06,0,PDF,12,revenue,credit
consulting income received reference 33157,2245.74,0,Manual,11,revenue,credit
purchase of office laptop reference 30341,342585.22,0,Manual,12,asset,debit
subscription revenue reference 80379,433467.32,1,Excel,9,revenue,credit
business travel expense reference 60528,261635.52,0,Excel,7,expense,debit
owner withdrawal against equity reference 80867,198122.59,1,PDF,6,equity,credit
owner withdrawal against equity reference 56131,128931.0,0,Bank,1,equity,credit
service revenue received reference 97043,343150.83,1,Excel,9,revenue,credit
product sales receipt reference 28420,267272.97,0,PDF,1,revenue,credit
accounts receivable created reference 27110,288524.77,0,PDF,3,asset,debit
loan repayment liability reference 83487,391017.85,0,CSV,10,liability,credit
additional equity contribution reference 29121,293746.0,0,Bank,7,equity,credit
business travel expense reference 13427,499606.12,0,Excel,4,expense,debit
professional fees reference 34084,17099.96,1,CSV,9,expense,credit
software subscription expense reference 68897,239925.47,0,PDF,6,expense,debit
owner capital introduced reference 39715,82182.51,0,Excel,12,equity,credit
shareholder contribution reference 48177,197712.13,0,Excel,7,equity,credit
insurance expense reference 68986,351195.21,0,CSV,6,expense,debit
customer invoice settlement reference 21146,205515.52,0,CSV,12,revenue,credit
courier and postage expense reference 75874,65011.0,1,PDF,7,expense,debit
shareholder contribution reference 45704,495485.44,1,PDF,11,equity,debit
sales collection reference 61494,439777.61,1,CSV,9,revenue,credit
share capital contribution reference 14330,445390.38,0,Bank,6,equity,credit
subscription revenue reference 66331,51795.85,0,CSV,11,revenue,debit
service revenue received reference 55087,236336.15,0,PDF,9,revenue,credit
prepaid insurance reference 35198,240450.19,0,Excel,8,asset,debit
prepaid insurance reference 57301,133632.63,0,PDF,1,asset,debit
shareholder contribution reference 27626,124135.25,0,PDF,1,equity,credit
additional equity contribution reference 17318,147380.39,1,CSV,9,equity,credit
service revenue received reference 55337,272895.56,0,Bank,8,revenue,credit
vendor credit purchase reference 97055,459179.08,0,CSV,7,liability,credit
maintenance and repair expense reference 63116,135464.94,0,Bank,10,expense,debit
share capital contribution reference 41195,166158.58,0,CSV,6,equity,credit
business travel expense reference 13608,216680.25,0,Excel,12,expense,debit
additional equity contribution reference 57354,22375.65,1,Manual,9,equity,debit
office electricity bill reference 94367,263743.21,0,Bank,11,expense,credit
service revenue received reference 84543,210655.78,0,Bank,7,revenue,credit
client payment for consulting services reference 87401,459221.32,1,Manual,3,revenue,credit
customer invoice settlement reference 64945,140986.18,1,Excel,12,revenue,credit
retained earnings transfer reference 13801,410469.13,0,Excel,5,equity,debit
vendor credit purchase reference 50403,21327.8,0,CSV,8,liability,credit
courier and postage expense reference 77942,315689.44,0,Bank,4,expense,debit
purchase of office laptop reference 91484,311022.01,1,CSV,2,asset,debit
product sales receipt reference 38277,260337.62,0,CSV,9,revenue,credit
purchase of computer equipment reference 45846,322980.64,1,Excel,11,asset,credit
employee salary payment reference 93032,143262.49,0,CSV,11,expense,debit
sales collection reference 77140,408376.1,1,Manual,1,revenue,credit
purchase of computer equipment reference 46607,358937.75,0,PDF,3,asset,debit
prepaid insurance reference 91237,207201.18,1,CSV,6,asset,debit
accounts receivable created reference 55433,78727.95,0,Excel,8,asset,debit
sales revenue from customer invoice reference 15975,431342.63,0,Bank,2,revenue,credit
software subscription expense reference 12359,481976.48,1,PDF,7,expense,debit
accounts payable recorded reference 14242,325593.69,0,Manual,2,liability,credit
supplier payable created reference 20506,197647.01,1,CSV,7,liability,credit
maintenance and repair expense reference 61512,329803.72,0,Manual,1,expense,debit
short term borrowing reference 61737,331741.24,0,Excel,8,liability,credit
inventory purchase for stock reference 91855,439537.51,0,Bank,1,asset,debit
sales collection reference 46471,433162.71,0,Bank,1,revenue,credit
capital introduced by shareholder reference 70764,58362.94,0,Manual,12,equity,credit
sales collection reference 59586,29871.13,0,CSV,11,revenue,debit
short term borrowing reference 25541,179052.5,1,Manual,3,liability,debit
vendor credit purchase reference 48121,489254.44,0,Manual,7,liability,credit
purchase of machinery reference 34144,393707.85,0,PDF,6,asset,debit
owner withdrawal against equity reference 81152,98445.76,1,Bank,3,equity,credit
accounts receivable created reference 27756,247907.01,0,Bank,10,asset,debit
shareholder contribution reference 48616,473836.57,0,Excel,10,equity,credit
salary payable recorded reference 28794,197562.39,0,Manual,8,liability,credit
vehicle purchase for business reference 26691,124581.61,0,PDF,3,asset,debit
product sales receipt reference 44664,169834.37,0,CSV,2,revenue,credit
product sales receipt reference 33808,423316.03,1,PDF,5,revenue,credit
vehicle purchase for business reference 78594,261410.27,0,PDF,3,asset,debit
purchase of machinery reference 24858,417236.25,0,Bank,2,asset,debit
customer invoice settlement reference 41800,393838.21,0,Manual,10,revenue,credit
gst payable recorded reference 20213,181258.04,0,Excel,12,liability,credit
short term borrowing reference 20540,171731.14,1,Manual,7,liability,credit
office electricity bill reference 79577,31258.18,0,Manual,12,expense,debit
consulting income received reference 11774,26518.34,0,Bank,1,revenue,credit
prepaid insurance reference 36392,442374.56,0,Bank,7,asset,debit
owner investment into business reference 64769,344690.84,1,Manual,10,equity,credit
accounts payable recorded reference 96198,175422.79,0,PDF,2,liability,credit
gst payable recorded reference 96580,321890.69,0,Manual,12,liability,credit
client payment for consulting services reference 81596,244704.7,0,Manual,12,revenue,credit
professional fees reference 86414,115145.29,0,Excel,9,expense,credit
sales collection reference 61636,254726.38,1,Excel,10,revenue,credit
owner capital introduced reference 48033,471845.72,1,CSV,2,equity,credit
subscription revenue reference 26572,247902.66,1,Excel,2,revenue,credit
product sales receipt reference 49072,45214.7,0,Bank,3,revenue,credit
owner investment into business reference 78938,189439.07,0,Bank,11,equity,credit
client payment for consulting services reference 38649,230873.84,0,CSV,1,revenue,credit
tax payable recorded reference 91204,125203.86,0,Bank,8,liability,credit
service revenue received reference 45229,398587.21,0,Bank,5,revenue,credit
security deposit paid reference 28595,44716.59,0,Excel,5,asset,debit
shareholder contribution reference 69372,391385.33,1,Excel,5,equity,credit
internet and telecom bill reference 96818,164496.89,0,Bank,4,expense,debit
gst payable recorded reference 16672,206537.4,1,PDF,12,liability,credit
additional equity contribution reference 35535,50195.62,1,Excel,1,equity,credit
vendor credit purchase reference 10773,382119.62,0,Excel,9,liability,credit
owner investment into business reference 45964,469065.49,0,CSV,6,equity,credit
courier and postage expense reference 36116,3422.44,0,Manual,6,expense,debit
purchase of computer equipment reference 81606,206536.15,0,Manual,1,asset,debit
salary payable recorded reference 41768,323863.74,1,CSV,8,liability,credit
retained earnings transfer reference 94401,404581.36,1,Bank,8,equity,credit
accounts payable recorded reference 37575,260196.65,0,CSV,9,liability,credit
shareholder contribution reference 75567,165094.92,1,Bank,11,equity,credit
office electricity bill reference 25609,140051.98,1,Manual,3,expense,credit
salary payable recorded reference 26521,1286.87,0,PDF,7,liability,credit
share capital contribution reference 12471,177227.83,0,Excel,7,equity,credit
courier and postage expense reference 13482,304665.37,0,Excel,1,expense,debit
office electricity bill reference 86413,161514.7,0,Manual,11,expense,debit
consulting income received reference 45235,276721.06,0,CSV,3,revenue,credit
inventory purchase for stock reference 34517,142676.0,1,CSV,4,asset,debit
maintenance and repair expense reference 19368,13857.87,1,Manual,3,expense,debit
office furniture purchase reference 51943,384437.59,0,Manual,5,asset,debit
client payment for consulting services reference 32883,459437.44,0,Manual,8,revenue,debit
owner withdrawal against equity reference 52573,408045.93,0,PDF,5,equity,credit
supplier payable created reference 19484,270335.01,1,Bank,10,liability,credit
courier and postage expense reference 62430,51866.16,0,PDF,8,expense,debit
courier and postage expense reference 29749,328754.67,1,PDF,3,expense,debit
internet and telecom bill reference 36318,148430.9,0,PDF,1,expense,debit
salary payable recorded reference 28671,325828.3,0,Bank,1,liability,debit
equipment acquisition reference 59197,258895.56,0,CSV,2,asset,debit
capital introduced by shareholder reference 36729,293239.99,0,CSV,9,equity,credit
owner investment into business reference 93398,409086.16,1,Bank,11,equity,credit
tax payable recorded reference 22293,153353.05,0,Excel,6,liability,credit
accounts payable recorded reference 87212,175727.84,0,CSV,3,liability,credit
short term borrowing reference 52139,370519.0,1,Bank,2,liability,credit
retained earnings transfer reference 44103,488328.9,0,CSV,10,equity,credit
capital introduced by shareholder reference 55797,9206.56,0,CSV,2,equity,credit
equipment acquisition reference 94065,172996.78,0,Bank,7,asset,debit
office furniture purchase reference 67494,325875.05,0,Manual,9,asset,debit
business travel expense reference 72007,326918.49,0,PDF,12,expense,debit
short term borrowing reference 97269,246076.55,0,Bank,7,liability,credit
internet and telecom bill reference 95666,497691.32,0,Manual,10,expense,debit
purchase of office laptop reference 72421,455741.33,0,Bank,10,asset,debit
capital introduced by shareholder reference 40368,32075.64,0,Bank,7,equity,debit
maintenance and repair expense reference 92018,158918.88,0,Excel,11,expense,credit
vendor credit purchase reference 19993,402246.34,0,Manual,10,liability,credit
purchase of computer equipment reference 69289,388112.48,0,Excel,11,asset,debit
salary payable recorded reference 40171,214675.48,0,PDF,11,liability,credit
vehicle purchase for business reference 37579,386989.95,0,PDF,3,asset,debit
equipment acquisition reference 70853,146659.23,1,PDF,10,asset,debit
prepaid insurance reference 31157,314642.51,0,Excel,4,asset,debit
marketing campaign expense reference 92032,65831.77,0,Excel,2,expense,credit
accounts receivable created reference 85230,235858.57,1,Bank,4,asset,debit
subscription revenue reference 25468,192461.18,0,Excel,7,revenue,credit
marketing campaign expense reference 29865,328369.2,0,CSV,2,expense,debit
sales revenue from customer invoice reference 52445,122659.14,0,PDF,11,revenue,credit
purchase of office laptop reference 35720,103454.01,1,PDF,3,asset,debit
owner withdrawal against equity reference 69695,476548.51,0,Manual,7,equity,credit
additional equity contribution reference 84043,495732.0,0,Manual,8,equity,credit
owner investment into business reference 32815,164689.95,0,CSV,2,equity,credit
equipment acquisition reference 55231,148909.05,0,CSV,4,asset,debit
prepaid insurance reference 21633,480255.08,0,CSV,12,asset,debit
owner investment into business reference 70353,373421.2,0,CSV,6,equity,credit
consulting income received reference 17647,418139.83,0,Excel,3,revenue,credit
prepaid insurance reference 98052,95450.03,0,Excel,6,asset,debit
software subscription expense reference 59904,334003.87,0,CSV,3,expense,debit
vehicle purchase for business reference 70951,453636.27,1,Manual,4,asset,debit
capital introduced by shareholder reference 83956,162293.18,0,Manual,3,equity,credit
internet and telecom bill reference 65401,217346.47,0,CSV,9,expense,debit
tax payable recorded reference 70478,371399.0,0,Excel,3,liability,credit
purchase of office laptop reference 71543,263287.28,0,CSV,11,asset,debit
courier and postage expense reference 87962,122934.07,0,Manual,11,expense,debit
vendor credit purchase reference 13553,248340.4,0,CSV,10,liability,credit
tax payable recorded reference 32122,191747.37,0,Bank,9,liability,credit
employee salary payment reference 18340,459960.64,0,Manual,2,expense,debit
owner capital introduced reference 23952,226799.73,0,Bank,11,equity,credit
internet and telecom bill reference 64450,254191.07,1,CSV,9,expense,debit
product sales receipt reference 80447,103533.32,1,PDF,6,revenue,credit
purchase of office laptop reference 91313,367861.93,0,PDF,6,asset,debit
business travel expense reference 23773,103308.92,0,Excel,5,expense,debit
retained earnings transfer reference 36481,78106.35,1,PDF,9,equity,credit
shareholder contribution reference 66740,48364.79,0,Excel,10,equity,credit
insurance expense reference 17105,425514.96,0,PDF,5,expense,debit
tax payable recorded reference 43401,395556.17,0,CSV,5,liability,credit
office electricity bill reference 39626,156767.46,1,Bank,12,expense,credit
short term borrowing reference 12776,422261.27,0,CSV,1,liability,credit
prepaid insurance reference 77702,490894.35,0,Excel,3,asset,debit
owner withdrawal against equity reference 46685,41707.36,0,CSV,7,equity,credit
sales revenue from customer invoice reference 81640,402344.93,0,PDF,4,revenue,debit
owner capital introduced reference 92593,213118.25,0,CSV,11,equity,credit
insurance expense reference 76547,304656.67,0,Manual,5,expense,debit
accounts payable recorded reference 95834,118875.69,0,Bank,1,liability,credit
consulting income received reference 66036,153763.5,0,CSV,7,revenue,credit
equipment acquisition reference 48374,95736.12,0,CSV,2,asset,credit
service revenue received reference 98934,163796.27,1,CSV,3,revenue,credit
monthly office rent reference 41882,3989.93,0,CSV,3,expense,debit
monthly office rent reference 70761,168288.3,1,PDF,9,expense,debit
shareholder contribution reference 90030,120113.56,0,Bank,1,equity,credit
consulting income received reference 49457,374908.55,0,Manual,1,revenue,credit
tax payable recorded reference 59130,65269.73,0,Bank,7,liability,credit
sales collection reference 62074,70943.14,0,Bank,11,revenue,debit
sales collection reference 92756,149919.98,0,PDF,11,revenue,credit
vehicle purchase for business reference 72696,158374.45,0,CSV,3,asset,debit
owner investment into business reference 70386,306689.76,0,Bank,5,equity,credit
office electricity bill reference 90759,55657.54,0,Manual,12,expense,credit
equipment acquisition reference 57124,55798.72,0,Excel,7,asset,debit
sales revenue from customer invoice reference 61039,248531.13,0,PDF,9,revenue,credit
monthly office rent reference 53637,134295.36,1,Excel,11,expense,debit
prepaid insurance reference 80186,470888.35,0,Manual,5,asset,debit
accounts payable recorded reference 62514,244486.16,1,Manual,12,liability,credit
client payment for consulting services reference 32028,164725.57,0,PDF,3,revenue,credit
insurance expense reference 48048,118730.17,0,PDF,9,expense,debit
business travel expense reference 73678,30185.4,0,Manual,5,expense,debit
vehicle purchase for business reference 79142,117787.82,0,Bank,11,asset,debit
business travel expense reference 14602,393047.51,0,Bank,7,expense,debit
purchase of computer equipment reference 23237,435423.83,0,Manual,6,asset,debit
prepaid insurance reference 31474,301124.36,0,PDF,9,asset,debit
purchase of machinery reference 76106,203456.4,1,Excel,5,asset,debit
security deposit paid reference 69207,63994.4,0,Bank,6,asset,debit
monthly office rent reference 91117,419334.31,0,CSV,10,expense,debit
supplier payable created reference 35948,126601.77,0,PDF,8,liability,credit
supplier payable created reference 73165,276910.96,1,CSV,11,liability,debit
subscription revenue reference 66422,92478.02,1,PDF,6,revenue,credit
marketing campaign expense reference 73061,91085.5,0,Manual,6,expense,debit
sales collection reference 19983,70085.51,0,PDF,8,revenue,credit
software subscription expense reference 81963,169084.06,0,Manual,8,expense,debit
consulting income received reference 87356,224402.05,0,Excel,11,revenue,credit
sales collection reference 31069,311691.28,0,Bank,2,revenue,credit
shareholder contribution reference 20300,132123.77,0,CSV,2,equity,credit
loan repayment liability reference 54993,374256.86,0,Bank,11,liability,credit
equipment acquisition reference 67564,285475.27,0,Manual,1,asset,debit
accounts receivable created reference 34549,180623.8,0,PDF,1,asset,debit
purchase of computer equipment reference 91591,99379.83,0,Excel,10,asset,debit
business loan received reference 75966,88769.0,0,Manual,1,liability,debit
consulting income received reference 58314,170237.26,0,Excel,4,revenue,credit
client payment for consulting services reference 64770,324999.63,0,Excel,9,revenue,credit
salary payable recorded reference 83261,298911.18,0,Manual,9,liability,debit
owner withdrawal against equity reference 28890,175514.78,0,Excel,1,equity,credit
professional fees reference 24176,259618.33,0,CSV,3,expense,debit
customer invoice settlement reference 98233,442481.37,1,Manual,12,revenue,credit
product sales receipt reference 25348,6661.91,0,Bank,1,revenue,credit
equipment acquisition reference 67451,22648.29,0,PDF,8,asset,debit
loan repayment liability reference 46739,254307.6,0,Manual,2,liability,credit
short term borrowing reference 76130,287160.27,0,PDF,11,liability,credit
client payment for consulting services reference 23906,364767.01,0,Manual,1,revenue,credit
office electricity bill reference 16652,112631.0,1,Bank,2,expense,debit
office electricity bill reference 47316,288587.22,0,Excel,4,expense,debit
consulting income received reference 96537,253998.56,0,Bank,2,revenue,credit
insurance expense reference 47375,49232.42,1,Manual,1,expense,debit
equipment acquisition reference 58389,455711.39,0,CSV,1,asset,debit
owner withdrawal against equity reference 87345,329506.0,0,PDF,3,equity,credit
sales revenue from customer invoice reference 19504,433064.06,0,Excel,2,revenue,credit
customer invoice settlement reference 72933,178668.05,0,CSV,2,revenue,credit
service revenue received reference 34795,443257.01,0,PDF,11,revenue,credit
professional fees reference 72282,159424.13,0,Bank,3,expense,debit
security deposit paid reference 60948,281720.44,0,Bank,7,asset,debit
owner capital introduced reference 46512,229885.76,0,Manual,10,equity,credit
share capital contribution reference 35894,214925.7,0,CSV,10,equity,credit
purchase of machinery reference 42839,363083.48,0,Bank,8,asset,debit
service revenue received reference 35872,87681.3,0,Manual,6,revenue,credit
sales collection reference 19261,484266.11,0,Excel,10,revenue,credit
internet and telecom bill reference 24589,443299.63,0,CSV,3,expense,debit
gst payable recorded reference 19556,307878.41,1,Excel,6,liability,credit
owner investment into business reference 44172,384222.82,0,CSV,3,equity,credit
prepaid insurance reference 65553,334575.78,0,Bank,6,asset,debit
prepaid insurance reference 42913,279887.14,1,PDF,5,asset,credit
capital introduced by shareholder reference 21938,194422.61,0,Excel,4,equity,credit
sales revenue from customer invoice reference 30507,379790.88,0,Bank,1,revenue,credit
employee salary payment reference 95823,472050.0,1,Manual,12,expense,debit
owner investment into business reference 41984,130658.16,0,CSV,5,equity,credit
sales revenue from customer invoice reference 22347,218126.98,0,PDF,1,revenue,credit
sales revenue from customer invoice reference 78639,193659.33,1,Excel,11,revenue,credit
maintenance and repair expense reference 74103,420175.37,0,Excel,10,expense,debit
employee salary payment reference 43393,138233.61,0,CSV,8,expense,debit
accounts payable recorded reference 66375,220114.07,1,Manual,9,liability,credit
maintenance and repair expense reference 43986,267852.18,0,CSV,3,expense,debit
service revenue received reference 11514,135856.25,0,Excel,11,revenue,credit
sales collection reference 34088,387463.95,0,Excel,3,revenue,credit
supplier payable created reference 34872,283601.36,1,CSV,1,liability,credit
client payment for consulting services reference 93539,318453.48,0,Bank,1,revenue,credit
office furniture purchase reference 64608,225303.96,0,Manual,1,asset,credit
customer invoice settlement reference 17333,399465.01,0,CSV,5,revenue,credit
tax payable recorded reference 84927,424603.03,0,CSV,5,liability,credit
capital introduced by shareholder reference 90865,348959.97,0,CSV,3,equity,credit
subscription revenue reference 70332,48955.1,1,PDF,1,revenue,credit
vendor credit purchase reference 64543,265107.11,0,Bank,8,liability,credit
sales collection reference 76515,232873.63,1,Manual,10,revenue,credit
insurance expense reference 32570,4166.29,1,PDF,12,expense,debit
accounts payable recorded reference 81284,489144.44,1,Excel,10,liability,credit
employee salary payment reference 43949,494847.09,0,CSV,1,expense,debit
office furniture purchase reference 14103,469515.42,0,CSV,4,asset,debit
loan repayment liability reference 81956,52385.55,0,CSV,7,liability,credit
consulting income received reference 67159,201870.05,1,Manual,5,revenue,credit
product sales receipt reference 33776,29000.93,0,Excel,5,revenue,credit
internet and telecom bill reference 24531,151619.41,0,Excel,2,expense,debit
sales collection reference 57242,425290.38,0,PDF,2,revenue,credit
vehicle purchase for business reference 85058,264543.39,0,Manual,9,asset,debit
share capital contribution reference 35691,267122.4,0,PDF,8,equity,credit
accounts receivable created reference 29872,7568.29,0,Excel,9,asset,debit
additional equity contribution reference 93112,228556.25,1,Bank,7,equity,credit
employee salary payment reference 10936,235412.97,0,Manual,8,expense,debit
internet and telecom bill reference 20882,49192.68,0,CSV,8,expense,debit
shareholder contribution reference 50807,443341.48,1,CSV,4,equity,credit
retained earnings transfer reference 35110,278592.04,0,Bank,1,equity,credit
additional equity contribution reference 90917,256294.87,0,PDF,7,equity,credit
accounts payable recorded reference 71313,411640.64,0,CSV,2,liability,credit
maintenance and repair expense reference 88814,298162.66,0,PDF,7,expense,debit
prepaid insurance reference 34338,3770.66,0,Bank,10,asset,debit
software subscription expense reference 70797,352888.68,1,CSV,5,expense,debit
maintenance and repair expense reference 79483,208917.09,0,Manual,5,expense,debit
vendor credit purchase reference 51510,145857.72,0,Excel,4,liability,credit
courier and postage expense reference 46335,293285.5,0,Excel,3,expense,debit
owner capital introduced reference 32715,304209.58,0,Excel,7,equity,credit
prepaid insurance reference 81831,110731.52,0,CSV,3,asset,debit
maintenance and repair expense reference 16258,335098.61,0,Bank,2,expense,debit
short term borrowing reference 82208,85806.64,0,CSV,2,liability,credit
courier and postage expense reference 78088,457899.09,0,CSV,4,expense,debit
office furniture purchase reference 31391,323644.06,0,Manual,3,asset,credit
sales revenue from customer invoice reference 69258,44437.89,0,PDF,3,revenue,credit
accounts payable recorded reference 39953,292338.21,0,PDF,4,liability,credit
short term borrowing reference 89032,74026.62,0,Bank,3,liability,credit
shareholder contribution reference 27897,40600.86,1,Bank,10,equity,credit
owner withdrawal against equity reference 14714,17056.55,0,Excel,12,equity,credit
equipment acquisition reference 63307,227601.84,0,PDF,3,asset,debit
office furniture purchase reference 42067,35767.98,0,Excel,9,asset,debit
supplier payable created reference 27993,262815.91,1,Bank,9,liability,debit
sales revenue from customer invoice reference 26165,224456.9,0,CSV,11,revenue,credit
accounts payable recorded reference 19095,497652.42,0,Bank,9,liability,credit
accounts receivable created reference 98966,315580.75,0,CSV,1,asset,debit
client payment for consulting services reference 16076,26877.15,1,Bank,6,revenue,credit
owner capital introduced reference 84453,218165.86,0,Excel,7,equity,debit
product sales receipt reference 52238,75761.15,1,CSV,11,revenue,credit
security deposit paid reference 57459,189625.13,0,PDF,10,asset,debit
short term borrowing reference 95497,117568.44,1,Manual,9,liability,credit
office electricity bill reference 71134,456937.14,0,Bank,3,expense,debit
purchase of machinery reference 35498,109087.6,0,PDF,3,asset,debit
purchase of machinery reference 26779,39911.88,0,Excel,11,asset,debit
purchase of office laptop reference 94944,326388.0,0,Excel,4,asset,debit
internet and telecom bill reference 37639,365619.22,0,CSV,8,expense,debit
capital introduced by shareholder reference 87897,192050.29,0,PDF,11,equity,credit
office electricity bill reference 31146,67143.33,1,Excel,12,expense,debit
monthly office rent reference 97497,388290.49,1,Manual,2,expense,debit
vehicle purchase for business reference 49850,293894.32,0,CSV,9,asset,debit
accounts receivable created reference 16980,408026.66,0,Excel,12,asset,debit
salary payable recorded reference 52875,156370.31,1,Bank,2,liability,credit
sales collection reference 98305,451411.88,1,PDF,1,revenue,credit
customer invoice settlement reference 31978,456379.58,0,CSV,11,revenue,debit
additional equity contribution reference 35543,11572.37,0,PDF,5,equity,credit
owner investment into business reference 75871,398629.93,0,Excel,5,equity,debit
owner capital introduced reference 84557,310646.27,0,Excel,8,equity,debit
courier and postage expense reference 30009,174680.04,1,Bank,9,expense,debit
accounts receivable created reference 26667,113691.49,0,Manual,12,asset,debit
loan repayment liability reference 25113,364652.72,0,Manual,10,liability,credit
owner withdrawal against equity reference 73202,59016.65,0,PDF,7,equity,credit
short term borrowing reference 61716,415946.97,0,PDF,10,liability,credit
customer invoice settlement reference 23617,83182.99,0,Manual,12,revenue,credit
subscription revenue reference 31593,157426.22,0,Bank,8,revenue,debit
courier and postage expense reference 90427,190439.33,0,Excel,1,expense,debit
service revenue received reference 31751,171766.5,0,Manual,10,revenue,credit
purchase of office laptop reference 11151,346755.33,1,PDF,6,asset,debit
supplier payable created reference 39375,231889.79,0,Manual,6,liability,credit
service revenue received reference 28719,259697.86,0,PDF,2,revenue,credit
sales revenue from customer invoice reference 57111,313108.72,0,Manual,1,revenue,credit
internet and telecom bill reference 67722,499561.94,0,Excel,6,expense,debit
software subscription expense reference 53441,28066.05,0,Manual,2,expense,debit
business travel expense reference 53668,175888.03,0,Bank,5,expense,credit
shareholder contribution reference 48301,18591.26,0,Excel,8,equity,credit
business loan received reference 44860,290631.76,0,CSV,5,liability,credit
accounts payable recorded reference 44799,89604.9,0,PDF,2,liability,credit
capital introduced by shareholder reference 38632,147319.25,0,Manual,6,equity,credit
accounts payable recorded reference 15715,46583.07,1,CSV,10,liability,credit
additional equity contribution reference 97758,420201.76,0,Excel,8,equity,credit
customer invoice settlement reference 30479,290413.21,1,Manual,6,revenue,credit
additional equity contribution reference 20405,332759.53,0,Excel,11,equity,credit
professional fees reference 93395,491055.65,0,CSV,11,expense,debit
monthly office rent reference 39982,169316.98,0,CSV,11,expense,debit
supplier payable created reference 56005,431236.82,0,CSV,7,liability,credit
share capital contribution reference 33555,340454.07,0,CSV,9,equity,credit
professional fees reference 81316,433062.28,0,PDF,1,expense,debit
purchase of machinery reference 52829,303303.56,0,Bank,3,asset,debit
customer invoice settlement reference 18255,333911.22,0,PDF,8,revenue,credit
software subscription expense reference 98049,496270.46,1,Excel,8,expense,debit
maintenance and repair expense reference 83668,130918.09,0,PDF,12,expense,debit
purchase of office laptop reference 31681,32347.07,1,CSV,9,asset,debit
owner capital introduced reference 43607,348775.69,0,Manual,9,equity,credit
sales collection reference 98164,211831.65,1,Manual,4,revenue,credit
owner investment into business reference 13877,137187.41,0,Excel,3,equity,credit
sales collection reference 42393,305606.86,0,Bank,5,revenue,credit
office supplies purchase reference 43434,324726.78,1,PDF,6,expense,debit
sales revenue from customer invoice reference 40552,477471.75,0,Bank,2,revenue,credit
prepaid insurance reference 95511,363884.25,1,Excel,4,asset,debit
accounts payable recorded reference 49910,297854.93,0,Manual,2,liability,credit
subscription revenue reference 67339,145063.36,1,Excel,2,revenue,credit
vendor credit purchase reference 14509,304144.15,0,Bank,5,liability,credit
inventory purchase for stock reference 18045,435361.24,1,PDF,1,asset,debit
sales revenue from customer invoice reference 92297,231048.05,1,CSV,3,revenue,credit
loan repayment liability reference 13121,243858.14,0,Excel,10,liability,credit
retained earnings transfer reference 86436,47086.37,1,Bank,8,equity,credit
accounts payable recorded reference 58500,176229.59,0,Excel,10,liability,credit
shareholder contribution reference 45644,334040.18,0,Manual,6,equity,credit
shareholder contribution reference 32071,482274.51,1,Manual,3,equity,credit
consulting income received reference 66043,375543.87,0,Manual,3,revenue,debit
short term borrowing reference 78400,42485.14,0,PDF,10,liability,credit
business loan received reference 47103,93055.76,0,Excel,12,liability,debit
share capital contribution reference 67464,219966.98,0,Manual,4,equity,credit
client payment for consulting services reference 92131,440322.23,1,PDF,5,revenue,credit
sales collection reference 18379,422282.1,1,CSV,10,revenue,credit
vendor credit purchase reference 11342,252299.15,0,CSV,4,liability,credit
additional equity contribution reference 69164,101410.96,0,Excel,10,equity,credit
office furniture purchase reference 71975,448740.23,0,CSV,10,asset,debit
salary payable recorded reference 81555,378955.69,0,PDF,1,liability,credit
marketing campaign expense reference 24790,127743.89,1,PDF,2,expense,debit
tax payable recorded reference 81680,474926.14,1,PDF,12,liability,credit
employee salary payment reference 95782,162974.26,0,Bank,9,expense,debit
purchase of computer equipment reference 21353,163526.26,1,Excel,2,asset,debit
employee salary payment reference 84925,496670.68,0,Bank,11,expense,debit
tax payable recorded reference 55295,45393.86,0,CSV,10,liability,credit
vendor credit purchase reference 67152,135224.9,0,Manual,9,liability,credit
prepaid insurance reference 23242,73543.1,0,Manual,7,asset,debit
monthly office rent reference 45545,135748.65,0,PDF,6,expense,debit
employee salary payment reference 59380,163592.48,0,Excel,2,expense,debit
professional fees reference 68975,464983.23,0,Manual,7,expense,debit
purchase of computer equipment reference 55891,130625.41,0,Bank,12,asset,debit
service revenue received reference 76139,101601.09,0,Excel,11,revenue,credit
vendor credit purchase reference 55054,106769.39,0,Excel,12,liability,credit
service revenue received reference 29975,57396.67,0,CSV,10,revenue,credit
product sales receipt reference 48405,395671.0,0,Excel,1,revenue,credit
professional fees reference 27118,351719.85,0,Bank,5,expense,debit
business travel expense reference 27229,398888.59,0,Bank,8,expense,debit
office electricity bill reference 34448,193194.02,0,Bank,6,expense,debit
client payment for consulting services reference 41308,143111.74,0,Excel,11,revenue,credit
tax payable recorded reference 59667,26251.8,0,PDF,8,liability,credit
employee salary payment reference 60886,439992.89,0,Bank,2,expense,debit
loan repayment liability reference 26887,422202.64,0,Bank,7,liability,credit
loan repayment liability reference 13797,30408.03,0,Bank,6,liability,credit
client payment for consulting services reference 37161,127965.66,0,Excel,8,revenue,credit
sales collection reference 84277,94889.82,0,Manual,11,revenue,credit
software subscription expense reference 24838,149374.94,0,CSV,8,expense,debit
sales revenue from customer invoice reference 33719,171672.75,0,Excel,6,revenue,credit
monthly office rent reference 17881,491845.48,0,PDF,7,expense,debit
short term borrowing reference 57781,454674.84,1,Manual,5,liability,credit
consulting income received reference 71677,55792.09,1,PDF,9,revenue,credit
share capital contribution reference 57285,258094.45,0,Excel,3,equity,credit
purchase of machinery reference 55637,248485.16,1,Excel,3,asset,debit
share capital contribution reference 80609,285347.58,0,Manual,10,equity,credit
security deposit paid reference 70227,468715.26,1,Manual,6,asset,debit
software subscription expense reference 90661,139143.81,0,Bank,7,expense,debit
additional equity contribution reference 15826,420301.49,0,PDF,10,equity,credit
business travel expense reference 20792,403784.26,0,PDF,5,expense,debit
sales collection reference 47253,302819.56,0,PDF,7,revenue,credit
vehicle purchase for business reference 18978,445752.8,0,CSV,5,asset,debit
employee salary payment reference 55602,464442.77,0,Excel,11,expense,debit
office supplies purchase reference 79342,281919.47,0,Bank,11,expense,debit
additional equity contribution reference 36686,499731.87,0,Manual,4,equity,credit
gst payable recorded reference 51628,237453.89,0,Excel,8,liability,credit
office furniture purchase reference 98553,416757.86,1,CSV,2,asset,debit
customer invoice settlement reference 63291,378159.6,0,Excel,1,revenue,credit
sales collection reference 13957,295745.87,0,Manual,9,revenue,credit
inventory purchase for stock reference 14339,473100.53,0,Bank,5,asset,debit
purchase of office laptop reference 55971,175590.56,1,CSV,10,asset,debit
maintenance and repair expense reference 28607,55640.42,0,CSV,3,expense,debit
owner capital introduced reference 30968,481420.15,0,PDF,9,equity,credit
owner investment into business reference 74432,198626.53,0,Excel,4,equity,credit
gst payable recorded reference 48854,219094.65,0,Excel,4,liability,credit
share capital contribution reference 32843,58857.51,0,PDF,6,equity,credit
office supplies purchase reference 52765,133853.8,0,CSV,4,expense,debit
client payment for consulting services reference 76013,183502.89,0,CSV,2,revenue,credit
prepaid insurance reference 79807,36456.9,0,CSV,7,asset,debit
inventory purchase for stock reference 94689,140949.72,0,Excel,1,asset,debit
professional fees reference 52671,212278.57,0,Bank,3,expense,debit
prepaid insurance reference 24467,32758.45,0,CSV,12,asset,debit
security deposit paid reference 29976,245480.14,0,PDF,10,asset,debit
shareholder contribution reference 48756,64089.11,1,CSV,7,equity,credit
share capital contribution reference 69078,120953.68,0,Manual,3,equity,credit
tax payable recorded reference 19393,57875.73,1,Manual,9,liability,credit
vehicle purchase for business reference 13385,316470.22,0,Excel,7,asset,debit
purchase of machinery reference 78745,423971.86,1,CSV,8,asset,debit
business travel expense reference 36695,31501.5,1,PDF,2,expense,debit
share capital contribution reference 44624,388236.6,1,Excel,8,equity,credit
marketing campaign expense reference 33746,223496.85,0,Bank,2,expense,debit
insurance expense reference 24538,113115.97,0,Excel,6,expense,debit
sales collection reference 99797,158905.27,0,Manual,11,revenue,credit
additional equity contribution reference 40783,24852.04,0,Manual,9,equity,debit
office electricity bill reference 68901,99584.79,0,PDF,7,expense,debit
office electricity bill reference 53745,234535.17,0,Manual,1,expense,debit
service revenue received reference 37952,491527.92,0,Excel,8,revenue,credit
purchase of computer equipment reference 74989,109655.31,0,Bank,7,asset,debit
subscription revenue reference 63679,396239.28,0,Excel,11,revenue,credit
accounts receivable created reference 11599,354970.94,0,Excel,6,asset,debit
capital introduced by shareholder reference 80962,287993.26,0,Bank,9,equity,debit
marketing campaign expense reference 29243,322672.86,1,Manual,3,expense,debit
short term borrowing reference 15755,149504.49,0,Excel,5,liability,credit
accounts payable recorded reference 87805,354743.53,1,Manual,12,liability,credit
service revenue received reference 48572,232468.61,1,CSV,10,revenue,credit
office furniture purchase reference 15736,404793.92,0,Excel,7,asset,debit
client payment for consulting services reference 69043,164092.28,0,Bank,11,revenue,credit
office furniture purchase reference 86028,16504.27,0,Manual,10,asset,debit
equipment acquisition reference 93575,111439.34,0,Manual,11,asset,debit
client payment for consulting services reference 10675,168396.92,0,Bank,11,revenue,credit
retained earnings transfer reference 36140,81656.46,0,CSV,11,equity,credit
subscription revenue reference 19833,295521.72,0,Excel,5,revenue,credit
sales collection reference 12200,110468.87,0,CSV,7,revenue,credit
shareholder contribution reference 51724,133123.58,0,Excel,6,equity,credit
retained earnings transfer reference 55420,296689.32,0,Bank,3,equity,debit
accounts receivable created reference 77360,435264.4,1,CSV,1,asset,debit
additional equity contribution reference 90673,216356.16,0,Excel,11,equity,credit
owner investment into business reference 13455,281919.02,0,Bank,8,equity,credit
owner investment into business reference 37682,219008.71,0,Excel,4,equity,credit
accounts payable recorded reference 22677,482675.57,0,Manual,10,liability,credit
retained earnings transfer reference 39701,25276.54,1,Bank,6,equity,credit
equipment acquisition reference 48858,111358.18,0,CSV,9,asset,debit
vendor credit purchase reference 41719,241186.23,0,Bank,10,liability,credit
salary payable recorded reference 94609,469973.88,1,PDF,7,liability,credit
insurance expense reference 69403,378283.65,1,Bank,10,expense,debit
vendor credit purchase reference 65977,213750.72,0,CSV,12,liability,credit
security deposit paid reference 79543,141922.64,0,Manual,6,asset,debit
loan repayment liability reference 55932,399983.8,0,PDF,8,liability,credit
product sales receipt reference 37489,282349.72,0,CSV,2,revenue,credit
additional equity contribution reference 63805,66446.26,0,Bank,8,equity,credit
product sales receipt reference 14699,46767.59,1,PDF,12,revenue,credit
purchase of machinery reference 58277,367877.02,0,Bank,6,asset,debit
owner withdrawal against equity reference 61391,453347.14,0,PDF,11,equity,credit
owner capital introduced reference 23826,447201.64,0,Excel,10,equity,credit
loan repayment liability reference 10169,315870.29,0,Bank,9,liability,credit
accounts payable recorded reference 72852,275002.32,0,Manual,2,liability,debit
purchase of office laptop reference 62566,241452.03,0,Bank,12,asset,debit
employee salary payment reference 89364,156633.42,0,PDF,5,expense,debit
client payment for consulting services reference 44726,486690.36,0,Excel,6,revenue,credit
prepaid insurance reference 68443,92521.04,0,PDF,12,asset,debit
consulting income received reference 83777,456066.88,0,PDF,6,revenue,credit
product sales receipt reference 45772,206122.02,1,CSV,10,revenue,credit
supplier payable created reference 86217,17788.03,0,Bank,8,liability,credit
office electricity bill reference 28826,489574.16,0,PDF,2,expense,debit
office supplies purchase reference 66141,312219.52,1,Manual,9,expense,debit
accounts payable recorded reference 72093,27521.79,0,Manual,8,liability,credit
inventory purchase for stock reference 82465,14826.71,0,PDF,3,asset,credit
sales collection reference 47958,33879.46,0,CSV,3,revenue,credit
shareholder contribution reference 52242,488385.39,0,Excel,1,equity,credit
sales collection reference 47463,25102.43,0,Manual,7,revenue,credit
supplier payable created reference 16071,464120.8,1,Manual,7,liability,credit
accounts receivable created reference 11714,178039.72,0,Manual,7,asset,debit
maintenance and repair expense reference 52562,385372.85,0,Bank,3,expense,debit
client payment for consulting services reference 12052,479300.33,0,Excel,10,revenue,credit
inventory purchase for stock reference 54018,296106.97,0,Excel,6,asset,credit
retained earnings transfer reference 35354,404393.32,0,Bank,11,equity,credit
employee salary payment reference 33363,225692.01,0,PDF,1,expense,debit
owner capital introduced reference 53880,499470.99,1,CSV,5,equity,credit
prepaid insurance reference 42936,49344.66,0,Bank,1,asset,debit
purchase of office laptop reference 23568,467925.68,0,Bank,9,asset,debit
salary payable recorded reference 34232,313149.06,0,Excel,10,liability,credit
monthly office rent reference 59430,440380.19,0,Bank,1,expense,debit
inventory purchase for stock reference 55945,192511.57,0,PDF,1,asset,debit
business travel expense reference 87957,406281.64,0,Excel,12,expense,debit
gst payable recorded reference 59352,41297.82,1,CSV,2,liability,credit
sales revenue from customer invoice reference 55736,218615.41,0,Bank,6,revenue,credit
insurance expense reference 82655,412779.8,1,Excel,1,expense,debit
office electricity bill reference 31808,362638.11,0,Excel,12,expense,debit
business travel expense reference 30567,19316.96,0,Excel,3,expense,credit
additional equity contribution reference 53772,153811.54,0,CSV,8,equity,credit
prepaid insurance reference 12395,30840.34,0,Bank,12,asset,debit
business loan received reference 77936,330168.71,1,Bank,7,liability,credit
consulting income received reference 90841,281701.47,0,PDF,4,revenue,credit
client payment for consulting services reference 99602,185782.49,0,Excel,5,revenue,credit
share capital contribution reference 77471,172208.6,0,Bank,6,equity,credit
gst payable recorded reference 40376,482655.1,0,Excel,3,liability,credit
inventory purchase for stock reference 84182,159036.59,0,PDF,5,asset,debit
retained earnings transfer reference 68830,499610.0,0,Excel,6,equity,credit
accounts receivable created reference 19297,62365.04,0,Bank,12,asset,debit
office furniture purchase reference 80027,224290.97,0,PDF,2,asset,debit
customer invoice settlement reference 83124,258191.5,0,Manual,7,revenue,credit
sales revenue from customer invoice reference 47596,129057.47,0,Bank,2,revenue,credit
owner withdrawal against equity reference 92028,149288.59,0,Manual,2,equity,credit
purchase of office laptop reference 26456,42666.33,0,Manual,12,asset,debit
additional equity contribution reference 84085,422064.93,0,Manual,10,equity,credit
insurance expense reference 71812,22989.63,0,Bank,1,expense,debit
consulting income received reference 68849,321307.94,0,Excel,6,revenue,credit
office supplies purchase reference 12421,261365.04,1,PDF,10,expense,debit
product sales receipt reference 97012,351977.22,1,Excel,8,revenue,credit
consulting income received reference 40802,178483.42,0,PDF,12,revenue,credit
additional equity contribution reference 50688,301767.83,0,PDF,6,equity,credit
office furniture purchase reference 63850,402165.77,0,Manual,9,asset,debit
capital introduced by shareholder reference 28429,21106.94,0,Bank,8,equity,credit
client payment for consulting services reference 15832,58085.14,0,Bank,4,revenue,credit
professional fees reference 82982,412039.55,0,Manual,3,expense,credit
internet and telecom bill reference 62966,241101.1,0,Manual,4,expense,debit
inventory purchase for stock reference 10346,208975.94,0,CSV,6,asset,debit
business travel expense reference 45252,167095.32,0,CSV,2,expense,debit
loan repayment liability reference 72735,124108.4,0,PDF,2,liability,credit
sales revenue from customer invoice reference 68167,116903.09,0,PDF,10,revenue,debit
client payment for consulting services reference 89324,317896.92,0,Excel,4,revenue,credit
product sales receipt reference 55005,13513.2,0,PDF,9,revenue,credit
shareholder contribution reference 36723,424929.05,0,Bank,12,equity,credit
office supplies purchase reference 65493,109889.89,0,Excel,12,expense,debit
loan repayment liability reference 42060,182473.53,0,Bank,8,liability,credit
office furniture purchase reference 13117,386240.35,1,Excel,11,asset,debit
consulting income received reference 39474,190042.31,0,CSV,4,revenue,debit
sales revenue from customer invoice reference 48411,450602.1,1,PDF,1,revenue,credit
purchase of office laptop reference 83552,258133.03,1,Manual,10,asset,debit
service revenue received reference 55958,313683.92,1,Bank,1,revenue,credit
internet and telecom bill reference 40262,259537.35,0,PDF,3,expense,debit
purchase of computer equipment reference 70427,416691.94,0,Excel,8,asset,debit
owner withdrawal against equity reference 73004,275330.67,0,PDF,8,equity,credit
vehicle purchase for business reference 43320,27624.82,0,Bank,10,asset,debit
accounts payable recorded reference 43401,116896.99,0,Excel,5,liability,debit
business loan received reference 84221,100165.48,0,PDF,5,liability,credit
client payment for consulting services reference 69063,18563.27,1,Bank,1,revenue,credit
shareholder contribution reference 42814,393640.05,0,PDF,12,equity,credit
service revenue received reference 44813,140380.38,0,PDF,8,revenue,credit
employee salary payment reference 77453,384497.2,0,PDF,10,expense,credit
courier and postage expense reference 79635,73997.49,0,Manual,5,expense,debit
purchase of office laptop reference 60978,42810.0,0,Bank,2,asset,debit
client payment for consulting services reference 87468,171463.4,0,Bank,5,revenue,credit
purchase of computer equipment reference 86788,360272.96,0,Manual,11,asset,debit
consulting income received reference 42516,426385.05,0,CSV,3,revenue,credit
accounts receivable created reference 26866,2771.45,1,Bank,6,asset,debit
purchase of machinery reference 49491,399197.82,0,CSV,12,asset,debit
software subscription expense reference 82330,492123.91,0,Bank,4,expense,debit
business travel expense reference 10732,316112.91,0,Bank,10,expense,debit
share capital contribution reference 91531,225179.67,1,CSV,2,equity,credit
customer invoice settlement reference 54452,309392.02,0,PDF,12,revenue,credit
salary payable recorded reference 73520,376840.19,0,PDF,6,liability,credit
office electricity bill reference 29449,202885.14,1,PDF,4,expense,debit
service revenue received reference 70556,217662.49,0,PDF,9,revenue,credit
insurance expense reference 55013,435382.62,0,Excel,1,expense,debit
retained earnings transfer reference 98982,243215.67,1,Excel,5,equity,credit
consulting income received reference 19981,44021.09,0,PDF,1,revenue,credit
owner withdrawal against equity reference 23114,494560.26,0,CSV,6,equity,credit
accounts payable recorded reference 23985,348128.92,0,Excel,8,liability,credit
customer invoice settlement reference 96820,345159.37,0,Bank,7,revenue,credit
monthly office rent reference 28172,273962.16,0,Bank,12,expense,debit
capital introduced by shareholder reference 59504,466967.7,0,PDF,2,equity,debit
security deposit paid reference 99636,240441.02,1,Excel,7,asset,debit
shareholder contribution reference 96807,471273.97,1,Manual,3,equity,credit
insurance expense reference 56695,260225.47,0,PDF,8,expense,debit
purchase of machinery reference 88934,230494.72,0,CSV,2,asset,debit
internet and telecom bill reference 92487,42945.34,0,CSV,3,expense,debit
subscription revenue reference 38654,277267.58,0,CSV,12,revenue,credit
purchase of computer equipment reference 77251,10859.39,0,PDF,7,asset,debit
shareholder contribution reference 54264,369415.62,1,Excel,4,equity,credit
accounts payable recorded reference 81451,160236.5,0,CSV,12,liability,credit
sales collection reference 84262,327927.72,0,Excel,9,revenue,debit
customer invoice settlement reference 60493,201125.75,0,PDF,7,revenue,debit
insurance expense reference 54424,309169.42,0,Bank,3,expense,debit
sales collection reference 20366,282149.27,0,CSV,1,revenue,credit
purchase of computer equipment reference 92793,15418.2,0,CSV,12,asset,debit
office furniture purchase reference 86408,201737.8,0,PDF,12,asset,debit
equipment acquisition reference 51519,485374.78,0,Manual,8,asset,debit
courier and postage expense reference 63884,145517.87,1,Bank,9,expense,debit
owner withdrawal against equity reference 44119,70333.43,0,Excel,5,equity,debit
owner capital introduced reference 70610,88227.58,0,PDF,12,equity,credit
equipment acquisition reference 66548,166903.8,0,Excel,3,asset,debit
vendor credit purchase reference 78468,491956.29,1,Excel,3,liability,debit
internet and telecom bill reference 36896,100114.22,0,Excel,2,expense,debit
accounts payable recorded reference 84665,476433.11,0,Bank,2,liability,credit
subscription revenue reference 56876,434185.44,1,Excel,5,revenue,credit
courier and postage expense reference 80791,286574.52,1,CSV,3,expense,debit
retained earnings transfer reference 74651,1682.81,0,Manual,4,equity,credit
vehicle purchase for business reference 69026,341166.48,0,CSV,10,asset,debit
vehicle purchase for business reference 81413,376597.43,0,CSV,12,asset,debit
consulting income received reference 87396,466500.26,1,CSV,7,revenue,credit
accounts payable recorded reference 15427,104580.77,0,PDF,4,liability,credit
capital introduced by shareholder reference 80853,19206.67,0,PDF,9,equity,credit
internet and telecom bill reference 18816,317523.89,1,Manual,1,expense,debit
product sales receipt reference 39919,441824.0,1,Manual,11,revenue,credit
owner withdrawal against equity reference 31354,183801.06,1,CSV,7,equity,credit
prepaid insurance reference 37993,146699.49,0,CSV,12,asset,debit
share capital contribution reference 69372,303866.72,0,Excel,3,equity,credit
owner withdrawal against equity reference 34568,136869.57,0,PDF,2,equity,credit
retained earnings transfer reference 65242,386328.45,0,CSV,4,equity,credit
product sales receipt reference 46924,373740.31,1,Bank,5,revenue,credit
maintenance and repair expense reference 94863,317052.5,0,Excel,8,expense,credit
consulting income received reference 50162,432122.12,0,CSV,7,revenue,credit
gst payable recorded reference 35099,466883.49,0,Excel,8,liability,credit
internet and telecom bill reference 96154,328647.44,0,Excel,4,expense,credit
accounts payable recorded reference 99394,316527.98,0,PDF,9,liability,debit
prepaid insurance reference 80793,484418.25,0,PDF,3,asset,debit
accounts payable recorded reference 90639,367705.18,0,CSV,5,liability,credit
business travel expense reference 70918,84660.73,0,Manual,4,expense,debit
subscription revenue reference 52148,481118.89,0,Excel,3,revenue,credit
product sales receipt reference 33700,427317.62,1,Manual,3,revenue,credit
salary payable recorded reference 28394,250709.52,0,PDF,5,liability,credit
shareholder contribution reference 14449,494909.33,0,Bank,12,equity,credit
purchase of computer equipment reference 19448,176961.87,0,CSV,10,asset,debit
monthly office rent reference 55951,316649.4,0,Bank,6,expense,debit
professional fees reference 34067,284697.35,1,CSV,5,expense,debit
customer invoice settlement reference 55852,90885.83,0,Excel,5,revenue,credit
inventory purchase for stock reference 34748,392209.4,0,Excel,5,asset,credit
owner withdrawal against equity reference 25638,192515.54,0,Excel,9,equity,credit
consulting income received reference 32772,388007.65,0,Excel,5,revenue,credit
monthly office rent reference 40611,244099.11,0,Excel,4,expense,debit
service revenue received reference 81021,141016.93,0,Manual,11,revenue,credit
additional equity contribution reference 42403,489315.11,0,Manual,7,equity,credit
retained earnings transfer reference 91293,17365.38,0,PDF,5,equity,credit
subscription revenue reference 47047,156433.95,0,CSV,9,revenue,credit
courier and postage expense reference 31643,141702.52,1,CSV,12,expense,debit
shareholder contribution reference 56757,345777.12,1,Bank,6,equity,credit
retained earnings transfer reference 60314,31604.7,0,Manual,9,equity,credit
maintenance and repair expense reference 19075,368094.18,1,Bank,8,expense,debit
gst payable recorded reference 54013,91813.99,0,Manual,2,liability,credit
accounts payable recorded reference 32228,67685.58,0,Excel,1,liability,credit
subscription revenue reference 72633,422837.21,0,Bank,3,revenue,credit
maintenance and repair expense reference 78352,260177.59,0,Manual,12,expense,credit
prepaid insurance reference 21782,45207.91,0,Manual,7,asset,debit
subscription revenue reference 58132,257212.32,0,CSV,8,revenue,credit
courier and postage expense reference 17905,410625.26,0,Excel,8,expense,debit
gst payable recorded reference 69214,398327.13,0,Manual,3,liability,credit
owner investment into business reference 48720,331417.18,0,PDF,3,equity,credit
tax payable recorded reference 56211,96238.4,0,CSV,4,liability,credit
short term borrowing reference 89508,125256.68,0,Excel,7,liability,credit
owner investment into business reference 16958,90493.3,1,CSV,10,equity,credit
salary payable recorded reference 98345,333155.78,1,Excel,5,liability,credit
owner capital introduced reference 96455,351740.04,0,Bank,9,equity,credit
purchase of office laptop reference 94870,141822.47,0,Excel,6,asset,debit
purchase of office laptop reference 15520,268256.95,0,PDF,1,asset,debit
additional equity contribution reference 14182,245949.82,1,PDF,8,equity,debit
office electricity bill reference 88747,290329.95,1,Manual,4,expense,debit
owner withdrawal against equity reference 78349,460443.23,0,Excel,3,equity,credit
service revenue received reference 18732,225914.61,1,CSV,1,revenue,debit
sales revenue from customer invoice reference 68511,474986.52,1,CSV,5,revenue,credit
professional fees reference 48876,228259.3,0,Bank,6,expense,debit
subscription revenue reference 14397,224427.28,0,Manual,9,revenue,credit
security deposit paid reference 43143,385819.21,0,PDF,7,asset,debit
vendor credit purchase reference 85456,418086.1,1,Excel,6,liability,credit
share capital contribution reference 65926,286617.66,1,CSV,7,equity,debit
salary payable recorded reference 30881,64763.74,0,Excel,2,liability,credit
service revenue received reference 17269,361977.33,0,PDF,11,revenue,credit
owner capital introduced reference 80552,446932.92,0,Excel,6,equity,credit
owner withdrawal against equity reference 39214,350139.18,1,Manual,10,equity,credit
tax payable recorded reference 49330,413220.74,0,Bank,2,liability,credit
shareholder contribution reference 93513,226140.48,0,Manual,11,equity,credit
courier and postage expense reference 84721,10488.52,0,Excel,6,expense,debit
capital introduced by shareholder reference 54555,235594.17,0,CSV,10,equity,credit
monthly office rent reference 44338,175286.65,0,Excel,12,expense,debit
owner investment into business reference 69455,281784.47,0,Bank,7,equity,credit
client payment for consulting services reference 66510,471875.4,0,Excel,5,revenue,debit
client payment for consulting services reference 57077,94670.85,0,Excel,12,revenue,credit
owner investment into business reference 44644,24002.9,1,Excel,2,equity,credit
accounts receivable created reference 67373,483150.24,0,Excel,7,asset,debit
additional equity contribution reference 88365,371816.19,0,Bank,12,equity,credit
capital introduced by shareholder reference 75528,135159.01,1,Bank,1,equity,credit
owner capital introduced reference 50673,92240.29,0,Bank,12,equity,debit
service revenue received reference 98795,111629.88,0,Manual,3,revenue,credit
business travel expense reference 59709,356410.05,1,Bank,10,expense,debit
marketing campaign expense reference 76462,444711.78,0,PDF,9,expense,debit
marketing campaign expense reference 84565,170996.85,0,Bank,3,expense,debit
consulting income received reference 36182,257771.04,0,Manual,12,revenue,credit
client payment for consulting services reference 53798,245608.14,0,Bank,7,revenue,credit
capital introduced by shareholder reference 79132,370190.88,0,CSV,7,equity,credit
retained earnings transfer reference 78151,249110.5,1,Bank,5,equity,credit
employee salary payment reference 50737,210545.34,0,CSV,9,expense,debit
owner investment into business reference 95868,183621.29,0,Bank,1,equity,credit
purchase of machinery reference 57051,355825.72,0,Bank,3,asset,debit
sales collection reference 51224,190983.78,0,CSV,7,revenue,credit
business loan received reference 21796,30977.73,1,Manual,7,liability,credit
software subscription expense reference 43082,171811.46,1,PDF,8,expense,debit
owner withdrawal against equity reference 94821,1624.38,0,Manual,2,equity,credit
courier and postage expense reference 52307,89211.95,0,PDF,10,expense,debit
vehicle purchase for business reference 85547,39304.52,0,Bank,8,asset,debit
additional equity contribution reference 94982,335412.96,0,CSV,9,equity,credit
purchase of office laptop reference 11993,228573.99,0,PDF,5,asset,debit
office electricity bill reference 55066,146636.93,0,CSV,8,expense,debit
shareholder contribution reference 38021,5685.54,1,CSV,7,equity,credit
salary payable recorded reference 16674,360343.47,0,PDF,7,liability,credit
customer invoice settlement reference 53876,78904.23,0,PDF,9,revenue,credit
purchase of machinery reference 91528,382062.47,0,PDF,2,asset,debit
consulting income received reference 16267,69429.76,0,CSV,4,revenue,credit
retained earnings transfer reference 41418,234045.94,0,Bank,3,equity,credit
tax payable recorded reference 79066,335905.94,0,CSV,7,liability,credit
sales collection reference 68975,307165.96,0,Bank,1,revenue,credit
office furniture purchase reference 27436,281186.39,0,Manual,2,asset,debit
business travel expense reference 98579,404002.21,0,Manual,6,expense,debit
accounts payable recorded reference 19184,319581.3,0,Manual,10,liability,credit
prepaid insurance reference 10134,246726.02,0,CSV,6,asset,debit
employee salary payment reference 15959,338922.78,1,PDF,10,expense,credit
gst payable recorded reference 25956,486095.25,1,Excel,8,liability,credit
security deposit paid reference 14195,297797.08,0,CSV,3,asset,debit
vendor credit purchase reference 78600,228566.44,0,Bank,1,liability,credit
equipment acquisition reference 19549,103198.07,0,PDF,1,asset,debit
product sales receipt reference 44942,196679.57,1,CSV,4,revenue,credit
service revenue received reference 73931,356936.51,0,Excel,5,revenue,credit
owner investment into business reference 23367,129794.87,0,CSV,10,equity,credit
subscription revenue reference 67784,19490.93,1,Manual,12,revenue,credit
customer invoice settlement reference 83798,345507.05,1,Bank,2,revenue,credit
office supplies purchase reference 61989,25318.67,1,PDF,9,expense,debit
sales collection reference 57002,107556.04,1,Excel,3,revenue,credit
client payment for consulting services reference 52281,366880.7,0,PDF,5,revenue,credit
business travel expense reference 86233,350440.28,0,PDF,4,expense,debit
accounts payable recorded reference 45644,491326.5,0,CSV,12,liability,credit
professional fees reference 46414,322708.08,0,PDF,9,expense,debit
owner investment into business reference 71904,98458.53,0,CSV,4,equity,debit
equipment acquisition reference 42402,179329.95,0,Excel,3,asset,credit
owner withdrawal against equity reference 54514,144107.05,0,PDF,11,equity,credit
consulting income received reference 68338,289230.6,0,Excel,4,revenue,debit
customer invoice settlement reference 43167,250610.18,0,PDF,5,revenue,credit
sales revenue from customer invoice reference 26696,339653.34,1,Bank,12,revenue,credit
additional equity contribution reference 14915,71792.34,1,Manual,6,equity,credit
prepaid insurance reference 40237,35181.24,0,Manual,12,asset,debit
consulting income received reference 17629,207193.01,0,Manual,11,revenue,credit
vehicle purchase for business reference 37659,435803.38,0,CSV,6,asset,credit
owner investment into business reference 57417,367575.97,0,PDF,7,equity,credit
share capital contribution reference 44962,164375.98,0,Excel,10,equity,credit
subscription revenue reference 45700,369370.39,0,CSV,2,revenue,credit
office supplies purchase reference 93467,76839.38,0,Manual,8,expense,debit
capital introduced by shareholder reference 72582,398009.6,0,Excel,4,equity,credit
employee salary payment reference 65902,309114.29,0,Manual,8,expense,credit
tax payable recorded reference 51365,253122.45,0,Excel,8,liability,debit
gst payable recorded reference 15089,461123.07,0,Bank,3,liability,credit
retained earnings transfer reference 45864,467780.3,0,Bank,7,equity,debit
tax payable recorded reference 93933,132725.99,0,Manual,6,liability,credit
retained earnings transfer reference 27693,430206.36,0,PDF,5,equity,credit
office electricity bill reference 14566,207770.87,0,Bank,8,expense,debit
insurance expense reference 51130,275945.06,0,Excel,8,expense,debit
inventory purchase for stock reference 24885,111577.34,0,CSV,3,asset,debit
loan repayment liability reference 26269,376772.83,0,Manual,2,liability,credit
owner investment into business reference 25489,327670.54,1,Manual,8,equity,credit
retained earnings transfer reference 69959,413490.25,0,CSV,3,equity,credit
capital introduced by shareholder reference 29585,184152.49,0,Excel,8,equity,credit
business loan received reference 58336,137981.05,1,Bank,3,liability,credit
office electricity bill reference 40175,442855.71,0,CSV,9,expense,debit
loan repayment liability reference 74861,2359.08,0,Manual,7,liability,credit
software subscription expense reference 55963,324455.98,1,PDF,11,expense,debit
security deposit paid reference 40065,416855.84,0,Manual,10,asset,debit
prepaid insurance reference 16277,61099.79,0,Bank,2,asset,debit
courier and postage expense reference 17709,301073.19,0,Manual,5,expense,debit
subscription revenue reference 85226,38032.13,0,CSV,12,revenue,credit
inventory purchase for stock reference 44117,493026.2,0,PDF,11,asset,debit
accounts payable recorded reference 19995,327018.55,0,PDF,4,liability,credit
product sales receipt reference 33296,218489.94,0,CSV,5,revenue,credit
sales collection reference 62703,390842.19,0,CSV,1,revenue,credit
sales revenue from customer invoice reference 61933,200116.72,0,Manual,9,revenue,credit
client payment for consulting services reference 54216,352376.91,1,Manual,10,revenue,debit
purchase of office laptop reference 92430,308939.89,0,CSV,12,asset,debit
inventory purchase for stock reference 53386,460943.96,0,CSV,3,asset,debit
owner investment into business reference 10061,453052.94,1,CSV,3,equity,credit
software subscription expense reference 63465,282339.62,1,CSV,6,expense,debit
software subscription expense reference 15691,404055.25,0,Manual,6,expense,debit
business loan received reference 30101,385714.43,0,CSV,1,liability,credit
salary payable recorded reference 49942,33167.09,0,Manual,2,liability,credit
customer invoice settlement reference 14799,470205.53,0,Bank,7,revenue,credit
salary payable recorded reference 14548,69891.45,0,Bank,3,liability,credit
owner investment into business reference 66030,454737.17,0,Manual,3,equity,credit
client payment for consulting services reference 62571,159226.84,0,CSV,2,revenue,credit
supplier payable created reference 92714,202025.21,0,Bank,12,liability,credit
client payment for consulting services reference 13440,67517.32,0,CSV,10,revenue,credit
owner withdrawal against equity reference 65216,260917.32,0,Bank,8,equity,credit
customer invoice settlement reference 38625,173434.12,0,Manual,8,revenue,credit
maintenance and repair expense reference 33502,343371.21,0,Manual,2,expense,debit
shareholder contribution reference 82904,198059.33,0,Manual,8,equity,credit
service revenue received reference 14273,18907.34,0,Manual,12,revenue,credit
customer invoice settlement reference 11299,78219.98,0,Bank,4,revenue,credit
supplier payable created reference 15997,365389.8,0,Excel,5,liability,credit
consulting income received reference 35138,223763.51,0,Excel,7,revenue,credit
office supplies purchase reference 96867,376593.54,1,CSV,6,expense,credit
gst payable recorded reference 85641,62887.48,0,Manual,5,liability,credit
product sales receipt reference 23589,456760.11,0,Manual,10,revenue,credit
owner investment into business reference 93152,380280.97,0,Excel,10,equity,credit
subscription revenue reference 65812,319786.72,0,Excel,1,revenue,debit
shareholder contribution reference 57198,360564.51,0,PDF,10,equity,credit
short term borrowing reference 90538,83917.96,1,PDF,11,liability,credit
equipment acquisition reference 28885,15902.96,0,Bank,11,asset,debit
loan repayment liability reference 72086,265625.79,0,Manual,1,liability,credit
subscription revenue reference 52567,45620.68,0,Excel,5,revenue,credit
business loan received reference 47573,388011.74,0,Excel,11,liability,credit
equipment acquisition reference 61053,196337.14,0,Manual,12,asset,debit
service revenue received reference 16465,110455.47,0,Bank,12,revenue,debit
shareholder contribution reference 25604,56940.99,0,PDF,10,equity,credit
short term borrowing reference 58206,132502.43,0,Excel,12,liability,credit
maintenance and repair expense reference 85368,183251.37,0,PDF,8,expense,debit
additional equity contribution reference 32081,119251.77,0,Bank,2,equity,credit
owner withdrawal against equity reference 46612,496778.2,1,Manual,1,equity,credit
subscription revenue reference 99893,306951.48,0,Manual,11,revenue,credit
subscription revenue reference 94264,453497.76,0,PDF,7,revenue,credit
professional fees reference 42760,460083.8,1,Excel,2,expense,debit
sales revenue from customer invoice reference 48287,479533.68,0,PDF,9,revenue,credit
office electricity bill reference 80492,211371.19,0,Manual,4,expense,debit
owner capital introduced reference 27742,397550.5,1,CSV,7,equity,credit
professional fees reference 73960,485972.42,1,CSV,3,expense,credit
prepaid insurance reference 66399,460717.55,0,PDF,11,asset,credit
office furniture purchase reference 42920,141769.74,0,PDF,6,asset,debit
software subscription expense reference 16447,372269.74,0,Bank,4,expense,debit
supplier payable created reference 22619,198493.06,0,Excel,2,liability,debit
owner capital introduced reference 94584,96194.4,1,PDF,9,equity,credit
sales collection reference 62354,11350.87,0,Bank,2,revenue,credit
additional equity contribution reference 92108,410099.73,0,Bank,5,equity,credit
sales collection reference 30246,369552.1,0,PDF,4,revenue,credit
subscription revenue reference 70751,70516.79,1,Excel,8,revenue,credit
sales revenue from customer invoice reference 52559,327729.39,1,Manual,12,revenue,credit
office electricity bill reference 18542,407767.97,0,CSV,1,expense,debit
purchase of computer equipment reference 85524,329706.32,1,CSV,12,asset,debit
subscription revenue reference 43003,42204.44,0,Excel,12,revenue,credit
accounts receivable created reference 89595,179894.97,0,Excel,5,asset,debit
service revenue received reference 31204,101055.94,0,Manual,7,revenue,credit
sales revenue from customer invoice reference 75713,494101.96,0,Bank,5,revenue,credit
software subscription expense reference 23453,21036.59,0,Bank,11,expense,credit
inventory purchase for stock reference 17246,430318.34,0,Manual,7,asset,credit
capital introduced by shareholder reference 79939,32806.33,0,CSV,5,equity,credit
subscription revenue reference 81859,134930.69,0,PDF,7,revenue,credit
client payment for consulting services reference 81473,112623.31,0,Manual,9,revenue,credit
office supplies purchase reference 41401,199335.72,0,Manual,9,expense,debit
vendor credit purchase reference 40088,244966.28,0,Bank,9,liability,credit
salary payable recorded reference 69219,317507.92,0,CSV,9,liability,credit
inventory purchase for stock reference 64168,361414.33,0,PDF,1,asset,debit
owner investment into business reference 35756,373532.6,0,Excel,5,equity,credit
inventory purchase for stock reference 27743,338237.14,0,Manual,2,asset,debit
sales collection reference 44588,354355.86,1,Bank,4,revenue,credit
courier and postage expense reference 19352,266074.82,0,Bank,6,expense,debit
accounts payable recorded reference 77701,197451.72,0,CSV,3,liability,credit
courier and postage expense reference 65860,416248.2,0,CSV,8,expense,debit
capital introduced by shareholder reference 79752,165700.78,0,Manual,2,equity,credit
retained earnings transfer reference 69215,215856.66,1,Manual,8,equity,credit
short term borrowing reference 15388,263884.62,0,CSV,7,liability,credit
inventory purchase for stock reference 12907,133480.44,0,Excel,5,asset,credit
office furniture purchase reference 17029,360084.62,0,PDF,10,asset,debit
purchase of office laptop reference 99742,125105.95,0,Manual,4,asset,debit
office furniture purchase reference 29722,178636.26,0,CSV,1,asset,debit
tax payable recorded reference 62373,470188.23,1,CSV,11,liability,credit
prepaid insurance reference 41467,232334.43,0,Excel,1,asset,debit
courier and postage expense reference 84412,287319.18,0,Bank,12,expense,debit
customer invoice settlement reference 68775,254940.25,1,Excel,2,revenue,credit
vendor credit purchase reference 69056,378539.03,0,Bank,5,liability,credit
supplier payable created reference 75268,112645.14,0,PDF,10,liability,credit
loan repayment liability reference 32741,226861.64,1,PDF,12,liability,credit
professional fees reference 71803,44905.38,0,Excel,4,expense,debit
office furniture purchase reference 73515,201817.01,1,CSV,7,asset,debit
salary payable recorded reference 56693,299283.78,1,CSV,1,liability,credit
additional equity contribution reference 97366,181653.68,0,Excel,10,equity,credit
sales revenue from customer invoice reference 23782,250551.81,1,Excel,12,revenue,credit
office furniture purchase reference 74478,226139.64,1,Manual,6,asset,debit
insurance expense reference 88191,172406.08,0,Manual,8,expense,debit
consulting income received reference 76939,166456.14,0,Excel,8,revenue,credit
owner investment into business reference 88189,314017.58,0,PDF,3,equity,credit
sales revenue from customer invoice reference 17138,348210.12,1,Bank,6,revenue,credit
client payment for consulting services reference 26059,100171.23,0,Manual,11,revenue,credit
office furniture purchase reference 68495,399783.38,0,Bank,8,asset,debit
client payment for consulting services reference 78211,413392.44,0,Bank,5,revenue,credit
equipment acquisition reference 25528,69822.37,0,PDF,9,asset,debit
loan repayment liability reference 18363,450369.74,1,Excel,3,liability,credit
employee salary payment reference 45991,492902.88,0,Excel,1,expense,debit
loan repayment liability reference 56168,34202.75,0,PDF,10,liability,credit
vehicle purchase for business reference 16182,135028.25,0,Excel,7,asset,debit
internet and telecom bill reference 71361,307341.63,1,Manual,10,expense,debit
equipment acquisition reference 35516,76212.12,0,Excel,12,asset,debit
shareholder contribution reference 94863,35035.09,1,Bank,5,equity,credit
salary payable recorded reference 92685,454114.29,1,Excel,12,liability,credit
shareholder contribution reference 57584,433209.82,0,CSV,11,equity,credit
purchase of computer equipment reference 23301,423873.83,0,Excel,7,asset,debit
short term borrowing reference 89464,106213.29,1,CSV,4,liability,credit
capital introduced by shareholder reference 13221,313193.32,0,Bank,10,equity,credit
accounts receivable created reference 84824,200947.65,0,Excel,4,asset,debit
owner withdrawal against equity reference 90212,234203.1,0,Manual,7,equity,debit
owner withdrawal against equity reference 26185,254456.43,0,Bank,8,equity,credit
shareholder contribution reference 28653,336858.42,0,CSV,9,equity,credit
purchase of computer equipment reference 49359,264246.22,0,Manual,8,asset,debit
retained earnings transfer reference 53461,174649.39,0,PDF,5,equity,credit
purchase of machinery reference 58563,411285.49,1,Excel,8,asset,credit
subscription revenue reference 78534,461408.18,0,PDF,8,revenue,debit
sales collection reference 79527,459675.0,0,CSV,6,revenue,credit
office supplies purchase reference 92711,446346.74,0,PDF,6,expense,debit
owner capital introduced reference 20065,177527.21,1,Excel,10,equity,credit
professional fees reference 38052,105235.46,1,CSV,8,expense,debit
employee salary payment reference 86213,381890.86,0,Manual,3,expense,debit
subscription revenue reference 99272,87349.33,0,PDF,5,revenue,credit
client payment for consulting services reference 77236,186085.83,1,Bank,3,revenue,credit
professional fees reference 28243,373267.8,1,PDF,4,expense,debit
courier and postage expense reference 38783,197808.12,0,CSV,3,expense,debit
gst payable recorded reference 90657,24991.09,1,Bank,9,liability,credit
equipment acquisition reference 77559,355649.48,1,CSV,3,asset,debit
marketing campaign expense reference 45781,470053.44,0,Excel,3,expense,debit
salary payable recorded reference 96003,251458.37,0,Bank,7,liability,credit
owner investment into business reference 78341,354845.96,0,Excel,9,equity,credit
vehicle purchase for business reference 28120,299143.71,1,Manual,4,asset,debit
subscription revenue reference 84180,275640.42,0,PDF,1,revenue,credit
loan repayment liability reference 11312,79118.38,0,Excel,8,liability,credit
security deposit paid reference 84010,133428.31,0,Excel,8,asset,debit
short term borrowing reference 47474,498623.88,0,CSV,12,liability,credit
client payment for consulting services reference 99893,112360.86,0,CSV,4,revenue,credit
vendor credit purchase reference 75498,145241.53,0,PDF,5,liability,credit
purchase of computer equipment reference 28277,174263.05,0,Manual,7,asset,debit
inventory purchase for stock reference 87741,92266.16,1,PDF,11,asset,debit
purchase of machinery reference 28949,69360.83,0,CSV,2,asset,debit
capital introduced by shareholder reference 67331,100450.39,1,Excel,4,equity,credit
supplier payable created reference 78939,196863.78,0,PDF,3,liability,debit
office electricity bill reference 80847,162904.76,0,CSV,8,expense,debit
office electricity bill reference 95339,82809.32,0,CSV,4,expense,debit
service revenue received reference 77148,384990.21,0,CSV,1,revenue,credit
shareholder contribution reference 78913,368435.37,0,Manual,5,equity,credit
owner investment into business reference 94054,81904.99,1,PDF,3,equity,credit
salary payable recorded reference 58268,66480.04,0,Manual,6,liability,credit
shareholder contribution reference 22116,103105.55,1,CSV,7,equity,credit
short term borrowing reference 63261,466632.34,0,Bank,9,liability,credit
shareholder contribution reference 41367,331580.36,1,Manual,10,equity,credit
subscription revenue reference 90673,191663.92,0,Manual,3,revenue,credit
capital introduced by shareholder reference 55392,287071.89,0,CSV,9,equity,credit
service revenue received reference 99211,129179.9,1,Excel,2,revenue,credit
sales revenue from customer invoice reference 94004,468484.82,0,PDF,8,revenue,credit
purchase of machinery reference 45809,128383.74,0,Excel,9,asset,credit
owner capital introduced reference 20004,36577.03,0,Manual,10,equity,credit
share capital contribution reference 35838,186308.03,0,PDF,1,equity,credit
office electricity bill reference 60932,458264.83,0,PDF,3,expense,debit
service revenue received reference 67023,457673.0,0,Bank,7,revenue,credit
employee salary payment reference 72509,98002.81,0,PDF,5,expense,debit
owner investment into business reference 91612,331981.56,0,Manual,12,equity,debit
purchase of office laptop reference 66303,352319.46,1,PDF,3,asset,debit
gst payable recorded reference 78542,270627.1,0,PDF,2,liability,debit
business loan received reference 84672,277185.67,0,Bank,3,liability,credit
purchase of machinery reference 19224,487962.32,1,Bank,10,asset,debit
business loan received reference 65546,243674.66,0,CSV,3,liability,credit
internet and telecom bill reference 99208,309587.88,1,Manual,12,expense,debit
supplier payable created reference 84698,170167.79,0,Manual,9,liability,credit
courier and postage expense reference 69762,65759.48,1,PDF,4,expense,credit
maintenance and repair expense reference 86307,414202.53,0,CSV,8,expense,debit
office supplies purchase reference 18776,154859.14,0,PDF,4,expense,debit
accounts receivable created reference 74394,457162.89,0,Manual,3,asset,debit
sales collection reference 24018,267681.63,0,Manual,7,revenue,credit
accounts payable recorded reference 55899,483562.99,1,Excel,1,liability,credit
business loan received reference 23669,404785.74,0,Manual,12,liability,credit
short term borrowing reference 85682,33051.19,0,CSV,11,liability,credit
client payment for consulting services reference 50330,401035.03,0,PDF,1,revenue,credit
owner withdrawal against equity reference 91822,95586.72,0,Bank,2,equity,credit
office supplies purchase reference 91217,2662.87,0,Manual,10,expense,debit
purchase of office laptop reference 75002,62089.75,0,Manual,4,asset,debit
business loan received reference 27313,144787.05,0,CSV,5,liability,credit
vendor credit purchase reference 63464,85486.78,0,Manual,2,liability,credit
vehicle purchase for business reference 86882,291634.84,1,CSV,1,asset,debit
owner capital introduced reference 20104,67039.82,0,Manual,12,equity,credit
tax payable recorded reference 71128,204244.75,0,Excel,9,liability,credit
prepaid insurance reference 71679,388630.9,0,PDF,4,asset,debit
purchase of machinery reference 59047,252815.63,0,Excel,1,asset,debit
purchase of machinery reference 14586,360119.48,0,Manual,11,asset,debit
office supplies purchase reference 82430,443299.92,0,Bank,5,expense,debit
salary payable recorded reference 24540,465685.28,0,PDF,8,liability,credit
inventory purchase for stock reference 92861,358398.43,0,Manual,6,asset,debit
product sales receipt reference 18727,422975.58,0,Excel,7,revenue,credit
purchase of computer equipment reference 79558,269515.64,1,Excel,3,asset,debit
purchase of office laptop reference 60540,154126.97,0,Manual,2,asset,debit
office electricity bill reference 87386,57665.27,0,Manual,7,expense,debit
subscription revenue reference 95031,222910.1,0,Bank,11,revenue,debit
sales collection reference 66627,299074.17,1,Bank,1,revenue,credit
subscription revenue reference 77605,395605.04,0,Excel,7,revenue,credit
retained earnings transfer reference 23027,374207.53,0,Excel,11,equity,debit
owner investment into business reference 88691,465865.04,0,Manual,11,equity,credit
subscription revenue reference 14574,490702.86,0,Excel,11,revenue,credit
sales collection reference 17898,57452.59,0,PDF,12,revenue,credit
gst payable recorded reference 36781,477236.05,0,Bank,12,liability,credit
office electricity bill reference 37739,317870.64,0,PDF,2,expense,debit
loan repayment liability reference 42345,294521.28,0,CSV,11,liability,credit
internet and telecom bill reference 71458,62159.46,1,CSV,2,expense,debit
employee salary payment reference 81456,260263.56,1,Manual,4,expense,debit
monthly office rent reference 51695,372452.96,0,Bank,2,expense,debit
share capital contribution reference 78915,353152.18,0,Bank,3,equity,credit
additional equity contribution reference 30223,201518.22,0,Bank,5,equity,credit
loan repayment liability reference 50602,389290.79,0,Manual,9,liability,credit
office supplies purchase reference 53692,253967.36,0,PDF,5,expense,debit
purchase of office laptop reference 47546,426313.07,0,Excel,9,asset,debit
insurance expense reference 73695,413668.52,0,Bank,2,expense,debit
sales collection reference 28262,455979.86,0,Bank,2,revenue,credit
accounts receivable created reference 30792,438104.46,0,PDF,7,asset,debit
sales collection reference 92194,70457.67,0,Manual,10,revenue,credit
sales revenue from customer invoice reference 40323,117069.16,0,Excel,3,revenue,credit
prepaid insurance reference 92312,345229.03,1,PDF,12,asset,debit
owner investment into business reference 29761,481744.87,0,CSV,4,equity,credit
purchase of computer equipment reference 16762,130355.38,0,Manual,10,asset,debit
sales revenue from customer invoice reference 18104,333275.47,0,PDF,2,revenue,credit
retained earnings transfer reference 96905,363979.94,0,CSV,8,equity,credit
internet and telecom bill reference 12855,369499.49,1,Bank,11,expense,debit
tax payable recorded reference 53331,140186.51,0,PDF,5,liability,credit
capital introduced by shareholder reference 36910,480294.95,0,Manual,2,equity,credit
short term borrowing reference 37006,126315.85,1,PDF,5,liability,credit
inventory purchase for stock reference 25405,349787.37,0,PDF,3,asset,debit
accounts payable recorded reference 78012,413403.56,1,Excel,5,liability,credit
shareholder contribution reference 58862,177582.75,0,CSV,11,equity,credit
client payment for consulting services reference 34563,223875.88,0,Excel,4,revenue,credit
business loan received reference 16317,349931.02,0,Manual,2,liability,credit
customer invoice settlement reference 35324,147150.08,0,Bank,7,revenue,credit
product sales receipt reference 26665,281304.28,1,Excel,8,revenue,debit
courier and postage expense reference 75191,322073.27,0,Manual,1,expense,debit
service revenue received reference 87230,2747.81,0,CSV,9,revenue,credit
client payment for consulting services reference 75420,352779.64,0,CSV,1,revenue,credit
tax payable recorded reference 75239,55936.36,0,Manual,4,liability,credit
vendor credit purchase reference 92210,480204.43,0,Bank,10,liability,credit
accounts receivable created reference 45154,498407.99,1,CSV,2,asset,debit
prepaid insurance reference 62191,35464.68,0,Bank,1,asset,debit
tax payable recorded reference 12198,14115.98,1,Bank,10,liability,credit
customer invoice settlement reference 51805,209728.57,0,Excel,12,revenue,credit
insurance expense reference 85838,321331.59,0,PDF,3,expense,debit
vehicle purchase for business reference 36476,400151.4,0,Manual,8,asset,debit
share capital contribution reference 97570,473110.42,0,PDF,10,equity,credit
consulting income received reference 96504,52846.45,0,Excel,4,revenue,credit
tax payable recorded reference 68833,413212.16,0,Manual,8,liability,credit
short term borrowing reference 78096,117504.74,0,CSV,10,liability,credit
consulting income received reference 99536,431868.23,1,Manual,4,revenue,credit
marketing campaign expense reference 73932,298182.28,0,Manual,8,expense,credit
insurance expense reference 45411,122883.79,0,Excel,1,expense,debit
retained earnings transfer reference 26259,207425.21,1,CSV,6,equity,credit
subscription revenue reference 45307,51136.85,0,Bank,8,revenue,credit
office furniture purchase reference 70031,40315.66,0,Excel,1,asset,debit
shareholder contribution reference 55113,481449.58,0,Manual,9,equity,credit
owner withdrawal against equity reference 33345,343940.17,0,Manual,12,equity,credit
vendor credit purchase reference 60023,60428.02,0,Excel,11,liability,debit
vehicle purchase for business reference 32940,273845.5,0,CSV,2,asset,debit
owner capital introduced reference 62952,83493.24,1,Bank,1,equity,credit
salary payable recorded reference 39142,363768.73,1,PDF,2,liability,credit
maintenance and repair expense reference 48168,119923.87,0,Manual,3,expense,debit
sales revenue from customer invoice reference 19251,237773.71,0,PDF,3,revenue,credit
accounts payable recorded reference 70477,410244.22,1,Bank,2,liability,credit
sales collection reference 99207,469792.76,1,Manual,5,revenue,credit
supplier payable created reference 69652,43116.83,0,Bank,11,liability,credit
vehicle purchase for business reference 72969,304315.15,0,PDF,3,asset,debit
customer invoice settlement reference 88307,441101.46,1,Manual,7,revenue,credit
vehicle purchase for business reference 14523,423583.78,0,Manual,2,asset,debit
consulting income received reference 80404,468813.85,0,Bank,1,revenue,credit
accounts receivable created reference 13827,244187.51,1,Excel,10,asset,credit
vendor credit purchase reference 57946,347413.36,0,CSV,4,liability,credit
product sales receipt reference 32968,16104.87,0,PDF,6,revenue,credit
business travel expense reference 76190,362580.46,0,CSV,1,expense,debit
monthly office rent reference 28087,391125.45,0,Manual,8,expense,debit
retained earnings transfer reference 63889,375015.15,0,CSV,10,equity,credit
sales collection reference 37085,244547.73,0,CSV,12,revenue,credit
business travel expense reference 35193,334556.41,1,Excel,1,expense,debit
equipment acquisition reference 23229,226469.53,0,Bank,11,asset,debit
owner investment into business reference 37710,175132.35,0,PDF,7,equity,credit
purchase of computer equipment reference 41129,329509.31,0,Excel,7,asset,debit
business travel expense reference 78889,424181.16,1,CSV,6,expense,debit
insurance expense reference 42053,425072.16,0,CSV,9,expense,debit
service revenue received reference 59738,120285.37,0,PDF,8,revenue,credit
product sales receipt reference 73434,241727.73,0,Manual,5,revenue,credit
retained earnings transfer reference 94503,191630.05,1,Manual,12,equity,debit
equipment acquisition reference 41989,356100.81,1,CSV,7,asset,debit
internet and telecom bill reference 70641,280740.03,0,CSV,1,expense,debit
purchase of computer equipment reference 26865,3473.6,0,Excel,1,asset,debit
inventory purchase for stock reference 93972,111036.49,0,CSV,8,asset,debit
purchase of office laptop reference 35498,10896.26,0,Bank,8,asset,debit
prepaid insurance reference 56182,224271.46,1,Manual,5,asset,credit
gst payable recorded reference 31184,248433.96,0,PDF,7,liability,credit
software subscription expense reference 37294,498907.86,0,CSV,11,expense,debit
owner withdrawal against equity reference 86282,288765.7,0,PDF,2,equity,credit
monthly office rent reference 66388,234568.17,0,CSV,1,expense,credit
retained earnings transfer reference 37318,48205.3,0,PDF,2,equity,credit
sales revenue from customer invoice reference 37131,69380.84,0,Excel,2,revenue,credit
maintenance and repair expense reference 94991,332633.3,0,Manual,8,expense,credit
consulting income received reference 66055,424806.18,0,Excel,3,revenue,credit
retained earnings transfer reference 81184,488714.0,0,CSV,2,equity,debit
short term borrowing reference 30046,130749.41,0,Excel,7,liability,credit
owner withdrawal against equity reference 23421,426279.2,1,PDF,10,equity,credit
insurance expense reference 95502,1729.51,0,PDF,5,expense,debit
accounts receivable created reference 59680,61843.9,0,Excel,6,asset,debit
gst payable recorded reference 77047,79446.2,1,Excel,7,liability,credit
retained earnings transfer reference 70450,412140.17,0,Excel,10,equity,credit
vendor credit purchase reference 75236,152654.09,0,Manual,9,liability,credit
accounts receivable created reference 38263,336013.94,0,Bank,9,asset,debit
accounts receivable created reference 67064,373884.89,0,PDF,4,asset,debit
purchase of computer equipment reference 48386,357950.01,1,Excel,10,asset,debit
vendor credit purchase reference 71886,91891.53,0,Manual,5,liability,credit
internet and telecom bill reference 60586,4393.15,1,Bank,5,expense,credit
product sales receipt reference 72583,27119.28,0,CSV,6,revenue,credit
shareholder contribution reference 32657,259044.23,0,Manual,1,equity,credit
internet and telecom bill reference 69914,369878.77,0,CSV,7,expense,credit
security deposit paid reference 66103,240995.18,0,PDF,6,asset,debit
service revenue received reference 63207,218411.54,0,Bank,10,revenue,credit
equipment acquisition reference 35251,192092.02,0,Bank,12,asset,debit
tax payable recorded reference 51778,424100.26,0,CSV,4,liability,credit
sales collection reference 23300,468095.67,0,PDF,5,revenue,credit
insurance expense reference 14689,227082.22,0,Excel,9,expense,debit
security deposit paid reference 30919,235441.77,0,PDF,10,asset,debit
client payment for consulting services reference 69060,17572.62,0,PDF,10,revenue,credit
accounts receivable created reference 14658,388080.95,0,Excel,7,asset,debit
retained earnings transfer reference 10395,321514.96,0,Manual,10,equity,credit
capital introduced by shareholder reference 77545,222535.3,0,Excel,11,equity,credit
owner withdrawal against equity reference 80715,347247.62,1,Manual,12,equity,credit
accounts payable recorded reference 98621,272478.59,1,Excel,2,liability,credit
client payment for consulting services reference 10347,363914.75,0,CSV,12,revenue,credit
sales revenue from customer invoice reference 60977,275678.93,0,CSV,9,revenue,credit
service revenue received reference 37441,259591.51,0,CSV,8,revenue,credit
internet and telecom bill reference 85855,341542.01,1,CSV,7,expense,debit
service revenue received reference 86090,54972.63,0,Manual,5,revenue,debit
software subscription expense reference 12390,166989.56,0,Excel,7,expense,debit
security deposit paid reference 88277,188161.14,0,Bank,6,asset,debit
accounts receivable created reference 10740,290321.45,0,Excel,8,asset,debit
customer invoice settlement reference 27914,90251.17,0,Bank,9,revenue,credit
internet and telecom bill reference 56736,18124.36,0,Manual,12,expense,debit
customer invoice settlement reference 73490,59587.66,0,Manual,9,revenue,credit
maintenance and repair expense reference 16012,242245.51,0,PDF,3,expense,debit
gst payable recorded reference 72176,49788.23,0,PDF,11,liability,credit
security deposit paid reference 24523,488799.32,1,Excel,1,asset,debit
sales revenue from customer invoice reference 55446,226786.54,0,PDF,10,revenue,credit
owner investment into business reference 67739,37438.38,0,CSV,10,equity,credit
vendor credit purchase reference 93251,219545.31,1,CSV,8,liability,credit
owner capital introduced reference 94993,340374.29,0,Bank,9,equity,credit
loan repayment liability reference 14890,84786.01,0,Manual,2,liability,credit
owner withdrawal against equity reference 22267,348125.38,0,CSV,10,equity,credit
additional equity contribution reference 21521,130498.62,0,Bank,5,equity,credit
supplier payable created reference 72245,452674.11,0,Excel,9,liability,credit
customer invoice settlement reference 28838,357758.8,0,CSV,7,revenue,credit
marketing campaign expense reference 18728,107483.32,0,Manual,2,expense,debit
retained earnings transfer reference 32689,345706.39,0,CSV,7,equity,credit
courier and postage expense reference 99543,215227.54,0,Bank,2,expense,debit
office supplies purchase reference 82830,348636.78,0,PDF,2,expense,debit
supplier payable created reference 65162,344032.93,1,Bank,6,liability,credit
purchase of machinery reference 12407,38485.24,0,PDF,9,asset,credit
owner investment into business reference 25236,8545.91,0,PDF,8,equity,credit
courier and postage expense reference 22416,426768.83,1,Excel,6,expense,credit
subscription revenue reference 79960,245105.02,0,Manual,6,revenue,debit
gst payable recorded reference 95356,321103.96,0,Manual,7,liability,credit
vehicle purchase for business reference 80695,436457.68,0,Excel,4,asset,debit
loan repayment liability reference 55784,368340.26,0,Bank,8,liability,credit
additional equity contribution reference 78556,131524.74,1,Manual,6,equity,credit
maintenance and repair expense reference 48351,168855.17,0,Excel,8,expense,debit
subscription revenue reference 81177,411029.42,0,Manual,7,revenue,credit
office electricity bill reference 44042,151354.5,0,Excel,12,expense,debit
share capital contribution reference 69840,381462.64,0,Bank,10,equity,credit
vendor credit purchase reference 12638,448878.45,0,Manual,10,liability,credit
short term borrowing reference 39424,54215.08,0,PDF,2,liability,credit
shareholder contribution reference 99249,402742.81,0,Excel,9,equity,credit
maintenance and repair expense reference 29947,59429.52,0,CSV,4,expense,debit
vehicle purchase for business reference 20944,375557.57,0,Excel,3,asset,credit
gst payable recorded reference 20249,425423.93,0,PDF,7,liability,credit
software subscription expense reference 93677,468069.71,0,Bank,7,expense,debit
tax payable recorded reference 55919,76991.57,1,CSV,11,liability,credit
client payment for consulting services reference 60458,442638.86,0,Manual,8,revenue,credit
prepaid insurance reference 77300,424761.43,0,PDF,12,asset,debit
client payment for consulting services reference 30251,140621.84,0,Excel,4,revenue,credit
sales collection reference 49814,376873.53,1,PDF,12,revenue,credit
share capital contribution reference 96816,250022.66,1,Bank,11,equity,credit
consulting income received reference 23130,40070.17,0,Excel,6,revenue,credit
purchase of machinery reference 58307,264158.48,0,Bank,9,asset,debit
owner capital introduced reference 59690,401324.87,1,Manual,2,equity,debit
vendor credit purchase reference 69500,109492.05,0,Bank,9,liability,credit
professional fees reference 44808,483689.51,0,PDF,2,expense,debit
short term borrowing reference 23003,462862.53,1,Excel,4,liability,credit
purchase of machinery reference 53407,125935.57,0,Bank,5,asset,debit
service revenue received reference 99155,353535.74,0,Manual,5,revenue,credit
service revenue received reference 38605,122867.94,1,Manual,7,revenue,credit
owner investment into business reference 76919,398667.76,0,Excel,1,equity,credit
capital introduced by shareholder reference 48708,385308.87,0,Bank,5,equity,credit
owner capital introduced reference 40622,106373.13,0,Excel,5,equity,credit
purchase of machinery reference 46293,56023.46,1,CSV,9,asset,credit
loan repayment liability reference 94135,423378.68,1,Bank,4,liability,credit
courier and postage expense reference 58194,156649.74,1,Bank,8,expense,debit
client payment for consulting services reference 97815,109742.76,0,PDF,12,revenue,debit
prepaid insurance reference 35162,178417.22,0,Bank,4,asset,debit
maintenance and repair expense reference 48200,282794.56,0,Bank,3,expense,debit
monthly office rent reference 79441,159819.27,0,CSV,8,expense,debit
business loan received reference 64461,123387.55,1,PDF,7,liability,credit
owner capital introduced reference 97368,86095.28,0,CSV,11,equity,credit
consulting income received reference 25090,200850.08,0,Bank,5,revenue,credit
client payment for consulting services reference 42190,414287.24,0,Excel,3,revenue,credit
office supplies purchase reference 37058,54596.58,1,PDF,12,expense,debit
sales collection reference 72847,493362.6,0,Bank,2,revenue,credit
owner investment into business reference 15494,357488.7,0,Manual,8,equity,credit
purchase of computer equipment reference 18566,441119.22,0,Manual,4,asset,debit
office supplies purchase reference 75003,187138.04,0,Manual,2,expense,debit
sales revenue from customer invoice reference 56724,266858.28,1,Excel,8,revenue,credit
capital introduced by shareholder reference 18497,160042.31,0,CSV,10,equity,credit
customer invoice settlement reference 67485,314424.08,0,Bank,2,revenue,credit
courier and postage expense reference 81452,141641.12,1,Manual,7,expense,debit
salary payable recorded reference 75964,394118.88,0,PDF,3,liability,credit
software subscription expense reference 97574,7672.42,0,Manual,10,expense,debit
owner withdrawal against equity reference 52759,473521.82,0,Bank,5,equity,credit
tax payable recorded reference 46138,357357.2,0,PDF,11,liability,credit
consulting income received reference 49562,387125.03,0,Manual,9,revenue,credit
equipment acquisition reference 29471,440988.52,1,Bank,10,asset,debit
monthly office rent reference 55024,119399.31,0,CSV,5,expense,debit
salary payable recorded reference 78790,84029.69,0,Bank,8,liability,debit
prepaid insurance reference 88806,257994.87,0,Excel,9,asset,debit
employee salary payment reference 13120,339701.97,0,Manual,5,expense,debit
sales collection reference 75670,204596.08,0,Excel,6,revenue,credit
client payment for consulting services reference 42307,312003.08,0,CSV,8,revenue,debit
purchase of machinery reference 71969,241695.61,0,Excel,3,asset,debit
employee salary payment reference 43998,131955.22,0,Manual,7,expense,debit
accounts payable recorded reference 54618,415074.54,0,PDF,5,liability,credit
owner withdrawal against equity reference 83450,159283.56,0,PDF,9,equity,credit
security deposit paid reference 25426,131998.44,0,Excel,12,asset,debit
consulting income received reference 93506,480132.89,1,Manual,5,revenue,credit
courier and postage expense reference 74955,53241.68,0,Manual,2,expense,debit
business loan received reference 24616,489450.16,0,CSV,7,liability,credit
purchase of machinery reference 10988,73520.45,0,Excel,3,asset,debit
owner capital introduced reference 20741,459590.7,1,Excel,5,equity,credit
sales revenue from customer invoice reference 45344,157006.04,0,Excel,5,revenue,credit
loan repayment liability reference 33249,401870.69,0,PDF,10,liability,credit
accounts payable recorded reference 11415,251493.62,0,Excel,3,liability,credit
product sales receipt reference 26293,258627.44,0,PDF,3,revenue,credit
office supplies purchase reference 30034,6977.29,0,CSV,11,expense,debit
accounts receivable created reference 38756,241292.98,0,PDF,12,asset,debit
retained earnings transfer reference 12009,104154.7,0,CSV,7,equity,credit
business loan received reference 50894,409279.09,1,Manual,2,liability,credit
professional fees reference 95987,26865.3,0,Excel,1,expense,debit
product sales receipt reference 95663,214211.56,0,Bank,10,revenue,credit
business loan received reference 73031,178344.1,0,Excel,10,liability,credit
prepaid insurance reference 19923,1229.42,0,Manual,7,asset,credit
owner investment into business reference 31990,271905.45,0,Bank,8,equity,debit
office supplies purchase reference 80220,263782.68,1,Manual,5,expense,debit
prepaid insurance reference 31037,169224.27,0,Bank,5,asset,debit
tax payable recorded reference 67502,235503.03,0,Bank,6,liability,credit
loan repayment liability reference 82794,350764.38,0,CSV,10,liability,credit
tax payable recorded reference 76617,457736.63,0,Manual,11,liability,credit
loan repayment liability reference 96354,20580.83,0,CSV,2,liability,credit
gst payable recorded reference 18758,153878.2,0,CSV,5,liability,credit
supplier payable created reference 56501,109302.86,0,Excel,11,liability,credit
sales revenue from customer invoice reference 36213,253519.12,0,Excel,8,revenue,credit
owner capital introduced reference 39040,361813.03,0,Bank,10,equity,credit
tax payable recorded reference 32715,215921.02,1,Excel,2,liability,credit
security deposit paid reference 96958,308660.43,0,CSV,2,asset,debit
prepaid insurance reference 74685,182162.31,0,Excel,11,asset,debit
accounts receivable created reference 30928,44664.5,0,Bank,4,asset,debit
product sales receipt reference 26805,496329.57,1,CSV,8,revenue,debit
business loan received reference 73398,236583.68,0,Bank,3,liability,credit
sales revenue from customer invoice reference 44453,428436.99,1,Manual,8,revenue,credit
owner investment into business reference 27024,37251.91,0,PDF,6,equity,credit
consulting income received reference 52385,240300.0,0,Bank,2,revenue,credit
share capital contribution reference 43114,401582.16,0,PDF,4,equity,credit
share capital contribution reference 37231,371318.26,1,CSV,12,equity,credit
tax payable recorded reference 35044,192281.01,0,Excel,8,liability,credit
maintenance and repair expense reference 34664,138171.93,0,Bank,10,expense,debit
owner withdrawal against equity reference 38131,234471.27,0,Excel,10,equity,credit
purchase of machinery reference 77173,80523.78,0,CSV,11,asset,debit
inventory purchase for stock reference 80974,126023.35,1,CSV,11,asset,debit
maintenance and repair expense reference 92796,243592.73,0,CSV,9,expense,debit
shareholder contribution reference 76129,495451.0,0,Bank,11,equity,credit
subscription revenue reference 88571,452843.53,0,CSV,6,revenue,credit
business travel expense reference 92273,249506.53,1,Bank,6,expense,debit
prepaid insurance reference 85054,287181.13,0,Manual,12,asset,credit
sales revenue from customer invoice reference 19099,405575.97,0,CSV,7,revenue,debit
insurance expense reference 54298,249594.73,0,Excel,3,expense,debit
purchase of computer equipment reference 27256,200709.84,0,Bank,1,asset,debit
loan repayment liability reference 57359,348533.94,0,PDF,5,liability,credit
inventory purchase for stock reference 66410,450730.32,1,PDF,10,asset,debit
accounts payable recorded reference 12946,437342.2,1,PDF,3,liability,credit
employee salary payment reference 38860,384525.1,0,Bank,5,expense,debit
inventory purchase for stock reference 49817,436980.14,1,Bank,2,asset,debit
consulting income received reference 47644,162540.63,0,Bank,12,revenue,credit
purchase of office laptop reference 53278,418677.17,0,Bank,6,asset,debit
office furniture purchase reference 57649,225360.53,0,Excel,12,asset,debit
short term borrowing reference 64280,53303.13,0,Manual,12,liability,debit
accounts payable recorded reference 79091,2997.77,0,Bank,1,liability,credit
capital introduced by shareholder reference 66735,284873.22,0,CSV,4,equity,credit
supplier payable created reference 48870,313609.29,0,PDF,12,liability,credit
vendor credit purchase reference 98786,205619.82,1,PDF,2,liability,credit
maintenance and repair expense reference 10707,412783.75,0,Manual,2,expense,debit
gst payable recorded reference 75308,344227.85,0,Manual,6,liability,credit
subscription revenue reference 71671,274714.54,0,Excel,6,revenue,credit
security deposit paid reference 61270,140896.81,0,PDF,10,asset,credit
service revenue received reference 72039,281142.55,0,Bank,7,revenue,credit
purchase of machinery reference 52292,267319.24,0,PDF,4,asset,debit
salary payable recorded reference 54067,100598.93,1,Manual,12,liability,credit
accounts receivable created reference 20631,206619.23,0,Manual,12,asset,debit
accounts receivable created reference 78001,165396.31,0,Manual,3,asset,debit
office electricity bill reference 12027,314441.18,1,PDF,9,expense,debit
business loan received reference 87213,289299.79,0,Excel,1,liability,debit
vendor credit purchase reference 12389,248357.1,1,Bank,9,liability,debit
additional equity contribution reference 55439,120112.92,0,Manual,11,equity,credit
capital introduced by shareholder reference 39347,8894.9,0,CSV,11,equity,credit
product sales receipt reference 51327,318141.67,0,PDF,3,revenue,credit
sales revenue from customer invoice reference 62978,288780.15,0,Manual,9,revenue,credit
short term borrowing reference 35593,178072.08,0,PDF,3,liability,credit
loan repayment liability reference 58406,295796.44,0,Excel,2,liability,credit
vendor credit purchase reference 74615,283047.66,0,Manual,3,liability,credit
business travel expense reference 69693,379721.36,0,CSV,10,expense,credit
share capital contribution reference 42829,370425.35,1,Bank,12,equity,credit
share capital contribution reference 75532,66426.48,0,Manual,5,equity,credit
office furniture purchase reference 79735,370529.88,0,Excel,6,asset,debit
maintenance and repair expense reference 73304,77721.56,0,PDF,2,expense,debit
purchase of machinery reference 68263,451035.49,1,PDF,1,asset,debit
service revenue received reference 85800,486845.2,0,Manual,8,revenue,credit
accounts receivable created reference 10877,198530.4,0,Manual,2,asset,debit
loan repayment liability reference 18438,126872.15,1,CSV,7,liability,credit
tax payable recorded reference 18879,131671.09,1,CSV,6,liability,credit
security deposit paid reference 24499,156297.47,1,PDF,2,asset,debit
business loan received reference 46338,323903.7,0,PDF,11,liability,credit
owner investment into business reference 47775,215199.46,0,Bank,10,equity,credit
professional fees reference 32006,137785.19,0,Bank,3,expense,debit
customer invoice settlement reference 99944,4237.76,1,Bank,9,revenue,credit
employee salary payment reference 58146,337867.42,0,Bank,1,expense,debit
monthly office rent reference 49666,443699.2,0,Manual,6,expense,debit
customer invoice settlement reference 28397,250037.9,0,PDF,2,revenue,credit
gst payable recorded reference 99761,444180.21,0,CSV,1,liability,credit
client payment for consulting services reference 21779,219691.44,0,Manual,5,revenue,credit
salary payable recorded reference 58325,109711.68,0,Bank,8,liability,credit
loan repayment liability reference 17072,26037.87,0,Excel,3,liability,credit
tax payable recorded reference 87866,411060.66,0,Bank,12,liability,credit
purchase of computer equipment reference 12043,397264.63,0,Bank,3,asset,debit
accounts receivable created reference 73536,27725.08,0,CSV,9,asset,debit
inventory purchase for stock reference 24994,282836.64,0,Excel,11,asset,debit
marketing campaign expense reference 22160,182597.27,0,PDF,1,expense,debit
service revenue received reference 31666,75796.71,0,Excel,5,revenue,credit
share capital contribution reference 77918,28182.24,0,Excel,11,equity,credit
software subscription expense reference 26392,279128.87,0,CSV,11,expense,debit
employee salary payment reference 15092,139155.01,1,CSV,5,expense,debit
loan repayment liability reference 86085,63549.41,0,CSV,12,liability,credit
inventory purchase for stock reference 25286,378294.69,1,PDF,4,asset,credit
retained earnings transfer reference 13419,145984.61,0,Manual,1,equity,debit
tax payable recorded reference 99520,41955.08,0,Excel,1,liability,credit
gst payable recorded reference 59057,59325.86,0,CSV,5,liability,credit
prepaid insurance reference 73501,16395.67,1,Excel,12,asset,debit
accounts receivable created reference 81174,14461.93,1,Bank,3,asset,debit
sales revenue from customer invoice reference 13811,442130.78,0,Excel,3,revenue,credit
purchase of machinery reference 67106,384216.2,0,Manual,3,asset,debit
tax payable recorded reference 93984,381469.52,0,PDF,4,liability,credit
retained earnings transfer reference 75914,34576.37,1,Excel,9,equity,credit
owner withdrawal against equity reference 23389,497168.26,0,Manual,6,equity,credit
marketing campaign expense reference 71550,304562.69,0,PDF,2,expense,debit
business travel expense reference 92839,113065.71,0,Bank,10,expense,debit
salary payable recorded reference 39559,8067.74,0,Bank,6,liability,credit
sales revenue from customer invoice reference 83340,374539.09,0,Excel,12,revenue,credit
accounts payable recorded reference 28650,305156.82,0,Excel,8,liability,credit
retained earnings transfer reference 81251,41092.03,0,Excel,1,equity,credit
monthly office rent reference 26771,380916.71,0,Bank,9,expense,debit
vendor credit purchase reference 11892,457604.32,0,Excel,2,liability,credit
office supplies purchase reference 13641,214874.16,0,Bank,4,expense,debit
accounts payable recorded reference 64482,363820.4,0,CSV,1,liability,credit
loan repayment liability reference 73574,16543.13,0,Bank,2,liability,debit
salary payable recorded reference 67603,294140.88,0,Bank,4,liability,credit
equipment acquisition reference 17138,272408.8,0,PDF,4,asset,debit
subscription revenue reference 78491,421607.59,1,Bank,10,revenue,credit
shareholder contribution reference 13213,151435.72,0,PDF,2,equity,credit
office furniture purchase reference 12783,208476.44,0,Bank,1,asset,debit
office furniture purchase reference 63273,315952.01,0,Manual,5,asset,debit
additional equity contribution reference 38320,244458.75,0,Bank,3,equity,credit
owner investment into business reference 63868,67791.29,0,Bank,3,equity,credit
sales collection reference 67412,477375.1,0,Excel,6,revenue,credit
consulting income received reference 76548,400535.36,1,Manual,3,revenue,credit
vendor credit purchase reference 31099,356353.46,0,Manual,7,liability,credit
customer invoice settlement reference 23103,338998.03,0,Excel,4,revenue,credit
tax payable recorded reference 65488,56097.03,0,CSV,2,liability,credit
security deposit paid reference 93104,69835.62,0,Excel,1,asset,debit
purchase of machinery reference 36500,421084.56,0,Excel,3,asset,debit
insurance expense reference 92898,128795.05,0,PDF,5,expense,debit
office furniture purchase reference 75986,38409.57,0,Bank,3,asset,debit
salary payable recorded reference 26969,59729.0,0,CSV,3,liability,credit
owner withdrawal against equity reference 43776,4606.38,0,CSV,1,equity,credit
sales revenue from customer invoice reference 99320,124265.82,0,Excel,3,revenue,credit
short term borrowing reference 10149,166654.2,0,Bank,2,liability,credit
shareholder contribution reference 97548,130986.88,0,Manual,10,equity,credit
vendor credit purchase reference 10093,12054.8,1,Bank,2,liability,credit
subscription revenue reference 87938,374284.81,0,PDF,1,revenue,credit
share capital contribution reference 26145,201958.15,0,Manual,5,equity,credit
prepaid insurance reference 56817,185315.38,0,Excel,6,asset,credit
tax payable recorded reference 66510,231173.78,0,Bank,8,liability,credit
customer invoice settlement reference 27157,410776.38,1,Manual,6,revenue,credit
service revenue received reference 99953,151694.43,1,Bank,7,revenue,credit
security deposit paid reference 30233,93135.61,1,Manual,4,asset,debit
office electricity bill reference 96670,404270.08,0,CSV,7,expense,debit
capital introduced by shareholder reference 72037,268225.94,1,PDF,8,equity,credit
sales collection reference 42310,216572.93,1,CSV,7,revenue,credit
owner investment into business reference 91847,496896.67,0,Bank,6,equity,credit
courier and postage expense reference 63964,134080.29,0,CSV,9,expense,credit
sales collection reference 21514,129197.42,0,CSV,7,revenue,credit
business travel expense reference 68011,279793.8,0,PDF,8,expense,debit
client payment for consulting services reference 95768,36375.16,1,Manual,4,revenue,credit
salary payable recorded reference 87818,457819.47,1,Manual,7,liability,credit
accounts receivable created reference 53702,472349.49,1,Bank,10,asset,debit
retained earnings transfer reference 88642,245748.42,0,Bank,1,equity,credit
share capital contribution reference 93017,445221.36,0,CSV,6,equity,credit
loan repayment liability reference 75450,177265.18,0,Manual,6,liability,credit
short term borrowing reference 80158,491962.46,0,Manual,6,liability,credit
office furniture purchase reference 35617,452199.5,1,Bank,1,asset,debit
share capital contribution reference 77991,91410.69,0,CSV,5,equity,credit
marketing campaign expense reference 37992,2357.85,0,CSV,3,expense,credit
capital introduced by shareholder reference 97518,410943.45,0,CSV,1,equity,credit
accounts payable recorded reference 91502,371458.29,0,Bank,8,liability,credit
service revenue received reference 88164,345298.94,1,Bank,6,revenue,credit
loan repayment liability reference 35791,157674.31,0,Excel,6,liability,credit
share capital contribution reference 81518,99705.79,0,Bank,8,equity,credit
shareholder contribution reference 11913,228873.68,0,Excel,9,equity,debit
subscription revenue reference 92779,325617.52,1,Manual,6,revenue,credit
employee salary payment reference 12878,213941.53,0,CSV,10,expense,debit
accounts payable recorded reference 71536,244997.05,0,CSV,11,liability,credit
vehicle purchase for business reference 57654,203280.04,1,PDF,12,asset,debit
retained earnings transfer reference 79930,217530.22,0,Bank,7,equity,credit
gst payable recorded reference 66849,409602.85,0,Bank,10,liability,credit
business travel expense reference 67905,225807.29,1,Bank,2,expense,debit
accounts payable recorded reference 22522,168988.69,0,Excel,1,liability,credit
shareholder contribution reference 66447,279348.46,0,Manual,3,equity,credit
tax payable recorded reference 46532,241349.21,1,PDF,9,liability,credit
loan repayment liability reference 87936,472471.43,0,Bank,7,liability,credit
gst payable recorded reference 56901,41800.95,0,Bank,4,liability,credit
subscription revenue reference 88822,301242.87,0,Manual,6,revenue,credit
security deposit paid reference 90257,303637.71,0,CSV,3,asset,debit
salary payable recorded reference 54725,481140.56,1,Excel,8,liability,credit
prepaid insurance reference 19349,165527.9,0,Excel,10,asset,debit
consulting income received reference 70149,188678.64,0,Bank,1,revenue,credit
insurance expense reference 10835,208973.04,1,Bank,7,expense,debit
office furniture purchase reference 12680,367176.27,0,Manual,7,asset,debit
owner capital introduced reference 55335,185148.23,0,Manual,7,equity,debit
inventory purchase for stock reference 72045,83204.73,1,Bank,6,asset,debit
owner withdrawal against equity reference 73694,51278.1,0,Manual,1,equity,credit
sales revenue from customer invoice reference 42157,221735.57,0,CSV,6,revenue,credit
owner investment into business reference 39949,401572.42,1,PDF,4,equity,credit
accounts payable recorded reference 25649,273412.51,1,PDF,7,liability,credit
loan repayment liability reference 96765,408385.3,0,PDF,9,liability,credit
business loan received reference 37053,276125.63,0,Manual,5,liability,credit
office furniture purchase reference 13863,99052.93,0,Excel,3,asset,debit
business loan received reference 26582,252484.89,0,PDF,6,liability,credit
short term borrowing reference 90703,62014.61,0,CSV,3,liability,credit
business loan received reference 19911,228555.29,1,Manual,12,liability,credit
security deposit paid reference 75922,325343.61,0,Bank,12,asset,credit
purchase of machinery reference 92509,2409.56,0,Bank,7,asset,debit
loan repayment liability reference 24539,113451.52,0,Manual,11,liability,credit
office furniture purchase reference 72281,69584.84,0,CSV,8,asset,debit
owner investment into business reference 50644,386326.92,0,Excel,10,equity,credit
vehicle purchase for business reference 76136,195697.86,0,CSV,1,asset,debit
loan repayment liability reference 15499,437764.32,0,CSV,8,liability,credit
marketing campaign expense reference 59085,174275.98,0,Manual,1,expense,debit
retained earnings transfer reference 31006,166427.83,0,CSV,3,equity,credit
courier and postage expense reference 67190,357825.09,0,CSV,2,expense,debit
product sales receipt reference 10765,330195.64,1,PDF,9,revenue,credit
service revenue received reference 29140,454218.66,0,CSV,9,revenue,credit
office supplies purchase reference 21541,54190.85,0,CSV,8,expense,debit
equipment acquisition reference 45424,208013.67,0,Bank,6,asset,debit
prepaid insurance reference 16452,297810.68,1,PDF,7,asset,debit
insurance expense reference 61623,340895.58,1,Excel,10,expense,debit
retained earnings transfer reference 26512,453669.26,0,Excel,1,equity,credit
salary payable recorded reference 56378,239769.45,0,PDF,11,liability,credit
professional fees reference 83889,360784.49,0,PDF,5,expense,debit
marketing campaign expense reference 65067,292590.65,0,Bank,6,expense,debit
customer invoice settlement reference 45420,189825.37,0,Bank,2,revenue,credit
sales collection reference 94770,45921.94,1,CSV,12,revenue,credit
gst payable recorded reference 27575,360792.93,1,Manual,8,liability,credit
supplier payable created reference 63301,384054.85,1,Excel,10,liability,credit
insurance expense reference 98619,250087.9,0,Excel,11,expense,credit
sales collection reference 15324,176223.23,0,Manual,3,revenue,credit
client payment for consulting services reference 40281,458848.01,0,Bank,11,revenue,credit
owner capital introduced reference 71211,220271.67,1,Manual,10,equity,credit
security deposit paid reference 45717,97935.2,0,CSV,4,asset,debit
office electricity bill reference 80377,212858.12,1,Excel,9,expense,debit
retained earnings transfer reference 60883,196435.45,0,CSV,8,equity,credit
loan repayment liability reference 49203,22360.94,0,Manual,11,liability,credit
accounts receivable created reference 70941,318900.09,0,Excel,2,asset,debit
tax payable recorded reference 45364,367299.89,0,PDF,5,liability,credit
short term borrowing reference 79150,429582.95,0,CSV,6,liability,credit
sales revenue from customer invoice reference 36586,247071.39,1,PDF,4,revenue,credit
accounts receivable created reference 77974,242705.78,0,Excel,2,asset,debit
software subscription expense reference 19352,422682.14,0,Excel,2,expense,credit
purchase of machinery reference 43537,479746.81,0,Excel,2,asset,debit
owner withdrawal against equity reference 73425,130339.48,1,PDF,2,equity,credit
office furniture purchase reference 37730,381326.93,0,Manual,11,asset,debit
sales collection reference 99522,337461.44,0,PDF,11,revenue,credit
retained earnings transfer reference 33832,164600.23,0,PDF,11,equity,credit
owner capital introduced reference 11536,127729.15,0,Bank,10,equity,credit
prepaid insurance reference 98533,156395.33,0,Excel,1,asset,debit
business travel expense reference 99523,47851.71,0,Bank,5,expense,debit
product sales receipt reference 95552,284545.58,0,Excel,6,revenue,credit
client payment for consulting services reference 63635,78972.4,0,Bank,4,revenue,credit
customer invoice settlement reference 44500,386366.65,0,Excel,2,revenue,credit
owner withdrawal against equity reference 77920,172520.89,1,Excel,7,equity,credit
subscription revenue reference 26461,34639.77,0,Excel,1,revenue,credit
internet and telecom bill reference 60486,172004.5,1,PDF,9,expense,debit
consulting income received reference 99112,121691.37,0,Manual,10,revenue,credit
customer invoice settlement reference 10360,72026.77,0,PDF,3,revenue,credit
courier and postage expense reference 43332,261053.86,0,Excel,9,expense,debit
share capital contribution reference 19340,61453.25,0,Manual,7,equity,credit
sales collection reference 37731,451026.37,0,Bank,5,revenue,credit
retained earnings transfer reference 36059,216257.46,1,Bank,8,equity,credit
vendor credit purchase reference 98931,99752.8,0,Bank,8,liability,credit
shareholder contribution reference 32220,366583.24,0,Excel,7,equity,credit
sales revenue from customer invoice reference 99832,492270.13,0,Excel,7,revenue,credit
shareholder contribution reference 59149,73661.86,0,Manual,5,equity,credit
insurance expense reference 65416,210961.82,0,PDF,10,expense,debit
short term borrowing reference 57496,120626.18,0,CSV,9,liability,credit
purchase of office laptop reference 57577,297475.82,0,Manual,11,asset,debit
product sales receipt reference 46662,284299.59,0,PDF,11,revenue,credit
customer invoice settlement reference 94004,418141.71,0,Bank,12,revenue,credit
service revenue received reference 47065,201975.52,0,Bank,3,revenue,credit
purchase of computer equipment reference 36099,23152.69,0,Bank,4,asset,debit
equipment acquisition reference 70178,499838.34,1,CSV,9,asset,debit
monthly office rent reference 22948,250725.61,0,CSV,8,expense,debit
vendor credit purchase reference 19327,493026.21,0,CSV,5,liability,credit
additional equity contribution reference 56927,212447.93,0,Excel,7,equity,credit
employee salary payment reference 34187,498265.65,0,Bank,7,expense,credit
security deposit paid reference 36307,113038.56,0,Excel,9,asset,debit
accounts payable recorded reference 20429,28541.8,0,Manual,10,liability,credit
sales collection reference 48117,785.24,0,CSV,2,revenue,debit
sales collection reference 77028,410342.72,0,PDF,4,revenue,credit
employee salary payment reference 99688,455087.95,0,Bank,11,expense,debit
salary payable recorded reference 36016,139366.61,0,PDF,1,liability,credit
service revenue received reference 17266,326008.9,0,Manual,8,revenue,credit
office electricity bill reference 70471,235236.3,0,Excel,6,expense,debit
accounts receivable created reference 58322,487568.92,0,Bank,10,asset,debit
inventory purchase for stock reference 21753,396782.19,0,Excel,10,asset,debit
office electricity bill reference 14229,370557.42,0,Bank,8,expense,credit
supplier payable created reference 48725,40942.57,0,Excel,7,liability,credit
insurance expense reference 88616,23435.57,0,Excel,2,expense,debit
business travel expense reference 34870,496471.87,0,PDF,6,expense,debit
retained earnings transfer reference 83580,211946.35,0,PDF,2,equity,credit
office furniture purchase reference 35540,121936.52,0,Bank,11,asset,debit
supplier payable created reference 72966,421433.44,0,Excel,11,liability,credit
office electricity bill reference 81856,181032.74,0,PDF,12,expense,debit
product sales receipt reference 53300,391214.49,0,Bank,10,revenue,credit
maintenance and repair expense reference 13106,357237.79,0,Excel,7,expense,debit
customer invoice settlement reference 32112,115757.78,1,CSV,12,revenue,credit
consulting income received reference 75801,313594.71,0,Bank,7,revenue,credit
additional equity contribution reference 52159,136981.66,0,Excel,4,equity,credit
vehicle purchase for business reference 48947,408487.72,0,Bank,11,asset,debit
vendor credit purchase reference 49861,159627.2,0,Excel,5,liability,credit
professional fees reference 82309,312529.28,0,Bank,1,expense,debit
security deposit paid reference 63255,461311.32,0,Manual,4,asset,debit
owner withdrawal against equity reference 67840,295236.73,0,Excel,12,equity,credit
insurance expense reference 48191,236828.46,0,Excel,10,expense,debit
consulting income received reference 57036,382079.73,0,Excel,6,revenue,credit
office furniture purchase reference 37079,106440.07,0,Bank,6,asset,debit
share capital contribution reference 25817,344259.95,0,Excel,9,equity,credit
vendor credit purchase reference 28655,114600.3,0,Manual,12,liability,credit
owner withdrawal against equity reference 47381,60324.94,0,Excel,4,equity,credit
client payment for consulting services reference 27259,320101.78,1,PDF,8,revenue,credit
business loan received reference 49204,20009.35,0,CSV,1,liability,credit
capital introduced by shareholder reference 16686,116446.36,0,PDF,10,equity,credit
purchase of computer equipment reference 74564,212923.11,0,CSV,11,asset,debit
consulting income received reference 19456,13931.38,0,Manual,3,revenue,debit
purchase of office laptop reference 33319,162519.34,1,Excel,7,asset,debit
vendor credit purchase reference 36961,117313.4,0,CSV,10,liability,credit
product sales receipt reference 30856,396894.21,0,Bank,4,revenue,credit
maintenance and repair expense reference 69947,305314.72,0,Excel,4,expense,debit
customer invoice settlement reference 13008,22144.21,0,Manual,2,revenue,credit
professional fees reference 28907,2037.26,0,PDF,9,expense,credit
accounts receivable created reference 26644,184359.06,0,Bank,10,asset,debit
subscription revenue reference 56153,260520.16,0,Excel,11,revenue,credit
shareholder contribution reference 98009,215050.16,0,Manual,8,equity,credit
client payment for consulting services reference 64943,245245.29,1,CSV,9,revenue,credit
share capital contribution reference 76688,360868.56,1,CSV,2,equity,credit
vendor credit purchase reference 69759,119375.44,1,CSV,12,liability,credit
consulting income received reference 80470,414147.33,0,Excel,7,revenue,credit
retained earnings transfer reference 70014,54939.3,0,CSV,12,equity,credit
vendor credit purchase reference 62928,195432.34,0,PDF,3,liability,credit
equipment acquisition reference 73311,240923.65,0,Excel,4,asset,debit
business travel expense reference 67719,267671.83,0,Manual,5,expense,debit
consulting income received reference 36642,185940.69,0,Bank,10,revenue,credit
business travel expense reference 47331,369050.99,0,Manual,12,expense,debit
service revenue received reference 41102,175387.42,0,Bank,12,revenue,credit
owner capital introduced reference 41387,266862.4,0,Bank,12,equity,credit
owner withdrawal against equity reference 23200,290085.84,0,Excel,5,equity,credit
salary payable recorded reference 44545,242123.28,0,CSV,5,liability,credit
consulting income received reference 98287,212666.47,0,PDF,6,revenue,credit
accounts payable recorded reference 17691,380947.56,0,Manual,8,liability,credit
monthly office rent reference 20035,370956.33,0,Bank,1,expense,debit
sales revenue from customer invoice reference 40511,327901.97,1,PDF,12,revenue,credit
product sales receipt reference 26355,7540.28,0,Excel,2,revenue,credit
retained earnings transfer reference 32826,57108.31,0,Manual,9,equity,credit
prepaid insurance reference 63603,58473.05,0,PDF,9,asset,debit
office supplies purchase reference 86749,375833.22,0,Excel,11,expense,debit
internet and telecom bill reference 34177,285615.58,0,Excel,3,expense,debit
retained earnings transfer reference 25744,498652.42,0,PDF,1,equity,credit
gst payable recorded reference 76641,191343.19,0,Bank,7,liability,credit
office furniture purchase reference 33843,407492.63,1,Excel,3,asset,credit
customer invoice settlement reference 46136,303800.26,0,PDF,7,revenue,credit
purchase of office laptop reference 58662,195875.86,0,Manual,5,asset,debit
share capital contribution reference 62548,368521.38,0,Excel,2,equity,debit
accounts receivable created reference 79627,44670.54,0,PDF,11,asset,debit
business travel expense reference 79813,396011.76,0,Manual,12,expense,debit
shareholder contribution reference 88909,313637.56,0,Bank,2,equity,debit
accounts payable recorded reference 45453,365925.4,0,CSV,12,liability,credit
gst payable recorded reference 55912,362143.16,0,Bank,11,liability,credit
client payment for consulting services reference 74572,457342.32,0,Manual,6,revenue,debit
shareholder contribution reference 73551,408427.94,0,Excel,6,equity,credit
monthly office rent reference 36470,124937.25,0,Excel,10,expense,debit
purchase of office laptop reference 37598,50259.37,0,CSV,6,asset,debit
purchase of office laptop reference 91549,160468.81,1,PDF,10,asset,debit
capital introduced by shareholder reference 61306,487385.62,0,Excel,3,equity,credit
vehicle purchase for business reference 83240,388146.4,0,Excel,3,asset,debit
capital introduced by shareholder reference 38748,473616.79,0,CSV,3,equity,credit
share capital contribution reference 17361,454312.1,1,PDF,5,equity,credit
employee salary payment reference 15324,408085.84,1,Manual,2,expense,debit
tax payable recorded reference 10784,125203.25,0,CSV,9,liability,credit
courier and postage expense reference 62027,478268.18,0,CSV,9,expense,debit
retained earnings transfer reference 50794,178514.96,0,CSV,7,equity,credit
sales revenue from customer invoice reference 23780,345203.21,0,Bank,9,revenue,credit
equipment acquisition reference 59732,291687.59,0,PDF,4,asset,debit
gst payable recorded reference 20282,84569.07,0,PDF,8,liability,credit
retained earnings transfer reference 55646,235019.39,0,CSV,6,equity,credit
loan repayment liability reference 40073,263562.65,0,Excel,9,liability,credit
owner investment into business reference 72027,18593.06,1,PDF,5,equity,debit
purchase of office laptop reference 63037,148449.87,0,PDF,4,asset,debit
purchase of machinery reference 40556,267707.23,0,Bank,11,asset,debit
shareholder contribution reference 46361,334929.28,0,PDF,12,equity,credit
professional fees reference 68497,468807.73,0,PDF,4,expense,debit
service revenue received reference 70257,282733.75,0,Bank,10,revenue,credit
capital introduced by shareholder reference 75959,258085.68,0,CSV,1,equity,credit
owner capital introduced reference 47248,296956.13,0,Excel,7,equity,credit
gst payable recorded reference 27677,498669.94,0,Excel,9,liability,credit
insurance expense reference 54483,57747.83,0,PDF,5,expense,debit
tax payable recorded reference 20118,262560.59,0,CSV,2,liability,debit
internet and telecom bill reference 10530,456474.08,1,CSV,3,expense,credit
share capital contribution reference 30903,219904.84,0,Excel,11,equity,credit
purchase of computer equipment reference 53957,390097.88,0,Manual,2,asset,debit
product sales receipt reference 69209,192763.77,1,CSV,9,revenue,credit
subscription revenue reference 94330,129036.68,0,Manual,3,revenue,credit
tax payable recorded reference 29316,459867.68,0,Excel,2,liability,credit
purchase of machinery reference 72842,8415.03,0,Manual,1,asset,debit
equipment acquisition reference 40137,126071.34,0,Bank,10,asset,debit
client payment for consulting services reference 52168,16122.99,0,Excel,2,revenue,credit
service revenue received reference 21306,276980.34,0,PDF,12,revenue,credit
service revenue received reference 37028,215891.88,0,PDF,10,revenue,credit
sales revenue from customer invoice reference 89918,388790.68,0,CSV,6,revenue,credit
subscription revenue reference 50341,196590.07,1,Manual,10,revenue,credit
inventory purchase for stock reference 92474,171947.98,0,Bank,1,asset,credit
subscription revenue reference 83190,202413.0,0,Excel,10,revenue,credit
accounts receivable created reference 23379,180079.66,0,Manual,9,asset,debit
purchase of office laptop reference 34913,62575.46,0,CSV,8,asset,debit
owner capital introduced reference 44075,268739.13,0,Bank,9,equity,credit
insurance expense reference 68624,384809.01,0,Excel,6,expense,debit
salary payable recorded reference 41977,223393.49,0,CSV,6,liability,credit
loan repayment liability reference 43823,30537.57,0,Bank,7,liability,credit
salary payable recorded reference 91450,304273.91,0,Manual,2,liability,credit
vehicle purchase for business reference 78342,195896.25,0,Bank,6,asset,credit
salary payable recorded reference 50124,264175.95,0,PDF,6,liability,credit
monthly office rent reference 34908,86383.77,0,Bank,10,expense,debit
inventory purchase for stock reference 68445,208323.0,0,Excel,12,asset,debit
internet and telecom bill reference 23034,168841.43,1,Manual,4,expense,debit
sales collection reference 61097,69209.4,0,CSV,1,revenue,credit
employee salary payment reference 75587,178577.59,1,PDF,11,expense,debit
insurance expense reference 60199,179430.92,0,Manual,5,expense,debit
client payment for consulting services reference 66930,31933.54,0,PDF,3,revenue,credit
loan repayment liability reference 31033,160256.22,0,PDF,3,liability,credit
salary payable recorded reference 93349,204561.75,0,Manual,2,liability,credit
capital introduced by shareholder reference 88462,206915.33,0,CSV,8,equity,credit
monthly office rent reference 24860,405193.71,1,Excel,9,expense,debit
gst payable recorded reference 98669,278080.32,0,Excel,2,liability,credit
equipment acquisition reference 18028,425737.31,0,Excel,8,asset,debit
office supplies purchase reference 55764,47115.99,1,CSV,1,expense,debit
client payment for consulting services reference 37445,90565.57,0,CSV,3,revenue,credit
professional fees reference 37091,311573.03,0,PDF,3,expense,debit
purchase of machinery reference 70114,140857.91,1,Bank,10,asset,debit
gst payable recorded reference 60656,160832.23,0,Manual,7,liability,credit
additional equity contribution reference 70874,492010.46,0,CSV,7,equity,credit
accounts payable recorded reference 20481,417774.55,0,Excel,3,liability,credit
salary payable recorded reference 57067,69844.15,0,Bank,9,liability,credit
prepaid insurance reference 70893,130817.53,0,Manual,5,asset,debit
supplier payable created reference 30364,182360.61,0,Bank,4,liability,credit
shareholder contribution reference 54339,471710.87,0,Excel,9,equity,credit
software subscription expense reference 60900,426537.5,0,PDF,4,expense,credit
salary payable recorded reference 16842,128102.48,1,Manual,7,liability,debit
business loan received reference 45198,65748.57,0,PDF,9,liability,credit
customer invoice settlement reference 24109,423051.53,0,Manual,2,revenue,credit
capital introduced by shareholder reference 90561,32193.69,0,Manual,1,equity,credit
client payment for consulting services reference 59897,111339.37,0,CSV,5,revenue,credit
purchase of computer equipment reference 50599,3058.79,0,Manual,11,asset,credit
purchase of computer equipment reference 21622,286864.37,0,Bank,8,asset,debit
customer invoice settlement reference 36724,43680.48,0,Excel,3,revenue,credit
accounts receivable created reference 76642,134226.86,0,Manual,8,asset,debit
business travel expense reference 67885,447865.4,0,Excel,5,expense,debit
retained earnings transfer reference 54200,335352.43,0,PDF,2,equity,credit
equipment acquisition reference 72896,422712.86,0,Manual,6,asset,debit
inventory purchase for stock reference 59171,293914.96,0,PDF,2,asset,debit
inventory purchase for stock reference 20647,50251.56,1,PDF,6,asset,debit
business travel expense reference 32900,76397.79,0,Excel,11,expense,debit
software subscription expense reference 82296,62795.65,0,Bank,7,expense,debit
shareholder contribution reference 70879,164623.82,0,Bank,8,equity,credit
business loan received reference 39061,251239.87,1,CSV,4,liability,credit
purchase of computer equipment reference 82785,232477.45,0,Manual,11,asset,debit
internet and telecom bill reference 81223,404100.55,1,Manual,12,expense,debit
product sales receipt reference 50211,271761.81,0,Manual,8,revenue,credit
share capital contribution reference 90969,380010.49,1,Manual,2,equity,credit
service revenue received reference 19208,436331.79,0,Manual,5,revenue,credit
additional equity contribution reference 63385,282130.77,0,Excel,10,equity,credit
vehicle purchase for business reference 14898,185886.41,0,PDF,10,asset,debit
additional equity contribution reference 62892,493005.16,0,Bank,3,equity,credit
business travel expense reference 21301,74823.31,0,PDF,9,expense,debit
monthly office rent reference 47217,316044.67,0,CSV,7,expense,debit
owner investment into business reference 39661,404116.92,0,Bank,12,equity,credit
tax payable recorded reference 93864,391463.89,0,CSV,6,liability,credit
customer invoice settlement reference 41417,122579.32,0,Excel,2,revenue,credit
owner investment into business reference 49278,49768.51,0,Excel,5,equity,credit
capital introduced by shareholder reference 39176,431715.29,0,Bank,12,equity,credit
inventory purchase for stock reference 10862,23411.62,0,CSV,10,asset,debit
equipment acquisition reference 67781,206075.29,1,CSV,5,asset,debit
salary payable recorded reference 44691,385190.1,0,PDF,8,liability,credit
purchase of office laptop reference 44735,120898.52,0,CSV,9,asset,debit
shareholder contribution reference 10299,2566.43,0,Excel,1,equity,credit
software subscription expense reference 75724,462940.56,0,PDF,9,expense,debit
professional fees reference 46298,471304.94,0,CSV,6,expense,debit
office furniture purchase reference 70157,166452.13,1,Excel,4,asset,debit
office supplies purchase reference 44344,94244.07,0,PDF,10,expense,debit
capital introduced by shareholder reference 41036,417192.54,0,Manual,5,equity,credit
supplier payable created reference 77111,412377.94,0,Excel,7,liability,credit
loan repayment liability reference 96645,316872.32,0,PDF,11,liability,credit
business loan received reference 81825,490020.32,1,Excel,1,liability,credit
office furniture purchase reference 97311,18251.1,0,CSV,3,asset,debit
capital introduced by shareholder reference 64260,466590.25,1,Bank,5,equity,credit
short term borrowing reference 34903,459478.98,0,CSV,7,liability,debit
service revenue received reference 89964,42547.18,0,Bank,12,revenue,credit
shareholder contribution reference 18362,351056.92,1,PDF,3,equity,credit
purchase of office laptop reference 19065,150959.18,1,PDF,11,asset,debit
purchase of computer equipment reference 45703,23561.13,1,PDF,1,asset,debit
maintenance and repair expense reference 38279,151062.03,1,Excel,10,expense,credit
subscription revenue reference 44220,215943.48,0,Excel,4,revenue,credit
sales collection reference 61213,145300.89,0,PDF,10,revenue,credit
vehicle purchase for business reference 21206,209308.61,0,CSV,10,asset,debit
loan repayment liability reference 96412,329400.78,0,PDF,7,liability,credit
salary payable recorded reference 66052,206091.91,0,PDF,12,liability,credit
short term borrowing reference 48088,106388.39,1,Bank,7,liability,credit
retained earnings transfer reference 68547,303767.89,1,Excel,2,equity,credit
internet and telecom bill reference 12427,432052.64,0,PDF,3,expense,debit
retained earnings transfer reference 75655,277787.48,1,Manual,10,equity,credit
employee salary payment reference 59031,376737.02,0,CSV,6,expense,debit
security deposit paid reference 14618,248167.66,0,Bank,4,asset,credit
gst payable recorded reference 73061,344106.56,1,Excel,8,liability,credit
software subscription expense reference 92607,176167.86,0,Manual,9,expense,debit
purchase of computer equipment reference 73360,260211.01,1,CSV,7,asset,debit
software subscription expense reference 53295,298829.27,0,Bank,4,expense,debit
tax payable recorded reference 57909,275463.22,0,Bank,9,liability,credit
office furniture purchase reference 40405,263739.27,0,Excel,7,asset,credit
subscription revenue reference 50595,29865.44,0,Manual,10,revenue,credit
maintenance and repair expense reference 73428,380193.89,0,PDF,12,expense,debit
salary payable recorded reference 22661,221784.76,1,PDF,9,liability,credit
vendor credit purchase reference 97514,18823.48,0,PDF,7,liability,credit
sales revenue from customer invoice reference 97421,276730.0,0,Manual,6,revenue,credit
business travel expense reference 96050,484176.56,0,PDF,8,expense,debit
marketing campaign expense reference 85135,180962.28,1,PDF,7,expense,debit
tax payable recorded reference 18629,129187.17,0,Excel,9,liability,credit
office supplies purchase reference 55730,421089.38,1,Bank,9,expense,debit
office supplies purchase reference 81738,133263.48,1,Bank,5,expense,debit
accounts receivable created reference 92118,343223.54,1,CSV,2,asset,debit
purchase of machinery reference 34835,437518.52,0,Manual,2,asset,debit
consulting income received reference 45850,448143.74,0,CSV,12,revenue,credit
tax payable recorded reference 25841,437330.1,1,CSV,12,liability,credit
courier and postage expense reference 60092,462120.96,1,Bank,3,expense,credit
equipment acquisition reference 18946,79099.15,0,Manual,10,asset,debit
office supplies purchase reference 13010,104444.13,0,CSV,2,expense,debit
owner investment into business reference 86857,236017.83,0,Bank,5,equity,credit
tax payable recorded reference 72129,203868.13,0,CSV,9,liability,credit
purchase of computer equipment reference 20196,131531.38,0,PDF,10,asset,debit
subscription revenue reference 74771,464299.8,0,Manual,12,revenue,credit
accounts receivable created reference 87781,362180.75,0,Bank,7,asset,credit
sales collection reference 31301,429407.22,0,Bank,5,revenue,credit
maintenance and repair expense reference 51670,249880.92,0,PDF,6,expense,debit
product sales receipt reference 70317,381570.06,1,PDF,5,revenue,credit
service revenue received reference 98022,217587.88,1,Manual,4,revenue,credit
business travel expense reference 78213,424027.47,1,Excel,1,expense,debit
owner investment into business reference 90656,279444.32,0,Bank,11,equity,credit
service revenue received reference 11634,298059.03,0,Manual,11,revenue,credit
equipment acquisition reference 76627,392481.4,0,Excel,2,asset,debit
prepaid insurance reference 54067,80636.73,0,Bank,8,asset,debit
service revenue received reference 13278,221867.4,0,CSV,11,revenue,credit
office furniture purchase reference 12606,202727.96,0,Excel,2,asset,debit
purchase of machinery reference 89259,459338.26,0,Manual,2,asset,debit
monthly office rent reference 36658,231725.0,0,Excel,9,expense,debit
maintenance and repair expense reference 26229,279674.36,0,Bank,6,expense,debit
purchase of computer equipment reference 44601,268912.78,0,PDF,6,asset,debit
monthly office rent reference 76498,118002.04,0,Excel,1,expense,debit
tax payable recorded reference 22767,43203.28,1,Bank,4,liability,debit
prepaid insurance reference 75340,279812.29,1,Bank,1,asset,debit
supplier payable created reference 94153,468220.14,0,CSV,4,liability,credit
inventory purchase for stock reference 78173,201777.37,0,Bank,8,asset,debit
security deposit paid reference 85321,45272.68,1,CSV,6,asset,debit
retained earnings transfer reference 88297,176052.32,0,Bank,8,equity,credit
office electricity bill reference 23728,357019.68,1,PDF,8,expense,debit
sales revenue from customer invoice reference 23322,9865.92,0,CSV,11,revenue,credit
additional equity contribution reference 38711,356234.48,0,PDF,8,equity,credit
consulting income received reference 15429,411195.67,0,PDF,10,revenue,credit
subscription revenue reference 61879,361718.72,0,Excel,5,revenue,credit
software subscription expense reference 94944,350560.02,0,Manual,11,expense,debit
maintenance and repair expense reference 99595,245331.09,0,CSV,7,expense,debit
loan repayment liability reference 34230,195711.74,0,Bank,12,liability,credit
purchase of machinery reference 84940,263900.6,0,CSV,1,asset,debit
retained earnings transfer reference 12095,433263.54,0,PDF,11,equity,credit
prepaid insurance reference 84671,344237.18,1,Bank,7,asset,credit
accounts receivable created reference 46588,210255.98,0,Manual,7,asset,debit
salary payable recorded reference 80183,449350.58,1,Excel,8,liability,credit
shareholder contribution reference 56062,274821.8,0,Excel,1,equity,credit
equipment acquisition reference 85298,340425.53,0,Manual,6,asset,debit
owner investment into business reference 12481,20515.98,0,Manual,2,equity,credit
tax payable recorded reference 11041,265449.92,0,CSV,2,liability,debit
internet and telecom bill reference 25443,31232.69,0,CSV,8,expense,credit
vehicle purchase for business reference 54678,118340.61,0,Bank,12,asset,debit
share capital contribution reference 43727,386786.29,1,CSV,8,equity,credit
salary payable recorded reference 69464,58868.63,0,PDF,11,liability,credit
service revenue received reference 98653,373151.29,0,CSV,10,revenue,credit
tax payable recorded reference 97323,202982.74,0,CSV,5,liability,credit
owner investment into business reference 91261,150143.1,0,Bank,3,equity,credit
owner investment into business reference 40373,96915.42,0,PDF,3,equity,credit
service revenue received reference 73548,309084.08,1,CSV,3,revenue,credit
shareholder contribution reference 46086,413923.92,0,Bank,9,equity,credit
client payment for consulting services reference 82878,398176.3,1,Manual,7,revenue,credit
salary payable recorded reference 60407,349404.35,0,CSV,12,liability,credit
supplier payable created reference 24818,37696.95,0,CSV,1,liability,credit
owner withdrawal against equity reference 43796,175422.7,0,Manual,2,equity,credit
vehicle purchase for business reference 35350,162927.15,1,CSV,1,asset,debit
client payment for consulting services reference 76471,158918.01,0,Bank,8,revenue,credit
subscription revenue reference 25951,339207.98,0,Excel,1,revenue,credit
tax payable recorded reference 49740,365971.45,0,CSV,10,liability,credit
equipment acquisition reference 46466,316899.65,0,CSV,10,asset,debit
security deposit paid reference 14022,204947.48,0,CSV,7,asset,debit
monthly office rent reference 51396,97994.44,0,CSV,6,expense,credit
gst payable recorded reference 54037,266893.89,1,Manual,6,liability,debit
courier and postage expense reference 39932,219983.09,0,PDF,4,expense,debit
customer invoice settlement reference 82422,360620.6,0,Manual,4,revenue,credit
shareholder contribution reference 83930,102701.44,0,PDF,11,equity,credit
internet and telecom bill reference 68950,442295.1,0,Excel,7,expense,debit
owner capital introduced reference 73756,254199.16,0,Manual,8,equity,credit
shareholder contribution reference 32706,492516.71,0,Bank,5,equity,credit
supplier payable created reference 33807,343421.35,0,Excel,8,liability,debit
loan repayment liability reference 34909,238393.48,0,Excel,9,liability,credit
purchase of computer equipment reference 20759,28455.9,0,Manual,3,asset,debit
security deposit paid reference 60608,267541.26,1,Bank,2,asset,debit
insurance expense reference 78426,347252.8,0,PDF,5,expense,debit
purchase of machinery reference 71215,481295.84,0,Bank,6,asset,debit
owner capital introduced reference 67569,176955.37,1,Bank,6,equity,credit
security deposit paid reference 21772,49913.35,0,PDF,6,asset,credit
purchase of computer equipment reference 42057,219662.5,0,Manual,2,asset,debit
purchase of office laptop reference 70447,369687.27,0,PDF,5,asset,debit
courier and postage expense reference 90447,330092.87,0,PDF,4,expense,debit
inventory purchase for stock reference 82251,27884.98,0,Manual,6,asset,credit
security deposit paid reference 84554,200333.77,0,Bank,5,asset,credit
security deposit paid reference 54685,73849.24,0,PDF,2,asset,debit
sales collection reference 24064,454941.88,1,Excel,12,revenue,credit
capital introduced by shareholder reference 66137,351589.56,0,Excel,9,equity,credit
shareholder contribution reference 11909,157295.6,0,Manual,2,equity,credit
office electricity bill reference 29405,464188.58,0,Excel,12,expense,debit
software subscription expense reference 79342,460273.68,0,Excel,1,expense,debit
courier and postage expense reference 84513,598.81,0,PDF,4,expense,debit
shareholder contribution reference 84141,409112.48,0,Manual,7,equity,credit
inventory purchase for stock reference 30311,176908.36,1,Bank,6,asset,debit
maintenance and repair expense reference 91749,411426.43,0,Manual,5,expense,debit
sales collection reference 60059,173095.73,0,PDF,11,revenue,credit
monthly office rent reference 94287,206142.29,0,Manual,6,expense,debit
purchase of computer equipment reference 27021,485238.03,1,CSV,9,asset,debit
owner investment into business reference 20960,348825.84,1,Bank,9,equity,credit
owner withdrawal against equity reference 99796,196881.6,1,Bank,7,equity,credit
accounts payable recorded reference 54799,174544.62,0,CSV,9,liability,credit
sales revenue from customer invoice reference 91611,169076.11,0,Bank,8,revenue,credit
owner withdrawal against equity reference 81721,458806.86,0,Bank,3,equity,credit
business travel expense reference 45698,400028.84,1,Excel,8,expense,debit
subscription revenue reference 24897,142717.68,1,Excel,2,revenue,credit
insurance expense reference 44042,39874.62,1,Manual,8,expense,debit
supplier payable created reference 80502,302019.57,1,CSV,4,liability,credit
sales revenue from customer invoice reference 85059,410522.91,0,Manual,9,revenue,credit
capital introduced by shareholder reference 42953,83224.97,0,Excel,8,equity,debit
capital introduced by shareholder reference 80578,486018.18,0,PDF,10,equity,credit
client payment for consulting services reference 10313,106789.4,1,Manual,10,revenue,credit
share capital contribution reference 57124,22333.41,0,Manual,9,equity,credit
purchase of office laptop reference 18378,163871.26,0,Excel,12,asset,debit
client payment for consulting services reference 59343,125679.13,0,Manual,2,revenue,credit
equipment acquisition reference 23503,189056.79,0,Bank,7,asset,debit
gst payable recorded reference 55758,65503.46,0,PDF,2,liability,credit
short term borrowing reference 31388,342109.53,0,Excel,2,liability,credit
subscription revenue reference 30502,371039.55,0,Manual,12,revenue,credit
employee salary payment reference 42298,212915.97,0,PDF,11,expense,debit
loan repayment liability reference 47334,431897.2,0,Manual,9,liability,credit
salary payable recorded reference 31609,137254.85,1,CSV,2,liability,credit
internet and telecom bill reference 43432,125109.75,0,PDF,2,expense,debit
purchase of office laptop reference 81397,152793.35,1,Bank,12,asset,debit
owner capital introduced reference 23886,236589.38,0,Excel,9,equity,credit
client payment for consulting services reference 46898,109818.88,0,CSV,11,revenue,credit
accounts payable recorded reference 78825,439206.74,0,Bank,3,liability,credit
consulting income received reference 54540,455487.26,0,Manual,10,revenue,credit
internet and telecom bill reference 79904,240698.12,0,PDF,1,expense,debit
prepaid insurance reference 47761,72613.58,0,PDF,1,asset,debit
office supplies purchase reference 41589,345330.68,0,CSV,10,expense,debit
employee salary payment reference 77027,4201.0,0,Manual,5,expense,debit
sales revenue from customer invoice reference 76507,65963.35,1,Excel,12,revenue,credit
owner capital introduced reference 46126,308912.03,0,Manual,1,equity,credit
share capital contribution reference 76401,121785.24,0,Bank,4,equity,credit
office supplies purchase reference 23663,78975.83,0,PDF,3,expense,debit
monthly office rent reference 36258,363782.22,0,Excel,1,expense,debit
owner investment into business reference 66689,305976.68,0,Manual,3,equity,credit
customer invoice settlement reference 56122,435258.61,0,Manual,5,revenue,credit
purchase of office laptop reference 25540,370787.56,1,PDF,8,asset,debit
additional equity contribution reference 58528,219185.61,0,Manual,6,equity,credit
marketing campaign expense reference 88097,284974.68,0,Manual,5,expense,debit
product sales receipt reference 88950,13113.32,0,Bank,2,revenue,debit
owner capital introduced reference 61074,169547.18,0,Manual,7,equity,credit
purchase of computer equipment reference 91636,317790.86,0,Excel,10,asset,debit
service revenue received reference 19687,59546.53,0,Manual,9,revenue,credit
accounts receivable created reference 70822,262144.26,0,PDF,5,asset,debit
security deposit paid reference 63964,211561.84,1,Manual,10,asset,debit
business loan received reference 67451,395672.15,0,CSV,12,liability,credit
sales revenue from customer invoice reference 30718,390366.41,0,PDF,5,revenue,credit
sales collection reference 12958,58491.6,1,Bank,4,revenue,credit
share capital contribution reference 19317,304793.22,0,PDF,6,equity,credit
salary payable recorded reference 43921,40560.55,0,Manual,4,liability,credit
subscription revenue reference 35217,388027.49,1,PDF,4,revenue,credit
vendor credit purchase reference 79795,189644.21,0,PDF,1,liability,credit
professional fees reference 33431,225815.27,0,CSV,4,expense,debit
marketing campaign expense reference 82066,279698.94,0,CSV,1,expense,debit
insurance expense reference 81453,455755.93,1,Excel,7,expense,debit
business loan received reference 54574,248429.32,1,PDF,7,liability,credit
office supplies purchase reference 77065,429101.26,0,CSV,10,expense,debit
loan repayment liability reference 76219,314210.83,1,Bank,3,liability,credit
prepaid insurance reference 73752,177852.07,0,PDF,2,asset,debit
subscription revenue reference 43371,463419.11,0,Excel,10,revenue,credit
maintenance and repair expense reference 21356,126094.83,0,PDF,11,expense,debit
accounts payable recorded reference 66941,356804.55,0,Manual,2,liability,credit
sales revenue from customer invoice reference 63719,404771.05,0,PDF,10,revenue,debit
capital introduced by shareholder reference 65679,453125.8,0,Excel,3,equity,credit
supplier payable created reference 27786,128813.49,0,Excel,6,liability,credit
sales collection reference 93424,197515.75,0,Excel,2,revenue,credit
retained earnings transfer reference 51034,164963.11,1,Manual,11,equity,credit
share capital contribution reference 22281,425415.15,1,CSV,6,equity,credit
supplier payable created reference 77322,78786.65,1,Bank,6,liability,credit
owner withdrawal against equity reference 91496,69705.61,0,PDF,10,equity,credit
business travel expense reference 35043,108425.74,0,Manual,1,expense,debit
owner withdrawal against equity reference 94637,93828.87,0,Bank,10,equity,credit
customer invoice settlement reference 17464,79685.75,0,PDF,11,revenue,credit
courier and postage expense reference 77130,23790.6,0,CSV,7,expense,debit
office supplies purchase reference 86138,366175.91,0,Excel,10,expense,debit
prepaid insurance reference 46559,321716.81,0,Bank,11,asset,debit
accounts payable recorded reference 31800,346492.63,0,Excel,6,liability,credit
courier and postage expense reference 85464,435840.13,1,CSV,9,expense,debit
gst payable recorded reference 10504,78641.04,0,PDF,1,liability,credit
loan repayment liability reference 90676,475537.62,0,Manual,10,liability,credit
short term borrowing reference 82867,85738.93,1,PDF,3,liability,credit
business loan received reference 78712,237505.72,1,PDF,4,liability,credit
supplier payable created reference 84631,473186.54,0,PDF,10,liability,credit
salary payable recorded reference 78913,477930.54,0,CSV,5,liability,credit
owner investment into business reference 48643,144549.65,1,PDF,1,equity,debit
product sales receipt reference 75442,105477.5,0,Bank,9,revenue,credit
marketing campaign expense reference 91581,374840.48,1,PDF,6,expense,debit
accounts payable recorded reference 63275,442518.68,1,Bank,12,liability,credit
capital introduced by shareholder reference 53271,252370.3,0,Bank,3,equity,credit
tax payable recorded reference 19053,490627.02,1,Manual,4,liability,credit
owner investment into business reference 45831,89925.86,1,PDF,2,equity,credit
vehicle purchase for business reference 53606,154420.9,0,Manual,5,asset,debit
owner capital introduced reference 92550,110226.89,0,CSV,10,equity,credit
supplier payable created reference 96561,102937.59,1,Bank,8,liability,credit
security deposit paid reference 62399,340154.7,0,Bank,1,asset,debit
inventory purchase for stock reference 64046,322370.11,0,Bank,1,asset,debit
vehicle purchase for business reference 95168,306354.57,0,Excel,1,asset,debit
monthly office rent reference 60621,318162.68,0,PDF,1,expense,debit
owner capital introduced reference 82158,486454.01,0,Excel,3,equity,credit
prepaid insurance reference 56802,86362.88,0,Manual,9,asset,debit
insurance expense reference 62330,106667.44,0,CSV,3,expense,debit
vehicle purchase for business reference 35499,262270.32,0,Bank,6,asset,debit
owner capital introduced reference 14443,78349.53,0,PDF,3,equity,credit
salary payable recorded reference 19491,299397.52,0,Manual,3,liability,credit
shareholder contribution reference 50942,169381.76,0,Manual,1,equity,credit
product sales receipt reference 12351,130349.86,0,Bank,8,revenue,credit
owner withdrawal against equity reference 50502,149397.01,0,Manual,10,equity,credit
accounts payable recorded reference 33523,462224.9,0,PDF,2,liability,credit
additional equity contribution reference 76488,83138.3,0,Manual,7,equity,credit
owner withdrawal against equity reference 33063,124848.64,0,Manual,4,equity,debit
customer invoice settlement reference 12333,657.05,0,Manual,5,revenue,credit
owner investment into business reference 75342,297416.92,0,Bank,1,equity,credit
shareholder contribution reference 26491,270766.35,1,Manual,5,equity,credit
insurance expense reference 43039,421970.48,0,Bank,6,expense,debit
owner capital introduced reference 64049,169632.88,0,Excel,9,equity,credit
consulting income received reference 22449,59034.17,1,CSV,10,revenue,credit
consulting income received reference 18984,54147.78,1,Excel,8,revenue,credit
additional equity contribution reference 68934,284966.61,0,Bank,7,equity,credit
salary payable recorded reference 37298,354115.09,0,PDF,8,liability,credit
owner investment into business reference 32788,383473.68,1,Manual,4,equity,credit
product sales receipt reference 58290,217564.26,1,CSV,2,revenue,debit
product sales receipt reference 36553,329550.12,0,Excel,4,revenue,credit
capital introduced by shareholder reference 53820,498851.12,1,Manual,10,equity,credit
equipment acquisition reference 65050,8604.87,0,PDF,11,asset,debit
gst payable recorded reference 53982,462234.28,0,Manual,3,liability,credit
vehicle purchase for business reference 70879,283048.87,0,Bank,6,asset,debit
office furniture purchase reference 53768,170197.08,0,CSV,1,asset,debit
capital introduced by shareholder reference 27056,266429.75,0,Excel,6,equity,credit
vehicle purchase for business reference 23941,108201.26,0,Bank,5,asset,debit
office furniture purchase reference 43276,54227.47,1,PDF,6,asset,debit
purchase of machinery reference 19828,440200.97,1,Manual,4,asset,debit
monthly office rent reference 54867,165741.09,0,CSV,4,expense,debit
accounts receivable created reference 27376,160726.4,0,Manual,3,asset,debit
vehicle purchase for business reference 12250,11464.36,0,CSV,2,asset,debit
inventory purchase for stock reference 11489,456192.46,0,CSV,2,asset,debit
equipment acquisition reference 17103,189083.31,0,Excel,11,asset,debit
business loan received reference 54578,461654.87,0,PDF,11,liability,credit
insurance expense reference 72673,465676.25,0,Manual,2,expense,credit
supplier payable created reference 94862,159119.21,1,Excel,1,liability,credit
service revenue received reference 50385,196762.63,0,Manual,12,revenue,credit
prepaid insurance reference 98841,115614.43,0,PDF,1,asset,debit
additional equity contribution reference 92282,396620.28,0,Manual,7,equity,credit
business travel expense reference 72056,281170.61,0,Excel,11,expense,debit
purchase of office laptop reference 53840,333598.8,0,Manual,2,asset,debit
additional equity contribution reference 27348,440793.96,1,CSV,4,equity,credit
purchase of computer equipment reference 62244,423628.42,0,Excel,7,asset,credit
customer invoice settlement reference 40294,402236.28,0,Bank,8,revenue,credit
owner investment into business reference 89333,257235.99,0,Manual,11,equity,credit
gst payable recorded reference 85033,153953.39,0,Bank,11,liability,credit
office furniture purchase reference 26062,371952.82,1,Bank,4,asset,debit
accounts payable recorded reference 33306,138607.87,0,Bank,12,liability,credit
prepaid insurance reference 44912,328285.42,0,CSV,2,asset,debit
internet and telecom bill reference 66586,254372.6,0,PDF,6,expense,debit
shareholder contribution reference 42949,361160.02,0,Excel,5,equity,credit
courier and postage expense reference 50686,219792.78,1,Manual,9,expense,debit
owner investment into business reference 86033,326690.85,0,Manual,10,equity,credit
business travel expense reference 55402,70524.07,1,Bank,6,expense,credit
vehicle purchase for business reference 49521,346983.89,0,Excel,10,asset,credit
capital introduced by shareholder reference 29290,200880.73,0,Bank,10,equity,debit
monthly office rent reference 14308,215965.2,0,CSV,10,expense,debit
customer invoice settlement reference 38130,25954.76,1,PDF,5,revenue,credit
salary payable recorded reference 76846,262687.92,0,Bank,5,liability,credit
marketing campaign expense reference 45909,171015.25,1,Bank,1,expense,debit
business travel expense reference 22299,280828.08,0,CSV,1,expense,debit
office electricity bill reference 26710,40248.08,0,Excel,11,expense,debit
purchase of machinery reference 71221,333237.96,0,CSV,4,asset,debit
service revenue received reference 22219,304306.84,0,CSV,11,revenue,credit
gst payable recorded reference 48187,77074.86,1,Excel,6,liability,credit
supplier payable created reference 97114,303322.32,0,Manual,10,liability,credit
sales collection reference 40460,422317.2,0,Excel,10,revenue,credit
owner withdrawal against equity reference 39000,177317.53,0,CSV,11,equity,credit
prepaid insurance reference 72911,393995.31,1,Excel,11,asset,debit
owner capital introduced reference 97604,174310.07,0,PDF,12,equity,credit
sales collection reference 96317,201367.97,1,Manual,12,revenue,credit
tax payable recorded reference 41050,421423.08,0,PDF,5,liability,credit
consulting income received reference 35814,65447.49,0,Manual,3,revenue,debit
accounts payable recorded reference 14490,158193.77,0,CSV,6,liability,credit
retained earnings transfer reference 85870,27368.26,0,PDF,10,equity,credit
accounts receivable created reference 90028,340953.86,1,CSV,1,asset,debit
courier and postage expense reference 40978,258347.53,0,CSV,12,expense,debit
accounts payable recorded reference 25606,307834.75,0,Manual,8,liability,credit
salary payable recorded reference 58706,309641.0,0,Excel,3,liability,credit
accounts payable recorded reference 75814,24027.75,1,Bank,8,liability,credit
service revenue received reference 65223,139469.47,1,PDF,8,revenue,credit
capital introduced by shareholder reference 79305,381943.25,0,CSV,12,equity,credit
vendor credit purchase reference 62830,183980.24,1,Bank,10,liability,credit
loan repayment liability reference 20347,151568.86,0,Bank,9,liability,credit
vehicle purchase for business reference 73198,208208.55,0,Bank,11,asset,debit
sales revenue from customer invoice reference 19920,462733.4,0,Excel,9,revenue,credit
owner investment into business reference 81414,6537.19,0,PDF,10,equity,credit
tax payable recorded reference 31311,481217.77,1,Excel,2,liability,credit
courier and postage expense reference 84626,154046.27,0,Manual,3,expense,debit
shareholder contribution reference 54015,375042.66,1,Manual,8,equity,credit
sales collection reference 11645,388927.49,1,Manual,8,revenue,credit
shareholder contribution reference 64794,211676.48,1,Bank,12,equity,credit
purchase of machinery reference 47238,467117.17,0,CSV,10,asset,debit
tax payable recorded reference 34686,126871.2,0,PDF,6,liability,credit
gst payable recorded reference 85361,105893.52,0,CSV,1,liability,credit
courier and postage expense reference 26140,301026.38,0,PDF,3,expense,debit
salary payable recorded reference 82736,201361.12,0,Bank,11,liability,credit
sales collection reference 93500,386168.15,0,Manual,11,revenue,credit
maintenance and repair expense reference 85792,25259.28,0,PDF,11,expense,debit
marketing campaign expense reference 48831,124434.38,0,Manual,6,expense,credit
owner investment into business reference 65039,447279.3,1,Bank,2,equity,credit
gst payable recorded reference 32648,413371.73,0,Bank,3,liability,debit
professional fees reference 15574,197809.2,0,Excel,11,expense,debit
vehicle purchase for business reference 26388,197409.28,0,Manual,10,asset,debit
client payment for consulting services reference 85144,448003.81,0,Excel,11,revenue,credit
sales revenue from customer invoice reference 16044,101388.53,1,CSV,6,revenue,credit
supplier payable created reference 84133,439376.91,0,CSV,8,liability,credit
vendor credit purchase reference 16650,203545.26,0,Bank,3,liability,credit
professional fees reference 92259,400731.44,0,Bank,12,expense,debit
equipment acquisition reference 17130,167498.51,0,CSV,9,asset,credit
subscription revenue reference 50992,59869.57,0,Excel,2,revenue,credit
equipment acquisition reference 60889,99218.04,0,Manual,3,asset,debit
capital introduced by shareholder reference 96724,33460.15,1,Excel,8,equity,credit
business loan received reference 86131,261536.66,1,CSV,7,liability,credit
service revenue received reference 29975,225882.04,0,CSV,10,revenue,credit
short term borrowing reference 59325,381639.2,0,Bank,10,liability,credit
purchase of computer equipment reference 41169,401802.64,0,PDF,4,asset,debit
marketing campaign expense reference 83692,353796.39,0,CSV,5,expense,debit
gst payable recorded reference 56865,281288.7,0,Bank,7,liability,credit
supplier payable created reference 59729,39731.18,0,CSV,3,liability,debit
business loan received reference 29369,319888.61,0,CSV,10,liability,credit
vendor credit purchase reference 87496,226412.42,0,CSV,4,liability,credit
gst payable recorded reference 37559,251205.56,1,Manual,2,liability,credit
additional equity contribution reference 99798,151398.52,0,Bank,9,equity,debit
shareholder contribution reference 19144,25267.88,1,Bank,3,equity,credit
office supplies purchase reference 47973,263934.28,0,CSV,7,expense,debit
office electricity bill reference 57668,423934.88,1,Excel,8,expense,debit
maintenance and repair expense reference 21141,392676.73,0,Manual,5,expense,debit
sales collection reference 64731,232774.56,0,Excel,7,revenue,credit
vendor credit purchase reference 45811,235090.33,0,Excel,7,liability,credit
vehicle purchase for business reference 31164,87327.67,0,Manual,11,asset,debit
prepaid insurance reference 56475,78375.83,1,CSV,2,asset,debit
client payment for consulting services reference 33740,86597.43,0,Excel,1,revenue,credit
shareholder contribution reference 35619,352023.41,0,Excel,7,equity,credit
additional equity contribution reference 82413,363915.82,0,Manual,9,equity,credit
internet and telecom bill reference 79481,487861.95,1,Manual,12,expense,debit
owner investment into business reference 13801,247541.89,1,CSV,9,equity,debit
owner withdrawal against equity reference 61123,189845.23,0,PDF,1,equity,credit
customer invoice settlement reference 34681,406029.14,0,CSV,9,revenue,credit
owner investment into business reference 71277,477608.55,0,CSV,1,equity,credit
purchase of machinery reference 38212,437644.23,0,PDF,4,asset,debit
office furniture purchase reference 50953,328414.77,0,Bank,6,asset,debit
sales revenue from customer invoice reference 93573,187260.33,0,Excel,8,revenue,credit
sales collection reference 52975,380835.57,0,Excel,9,revenue,debit
insurance expense reference 67911,326249.74,1,Bank,6,expense,debit
office furniture purchase reference 15199,80423.09,0,Manual,6,asset,debit
monthly office rent reference 88778,27415.17,0,PDF,4,expense,debit
additional equity contribution reference 42418,131843.55,0,Manual,9,equity,credit
courier and postage expense reference 85989,452520.83,0,Manual,12,expense,debit
employee salary payment reference 61684,242961.77,0,PDF,2,expense,debit
owner capital introduced reference 97704,202285.07,0,Manual,9,equity,credit
purchase of computer equipment reference 85291,247568.58,1,PDF,5,asset,debit
vendor credit purchase reference 55382,108143.26,1,CSV,6,liability,credit
subscription revenue reference 22313,287648.53,0,Manual,9,revenue,credit
gst payable recorded reference 34878,491815.3,1,Bank,11,liability,credit
accounts receivable created reference 45517,494000.83,0,Excel,10,asset,debit
retained earnings transfer reference 63275,377681.51,0,PDF,3,equity,debit
short term borrowing reference 81930,386950.16,1,Excel,6,liability,credit
marketing campaign expense reference 66855,437243.57,1,Excel,7,expense,debit
product sales receipt reference 53008,208736.24,0,CSV,5,revenue,credit
client payment for consulting services reference 43731,163855.33,0,PDF,7,revenue,credit
tax payable recorded reference 44092,316650.63,0,Excel,6,liability,credit
marketing campaign expense reference 54050,46902.76,0,PDF,9,expense,debit
customer invoice settlement reference 93422,37853.38,1,Bank,9,revenue,credit
short term borrowing reference 37816,399057.26,0,PDF,3,liability,credit
sales revenue from customer invoice reference 23778,165972.76,0,Manual,6,revenue,credit
vehicle purchase for business reference 11060,453279.39,0,Bank,8,asset,debit
loan repayment liability reference 34736,432198.53,0,CSV,5,liability,credit
maintenance and repair expense reference 41975,417760.77,0,Excel,1,expense,debit
client payment for consulting services reference 41964,226498.89,0,CSV,3,revenue,credit
shareholder contribution reference 42366,366373.49,0,CSV,1,equity,credit
office supplies purchase reference 40621,142883.07,0,Manual,8,expense,debit
purchase of machinery reference 52936,157485.41,0,CSV,2,asset,debit
sales revenue from customer invoice reference 33630,351227.42,0,Manual,10,revenue,credit
tax payable recorded reference 67905,457751.69,0,PDF,8,liability,credit
office supplies purchase reference 29484,39535.55,0,Manual,8,expense,debit
subscription revenue reference 42572,70509.14,0,Excel,6,revenue,credit
office supplies purchase reference 56510,465031.72,0,Bank,10,expense,debit
marketing campaign expense reference 38895,438897.54,0,Manual,9,expense,debit
purchase of office laptop reference 30185,3524.78,1,Manual,8,asset,debit
equipment acquisition reference 62867,287545.16,1,Manual,12,asset,debit
additional equity contribution reference 49078,36253.95,0,CSV,1,equity,credit
retained earnings transfer reference 22247,445849.21,1,Excel,6,equity,credit
capital introduced by shareholder reference 94351,283525.36,1,CSV,5,equity,credit
customer invoice settlement reference 61440,25012.49,0,Manual,7,revenue,credit
sales revenue from customer invoice reference 76060,413806.71,0,Manual,8,revenue,credit
sales revenue from customer invoice reference 72268,279841.49,1,Bank,1,revenue,debit
professional fees reference 20699,330922.64,0,Excel,11,expense,debit
client payment for consulting services reference 36363,444706.27,0,Excel,9,revenue,credit
sales revenue from customer invoice reference 11848,182000.36,0,Bank,7,revenue,credit
product sales receipt reference 36488,172151.14,0,Manual,7,revenue,debit
tax payable recorded reference 31341,233441.96,0,Bank,10,liability,credit
subscription revenue reference 10906,187033.94,0,PDF,3,revenue,credit
purchase of office laptop reference 94173,209865.42,0,CSV,11,asset,debit
professional fees reference 24111,347911.74,1,Bank,12,expense,debit
office electricity bill reference 21409,105651.48,0,Bank,6,expense,debit
inventory purchase for stock reference 92203,235610.78,1,Manual,9,asset,debit
inventory purchase for stock reference 91482,361440.31,1,Excel,6,asset,debit
loan repayment liability reference 78604,116755.1,0,Bank,6,liability,credit
short term borrowing reference 46451,377186.73,0,Excel,6,liability,credit
client payment for consulting services reference 79553,263382.25,0,PDF,6,revenue,credit
additional equity contribution reference 53574,169362.5,0,PDF,4,equity,credit
product sales receipt reference 55798,351130.46,0,PDF,7,revenue,credit
product sales receipt reference 33662,61462.88,0,CSV,10,revenue,credit
retained earnings transfer reference 34537,405185.45,1,Manual,8,equity,credit
shareholder contribution reference 78625,60391.15,0,Manual,5,equity,credit
sales revenue from customer invoice reference 91809,60659.28,1,CSV,5,revenue,credit
gst payable recorded reference 80719,476033.4,0,Manual,10,liability,credit
owner capital introduced reference 57326,214572.8,0,PDF,8,equity,credit
client payment for consulting services reference 41752,471095.07,0,CSV,7,revenue,credit
office electricity bill reference 57271,340406.35,0,Manual,3,expense,debit
internet and telecom bill reference 86343,423324.28,0,Excel,7,expense,debit
security deposit paid reference 22912,192702.15,0,CSV,12,asset,debit
share capital contribution reference 24202,454805.29,0,Manual,10,equity,credit
office supplies purchase reference 51625,390361.99,0,PDF,3,expense,debit
gst payable recorded reference 82621,360180.88,0,PDF,1,liability,credit
inventory purchase for stock reference 58640,167115.46,0,Manual,3,asset,debit
internet and telecom bill reference 87216,188892.63,0,Excel,2,expense,debit
owner investment into business reference 66724,214209.27,0,PDF,1,equity,credit
accounts receivable created reference 48206,61792.36,0,Bank,10,asset,debit
software subscription expense reference 77991,253753.83,0,PDF,12,expense,debit
inventory purchase for stock reference 20146,330947.45,0,PDF,9,asset,debit
salary payable recorded reference 81399,339762.15,0,Manual,11,liability,credit
accounts receivable created reference 87250,473735.84,1,PDF,3,asset,debit
office furniture purchase reference 67388,34842.86,0,Excel,4,asset,debit
loan repayment liability reference 42868,194942.67,0,CSV,11,liability,credit
subscription revenue reference 33431,161583.98,0,Manual,6,revenue,credit
insurance expense reference 73134,125314.65,0,Manual,5,expense,debit
prepaid insurance reference 66451,228454.73,0,Excel,8,asset,debit
marketing campaign expense reference 10354,313386.82,0,Bank,6,expense,debit
office electricity bill reference 67889,242629.07,0,Excel,4,expense,debit
security deposit paid reference 51073,281236.58,1,Bank,3,asset,debit
office supplies purchase reference 86500,364776.05,0,Manual,9,expense,debit
vehicle purchase for business reference 60253,484789.31,1,CSV,5,asset,debit
tax payable recorded reference 45025,443340.66,0,CSV,10,liability,credit
business loan received reference 35435,254846.92,0,CSV,6,liability,debit
software subscription expense reference 45218,358016.78,1,PDF,12,expense,credit
capital introduced by shareholder reference 38066,38986.43,0,Manual,6,equity,credit
software subscription expense reference 51211,230050.86,0,Bank,4,expense,debit
product sales receipt reference 46266,222695.46,0,Manual,7,revenue,credit
shareholder contribution reference 60301,460070.51,0,Manual,10,equity,credit
tax payable recorded reference 52078,424391.67,0,Manual,6,liability,credit
share capital contribution reference 48391,351811.48,0,Excel,6,equity,credit
salary payable recorded reference 35669,234734.94,0,Bank,1,liability,credit
retained earnings transfer reference 67871,397860.93,1,Bank,9,equity,credit
purchase of machinery reference 62153,283039.67,0,CSV,8,asset,debit
owner capital introduced reference 14558,283695.91,0,CSV,4,equity,credit
office furniture purchase reference 71368,466880.83,0,PDF,10,asset,debit
inventory purchase for stock reference 53637,400057.57,0,Excel,11,asset,debit
client payment for consulting services reference 69240,468257.23,0,Excel,1,revenue,credit
subscription revenue reference 20777,119826.03,0,Manual,4,revenue,credit
share capital contribution reference 26415,461675.8,1,PDF,6,equity,credit
office furniture purchase reference 62180,390054.09,0,PDF,11,asset,debit
tax payable recorded reference 74803,165508.87,1,CSV,7,liability,credit
sales collection reference 69594,270984.52,1,Manual,3,revenue,credit
vendor credit purchase reference 67073,446081.15,0,PDF,7,liability,credit
inventory purchase for stock reference 58488,386904.08,0,Manual,11,asset,debit
office supplies purchase reference 64889,417886.12,0,Excel,3,expense,debit
accounts receivable created reference 62035,319638.29,0,Manual,5,asset,debit
sales collection reference 89880,197617.63,0,CSV,8,revenue,credit
business loan received reference 53805,61219.24,0,Bank,3,liability,credit
office supplies purchase reference 87593,192253.01,1,CSV,6,expense,debit
owner withdrawal against equity reference 50602,132891.54,0,Bank,7,equity,credit
marketing campaign expense reference 92926,367806.42,0,Manual,8,expense,debit
service revenue received reference 57637,98025.32,0,Manual,5,revenue,credit
sales revenue from customer invoice reference 69910,325237.45,1,PDF,11,revenue,credit
service revenue received reference 43252,137464.1,0,Bank,4,revenue,credit
owner withdrawal against equity reference 20060,28038.9,0,Manual,5,equity,credit
gst payable recorded reference 51908,234427.37,0,PDF,2,liability,credit
office furniture purchase reference 53215,200241.66,0,Excel,10,asset,debit
owner investment into business reference 90712,52705.14,0,Bank,5,equity,debit
inventory purchase for stock reference 81906,401106.48,0,Excel,12,asset,debit
sales collection reference 81620,273065.01,0,Manual,11,revenue,debit
purchase of computer equipment reference 67348,466284.97,1,Manual,11,asset,debit
vendor credit purchase reference 12431,380686.63,0,Bank,4,liability,credit
service revenue received reference 97785,230759.92,0,PDF,12,revenue,credit
monthly office rent reference 30138,324424.07,1,PDF,2,expense,debit
client payment for consulting services reference 64281,179643.25,0,PDF,9,revenue,credit
sales collection reference 54988,164424.88,0,Bank,7,revenue,credit
purchase of office laptop reference 29681,2283.28,0,CSV,9,asset,debit
shareholder contribution reference 70430,496373.51,0,Bank,3,equity,credit
employee salary payment reference 76757,356010.7,0,Manual,11,expense,debit
accounts payable recorded reference 49980,388317.55,0,PDF,7,liability,credit
additional equity contribution reference 40547,118833.22,0,Bank,1,equity,credit
vendor credit purchase reference 17656,410537.4,1,Bank,4,liability,credit
office electricity bill reference 75406,175884.48,0,PDF,5,expense,debit
tax payable recorded reference 78560,127043.4,0,Excel,12,liability,credit
purchase of machinery reference 32818,392206.72,0,CSV,4,asset,debit
office electricity bill reference 81266,38373.69,0,Manual,10,expense,debit
loan repayment liability reference 81638,494730.25,1,CSV,12,liability,credit
gst payable recorded reference 18014,112814.81,0,Bank,5,liability,debit
purchase of machinery reference 81654,48332.23,0,CSV,6,asset,debit
security deposit paid reference 69652,131923.4,0,Excel,6,asset,debit
equipment acquisition reference 92675,281426.73,0,Bank,1,asset,debit
purchase of office laptop reference 27131,431508.24,0,Bank,10,asset,debit
retained earnings transfer reference 85716,280927.19,0,CSV,7,equity,credit
purchase of office laptop reference 50281,45019.02,0,Bank,8,asset,debit
marketing campaign expense reference 20535,11204.44,0,Manual,9,expense,debit
additional equity contribution reference 17640,159282.82,0,Excel,2,equity,credit
capital introduced by shareholder reference 10736,477123.51,0,Excel,2,equity,credit
accounts receivable created reference 98003,430817.61,0,PDF,11,asset,debit
short term borrowing reference 52157,120087.01,0,CSV,11,liability,credit
accounts receivable created reference 96456,327704.91,0,Excel,8,asset,debit
courier and postage expense reference 73472,79289.37,0,Manual,1,expense,debit
maintenance and repair expense reference 91723,212153.31,0,Manual,3,expense,debit
purchase of computer equipment reference 38409,228112.02,0,CSV,2,asset,debit
purchase of office laptop reference 72441,2225.39,0,Excel,8,asset,credit
internet and telecom bill reference 35127,225817.11,1,Excel,7,expense,debit
office furniture purchase reference 98543,178113.08,0,PDF,11,asset,debit
employee salary payment reference 44705,352164.09,0,CSV,6,expense,debit
sales revenue from customer invoice reference 43401,452911.25,0,Bank,10,revenue,credit
vehicle purchase for business reference 63199,228078.83,0,Bank,1,asset,debit
inventory purchase for stock reference 61188,200941.6,0,PDF,4,asset,debit
internet and telecom bill reference 34728,344628.0,1,CSV,10,expense,debit
short term borrowing reference 33811,354660.32,0,Manual,6,liability,credit
vendor credit purchase reference 63152,285867.12,0,Bank,12,liability,credit
monthly office rent reference 66615,92529.28,0,Bank,6,expense,debit
vendor credit purchase reference 95016,129340.66,0,Excel,11,liability,credit
equipment acquisition reference 20637,228567.94,0,Excel,3,asset,debit
shareholder contribution reference 90247,463715.02,1,Bank,9,equity,credit
retained earnings transfer reference 60864,446637.73,0,PDF,12,equity,credit
employee salary payment reference 56673,421138.75,0,CSV,7,expense,credit
share capital contribution reference 80627,486560.24,1,Excel,6,equity,credit
supplier payable created reference 35745,285453.48,0,Bank,2,liability,credit
supplier payable created reference 21805,469882.26,0,Bank,1,liability,debit
accounts receivable created reference 80141,313481.92,0,CSV,8,asset,debit
inventory purchase for stock reference 37187,83772.35,0,Excel,3,asset,debit
office supplies purchase reference 72413,107865.11,0,PDF,12,expense,debit
office furniture purchase reference 10696,166894.59,0,Bank,9,asset,debit
equipment acquisition reference 33047,95858.92,0,CSV,1,asset,debit
shareholder contribution reference 40941,93957.18,0,CSV,6,equity,credit
vehicle purchase for business reference 41398,210716.07,1,Excel,11,asset,debit
purchase of machinery reference 11322,328105.73,0,CSV,8,asset,debit
subscription revenue reference 50072,167512.43,1,CSV,6,revenue,credit
tax payable recorded reference 47351,279553.44,0,Excel,6,liability,credit
supplier payable created reference 37326,397098.15,0,Excel,8,liability,credit
short term borrowing reference 49445,451543.94,1,PDF,2,liability,credit
product sales receipt reference 51562,114256.9,0,CSV,2,revenue,debit
purchase of office laptop reference 55372,127448.51,1,Bank,8,asset,debit
purchase of office laptop reference 78830,453404.68,0,PDF,8,asset,debit
business travel expense reference 11989,18474.86,0,Bank,8,expense,credit
purchase of machinery reference 74186,477609.0,0,PDF,12,asset,debit
client payment for consulting services reference 19835,337815.16,0,PDF,10,revenue,credit
marketing campaign expense reference 52350,221222.01,0,Manual,6,expense,debit
salary payable recorded reference 18610,495544.36,1,Bank,3,liability,credit
purchase of machinery reference 20153,351071.87,0,CSV,2,asset,debit
internet and telecom bill reference 68863,68606.3,1,PDF,5,expense,debit
professional fees reference 59470,294207.96,0,Bank,9,expense,debit
loan repayment liability reference 15879,449286.91,1,PDF,3,liability,credit
security deposit paid reference 30196,496336.63,0,Manual,11,asset,debit
vehicle purchase for business reference 52779,497585.81,0,Excel,4,asset,debit
owner investment into business reference 76828,239610.94,0,CSV,5,equity,credit
owner investment into business reference 57038,453606.04,0,Bank,12,equity,credit
service revenue received reference 18232,85135.58,0,Excel,11,revenue,debit
office furniture purchase reference 58323,106321.8,0,Manual,9,asset,debit
accounts payable recorded reference 67081,171805.88,0,Bank,4,liability,credit
business travel expense reference 62154,413803.93,0,Excel,9,expense,debit
employee salary payment reference 67806,60924.17,0,Bank,9,expense,debit
sales collection reference 88095,301752.03,0,Bank,5,revenue,credit
security deposit paid reference 87144,354499.62,0,Manual,4,asset,debit
retained earnings transfer reference 40422,369979.92,0,Excel,10,equity,credit
sales revenue from customer invoice reference 61061,414454.4,0,CSV,4,revenue,credit
courier and postage expense reference 49415,214061.53,0,PDF,8,expense,debit
product sales receipt reference 12341,418181.78,1,PDF,3,revenue,credit
courier and postage expense reference 57958,301230.47,0,CSV,2,expense,credit
insurance expense reference 83624,179414.69,0,Excel,12,expense,debit
customer invoice settlement reference 45923,3887.41,0,Excel,11,revenue,credit
client payment for consulting services reference 57658,371287.82,0,PDF,8,revenue,credit
sales revenue from customer invoice reference 25115,366383.96,0,Manual,9,revenue,credit
marketing campaign expense reference 53785,77124.47,0,Excel,10,expense,debit
maintenance and repair expense reference 23857,361924.0,0,Manual,1,expense,debit
equipment acquisition reference 79660,5927.31,0,PDF,4,asset,debit
sales revenue from customer invoice reference 17570,122211.89,0,Manual,8,revenue,credit
purchase of computer equipment reference 13312,489527.33,0,Bank,3,asset,debit
purchase of computer equipment reference 66745,109190.52,0,PDF,2,asset,debit
salary payable recorded reference 92996,124937.06,1,Bank,3,liability,credit
maintenance and repair expense reference 25587,350787.6,0,CSV,1,expense,debit
prepaid insurance reference 72845,78764.19,1,Bank,10,asset,debit
owner withdrawal against equity reference 98730,182649.31,1,Bank,9,equity,credit
loan repayment liability reference 39183,164598.59,0,Excel,6,liability,credit
prepaid insurance reference 19857,426118.76,1,CSV,5,asset,credit
short term borrowing reference 71636,183742.62,0,CSV,1,liability,credit
office supplies purchase reference 41631,101190.64,0,Bank,8,expense,debit
salary payable recorded reference 91099,21808.48,1,CSV,7,liability,credit
tax payable recorded reference 17195,209715.04,0,Excel,2,liability,credit
security deposit paid reference 44473,396362.72,0,PDF,3,asset,debit
inventory purchase for stock reference 45429,162624.06,0,Excel,1,asset,debit
owner capital introduced reference 31116,457637.8,0,CSV,6,equity,credit
share capital contribution reference 20158,13016.73,0,CSV,12,equity,credit
loan repayment liability reference 13673,425652.71,0,PDF,11,liability,credit
software subscription expense reference 85726,265534.54,0,Excel,12,expense,debit
owner investment into business reference 78471,316316.4,0,Bank,7,equity,credit
client payment for consulting services reference 56977,454943.89,0,CSV,1,revenue,credit
software subscription expense reference 64858,411697.6,1,Bank,5,expense,debit
additional equity contribution reference 66147,106552.6,0,Bank,2,equity,credit
prepaid insurance reference 98941,228783.09,1,PDF,11,asset,debit
internet and telecom bill reference 72320,11392.3,0,PDF,5,expense,debit
insurance expense reference 97013,251136.68,0,Manual,4,expense,debit
product sales receipt reference 41746,360369.35,0,Excel,6,revenue,credit
short term borrowing reference 85216,191672.7,1,Manual,2,liability,credit
supplier payable created reference 90645,292250.65,0,PDF,4,liability,credit
prepaid insurance reference 23880,324878.95,0,CSV,10,asset,debit
client payment for consulting services reference 30118,84610.63,0,Manual,5,revenue,credit
subscription revenue reference 93310,101073.49,0,Excel,1,revenue,debit
internet and telecom bill reference 77819,482020.83,1,PDF,2,expense,debit
subscription revenue reference 42066,189777.74,0,CSV,1,revenue,credit
maintenance and repair expense reference 76192,60508.54,0,Manual,3,expense,debit
business travel expense reference 80965,298218.92,1,Excel,8,expense,debit
additional equity contribution reference 82918,187542.75,0,Bank,5,equity,credit
service revenue received reference 24287,79956.34,0,Excel,3,revenue,credit
purchase of office laptop reference 55610,321864.81,0,Excel,2,asset,debit
maintenance and repair expense reference 23702,409982.28,0,Excel,5,expense,debit
software subscription expense reference 31403,344194.83,0,Manual,2,expense,debit
insurance expense reference 90603,51622.25,0,Bank,7,expense,debit
tax payable recorded reference 62264,278690.8,0,CSV,8,liability,credit
owner withdrawal against equity reference 23535,382998.34,0,PDF,6,equity,credit
equipment acquisition reference 63945,141438.79,1,Excel,6,asset,debit
product sales receipt reference 86977,125136.56,0,PDF,12,revenue,credit
subscription revenue reference 64827,480030.16,0,Manual,5,revenue,credit
office supplies purchase reference 79875,437684.58,0,Manual,12,expense,debit
security deposit paid reference 34283,101502.47,1,Bank,4,asset,credit
office electricity bill reference 26360,47421.62,0,Manual,3,expense,debit
owner capital introduced reference 11521,240434.5,1,Excel,8,equity,credit
customer invoice settlement reference 41936,428789.88,0,CSV,9,revenue,credit
sales collection reference 72482,290767.75,1,Manual,10,revenue,credit
shareholder contribution reference 10220,29354.7,1,CSV,3,equity,debit
consulting income received reference 12893,285206.46,1,Bank,12,revenue,credit
client payment for consulting services reference 64853,71863.37,0,Excel,3,revenue,credit
business loan received reference 66117,106668.63,0,Bank,3,liability,credit
supplier payable created reference 69425,188727.06,0,CSV,5,liability,credit
purchase of computer equipment reference 47582,299940.89,0,Excel,4,asset,debit
gst payable recorded reference 70848,446566.66,0,Excel,9,liability,debit
tax payable recorded reference 47156,272860.49,0,Manual,12,liability,credit
office furniture purchase reference 15827,498574.47,0,PDF,9,asset,debit
office furniture purchase reference 85307,246968.92,1,CSV,4,asset,debit
gst payable recorded reference 16258,351637.53,0,Bank,6,liability,credit
tax payable recorded reference 88420,350436.72,0,Manual,8,liability,credit
product sales receipt reference 76923,12058.48,0,Manual,5,revenue,credit
subscription revenue reference 93967,442340.23,0,CSV,4,revenue,credit
client payment for consulting services reference 32545,482179.88,0,CSV,1,revenue,credit
owner withdrawal against equity reference 66924,475455.58,0,Excel,12,equity,credit
internet and telecom bill reference 50897,397711.86,1,Excel,1,expense,debit
sales revenue from customer invoice reference 12854,212182.82,0,Manual,3,revenue,credit
monthly office rent reference 54346,212287.56,0,PDF,4,expense,debit
shareholder contribution reference 72167,201128.22,0,PDF,1,equity,credit
product sales receipt reference 27303,317275.85,1,Bank,2,revenue,debit
gst payable recorded reference 67163,385850.75,0,PDF,7,liability,debit
salary payable recorded reference 26918,202920.96,0,Bank,7,liability,credit
vehicle purchase for business reference 54563,20344.31,1,CSV,8,asset,debit
loan repayment liability reference 41976,178499.18,0,Excel,3,liability,credit
additional equity contribution reference 34048,279659.8,0,PDF,4,equity,credit
customer invoice settlement reference 16194,417294.16,0,Excel,11,revenue,credit
owner capital introduced reference 81529,82039.76,0,Excel,10,equity,credit
capital introduced by shareholder reference 53128,432886.7,0,Excel,4,equity,credit
office electricity bill reference 89611,300102.36,0,PDF,6,expense,debit
customer invoice settlement reference 20748,346030.14,0,PDF,5,revenue,debit
client payment for consulting services reference 55646,218776.15,0,Manual,3,revenue,credit
subscription revenue reference 64968,276993.65,0,PDF,9,revenue,credit
purchase of computer equipment reference 90598,373669.63,0,PDF,2,asset,credit
owner withdrawal against equity reference 79260,467623.28,0,PDF,8,equity,credit
sales revenue from customer invoice reference 10671,425895.09,1,PDF,7,revenue,credit
owner investment into business reference 92278,113642.42,0,PDF,1,equity,credit
consulting income received reference 20836,327396.63,0,CSV,9,revenue,credit
courier and postage expense reference 96656,148094.08,0,PDF,8,expense,debit
owner investment into business reference 18693,286138.82,1,CSV,2,equity,credit
shareholder contribution reference 46659,102616.04,0,CSV,4,equity,credit
supplier payable created reference 84988,389822.32,0,Bank,12,liability,credit
office furniture purchase reference 34637,415124.04,0,PDF,10,asset,debit
professional fees reference 98146,158322.93,1,Manual,2,expense,debit
consulting income received reference 49929,125153.81,0,Excel,9,revenue,credit
insurance expense reference 53559,194766.09,0,PDF,8,expense,debit
vendor credit purchase reference 21425,152938.43,0,Excel,8,liability,credit
sales collection reference 63597,51256.91,0,Bank,8,revenue,credit
prepaid insurance reference 51731,314665.61,0,Excel,6,asset,debit
short term borrowing reference 84665,214004.1,0,CSV,1,liability,credit
maintenance and repair expense reference 79969,161983.12,0,Excel,8,expense,debit
capital introduced by shareholder reference 97237,476582.51,0,Manual,7,equity,credit
office furniture purchase reference 41453,455020.51,0,Manual,7,asset,debit
customer invoice settlement reference 74039,75651.78,1,CSV,2,revenue,credit
loan repayment liability reference 41006,90161.1,1,Manual,12,liability,credit
inventory purchase for stock reference 62586,61724.94,0,Bank,8,asset,debit
maintenance and repair expense reference 86993,391277.57,0,Bank,1,expense,debit
additional equity contribution reference 53022,218262.97,0,Bank,10,equity,credit
internet and telecom bill reference 83560,282484.41,0,Manual,9,expense,debit
software subscription expense reference 21247,305942.62,0,PDF,2,expense,debit
tax payable recorded reference 52301,359742.15,0,PDF,12,liability,credit
business travel expense reference 80039,182488.67,0,Manual,3,expense,debit
maintenance and repair expense reference 62581,343167.64,0,PDF,11,expense,debit
capital introduced by shareholder reference 86912,99242.3,0,Bank,2,equity,credit
product sales receipt reference 47007,333864.75,0,PDF,10,revenue,credit
retained earnings transfer reference 58018,57712.29,0,Excel,12,equity,credit
purchase of office laptop reference 73718,340923.71,0,Excel,1,asset,debit
supplier payable created reference 11885,159626.81,0,PDF,12,liability,credit
consulting income received reference 98581,182710.98,0,PDF,6,revenue,credit
accounts receivable created reference 36796,439070.86,0,Bank,11,asset,debit
business loan received reference 26231,46497.81,0,Excel,2,liability,credit
share capital contribution reference 44983,25490.06,0,PDF,11,equity,credit
owner capital introduced reference 25996,14296.14,0,Bank,8,equity,credit
short term borrowing reference 19134,56470.22,0,Manual,8,liability,credit
client payment for consulting services reference 45285,120843.09,0,Bank,4,revenue,credit
supplier payable created reference 30964,60264.84,0,CSV,7,liability,credit
capital introduced by shareholder reference 63717,76004.09,1,Bank,6,equity,credit
capital introduced by shareholder reference 80479,443210.1,0,Manual,8,equity,debit
employee salary payment reference 17374,319120.56,0,CSV,11,expense,debit
office supplies purchase reference 75208,471460.13,0,Manual,5,expense,debit
maintenance and repair expense reference 58317,288792.16,0,PDF,5,expense,debit
professional fees reference 67084,434009.88,0,PDF,3,expense,debit
accounts receivable created reference 63564,363749.39,1,PDF,5,asset,debit
service revenue received reference 37222,473794.03,0,PDF,9,revenue,credit
owner withdrawal against equity reference 29580,110413.53,0,PDF,10,equity,credit
subscription revenue reference 91340,82875.25,0,CSV,10,revenue,credit
capital introduced by shareholder reference 39469,100707.92,0,Excel,5,equity,credit
insurance expense reference 88781,429927.25,0,PDF,3,expense,debit
software subscription expense reference 75421,89171.75,0,Manual,12,expense,debit
customer invoice settlement reference 25766,179162.47,0,Manual,2,revenue,credit
service revenue received reference 63441,235687.32,0,CSV,8,revenue,credit
loan repayment liability reference 64269,168182.58,0,Bank,10,liability,credit
subscription revenue reference 91282,115054.94,0,CSV,7,revenue,credit
internet and telecom bill reference 32243,278985.28,0,Excel,9,expense,debit
monthly office rent reference 75305,844.74,0,Manual,5,expense,debit
office furniture purchase reference 65906,218988.79,0,CSV,1,asset,debit
accounts receivable created reference 59049,207178.82,0,PDF,1,asset,debit
owner withdrawal against equity reference 60231,420237.09,0,CSV,8,equity,credit
insurance expense reference 29373,276966.64,0,Manual,9,expense,debit
inventory purchase for stock reference 23500,499596.13,0,Manual,1,asset,debit
purchase of office laptop reference 32625,150142.53,0,CSV,12,asset,debit
sales revenue from customer invoice reference 36223,142636.04,0,PDF,10,revenue,credit
salary payable recorded reference 93662,368804.87,0,CSV,6,liability,credit
share capital contribution reference 18751,41131.02,1,Excel,8,equity,credit
vendor credit purchase reference 14514,340188.97,1,Manual,9,liability,credit
sales collection reference 28250,330163.13,0,Bank,8,revenue,debit
purchase of machinery reference 44341,186241.63,0,Manual,5,asset,debit
equipment acquisition reference 40504,167610.33,0,CSV,1,asset,debit
internet and telecom bill reference 87306,295206.58,0,CSV,12,expense,credit
office supplies purchase reference 11755,293618.13,0,PDF,3,expense,debit
owner investment into business reference 99373,40691.22,0,PDF,3,equity,credit
internet and telecom bill reference 29351,3857.75,0,CSV,11,expense,debit
salary payable recorded reference 40749,145651.01,0,PDF,10,liability,credit
owner capital introduced reference 47204,397828.89,0,CSV,9,equity,credit
share capital contribution reference 71750,196146.14,0,Bank,8,equity,credit
shareholder contribution reference 66431,267564.5,0,CSV,10,equity,credit
loan repayment liability reference 39555,12464.02,0,PDF,9,liability,debit
marketing campaign expense reference 57871,391456.53,0,PDF,2,expense,debit
owner investment into business reference 29234,488196.2,0,Manual,12,equity,credit
security deposit paid reference 42210,58589.27,1,Manual,6,asset,debit
prepaid insurance reference 75297,307083.23,0,Manual,3,asset,debit
sales collection reference 82556,85585.43,0,CSV,6,revenue,credit
short term borrowing reference 55110,329938.82,0,PDF,6,liability,credit
owner investment into business reference 79173,347636.12,0,PDF,4,equity,credit
supplier payable created reference 66419,136417.46,0,CSV,9,liability,credit
client payment for consulting services reference 94227,418819.13,1,CSV,1,revenue,credit
marketing campaign expense reference 17205,444154.5,0,Bank,1,expense,credit
software subscription expense reference 70455,396024.33,0,CSV,5,expense,credit
service revenue received reference 61170,456268.17,0,PDF,8,revenue,credit
loan repayment liability reference 63139,297569.06,0,PDF,6,liability,credit
marketing campaign expense reference 39702,476674.04,1,CSV,5,expense,debit
share capital contribution reference 83595,425900.03,1,Bank,10,equity,credit
loan repayment liability reference 92495,189400.44,0,Manual,9,liability,credit
salary payable recorded reference 82301,136851.01,0,CSV,12,liability,debit
purchase of machinery reference 67620,419550.56,0,CSV,4,asset,debit
salary payable recorded reference 65042,361936.7,0,Bank,12,liability,debit
shareholder contribution reference 26744,32189.04,0,PDF,7,equity,credit
additional equity contribution reference 28811,481976.97,0,Bank,9,equity,debit
vendor credit purchase reference 65881,267701.0,0,CSV,4,liability,credit
loan repayment liability reference 27218,499000.54,1,Bank,7,liability,credit
sales collection reference 81526,418939.57,0,PDF,4,revenue,credit
business loan received reference 98106,64327.56,0,Excel,2,liability,credit
purchase of machinery reference 41561,233690.16,0,Manual,4,asset,debit
owner capital introduced reference 43057,197055.55,0,CSV,6,equity,credit
shareholder contribution reference 37774,425139.2,0,Manual,8,equity,credit
software subscription expense reference 65063,307526.02,1,PDF,3,expense,debit
business loan received reference 72439,104234.48,1,Bank,5,liability,credit
capital introduced by shareholder reference 98071,222827.07,0,PDF,11,equity,credit
accounts receivable created reference 18081,302941.87,0,CSV,3,asset,debit
software subscription expense reference 32508,487425.36,1,Manual,1,expense,credit
sales revenue from customer invoice reference 52949,144460.09,0,Bank,5,revenue,credit
marketing campaign expense reference 75980,476258.25,0,CSV,2,expense,debit
prepaid insurance reference 50189,406021.85,0,CSV,6,asset,debit
short term borrowing reference 91629,394147.03,1,Manual,11,liability,credit
accounts payable recorded reference 64702,484450.1,0,PDF,11,liability,credit
loan repayment liability reference 22124,100158.1,0,Bank,6,liability,credit
service revenue received reference 31674,71939.43,0,Manual,3,revenue,credit
subscription revenue reference 20631,237929.06,0,Excel,2,revenue,credit
capital introduced by shareholder reference 95602,291956.52,0,Manual,7,equity,credit
vendor credit purchase reference 25230,367359.69,1,CSV,10,liability,credit
accounts receivable created reference 67375,185502.08,0,Bank,9,asset,debit
inventory purchase for stock reference 58017,102588.3,1,PDF,9,asset,debit
vehicle purchase for business reference 12793,412119.83,0,Manual,11,asset,debit
monthly office rent reference 95371,59848.88,0,Bank,6,expense,debit
shareholder contribution reference 72822,417745.78,0,Bank,9,equity,credit
salary payable recorded reference 81638,400930.02,0,Excel,11,liability,credit
office supplies purchase reference 17687,63461.81,0,Manual,1,expense,debit
business travel expense reference 25497,36346.99,0,CSV,8,expense,debit
employee salary payment reference 26329,291680.89,0,CSV,5,expense,debit
share capital contribution reference 72164,328593.81,0,CSV,2,equity,credit
business loan received reference 65035,310674.04,0,Manual,4,liability,credit
purchase of office laptop reference 20985,489269.41,0,Manual,4,asset,debit
additional equity contribution reference 10143,116905.82,1,Manual,10,equity,credit
inventory purchase for stock reference 39713,103613.69,0,Bank,6,asset,debit
retained earnings transfer reference 45940,466569.93,1,Bank,8,equity,credit
retained earnings transfer reference 55844,64965.98,0,Bank,2,equity,credit
loan repayment liability reference 58299,238058.08,0,PDF,7,liability,credit
gst payable recorded reference 15989,41604.07,0,PDF,2,liability,credit
loan repayment liability reference 43968,13167.53,0,CSV,10,liability,credit
business travel expense reference 32977,118339.92,0,Bank,10,expense,debit
security deposit paid reference 28036,362149.13,0,PDF,5,asset,debit
sales revenue from customer invoice reference 27270,17013.07,0,PDF,1,revenue,credit
capital introduced by shareholder reference 61704,64506.33,0,Bank,9,equity,credit
gst payable recorded reference 65780,358616.45,0,PDF,11,liability,credit
supplier payable created reference 87761,409831.57,1,Excel,10,liability,credit
product sales receipt reference 17783,317274.52,0,CSV,1,revenue,credit
employee salary payment reference 88591,291177.6,0,PDF,10,expense,debit
office furniture purchase reference 83503,160339.17,0,Bank,3,asset,credit
tax payable recorded reference 25137,187444.66,0,Excel,1,liability,credit
loan repayment liability reference 53968,113836.05,0,PDF,5,liability,credit
equipment acquisition reference 18541,362565.19,1,PDF,1,asset,debit
prepaid insurance reference 52495,173655.2,1,Excel,8,asset,debit
additional equity contribution reference 72051,166396.2,0,Excel,8,equity,credit
accounts receivable created reference 34563,141728.4,0,PDF,2,asset,debit
office supplies purchase reference 62603,145838.11,0,Excel,3,expense,credit
insurance expense reference 46684,411262.92,1,Bank,7,expense,debit
customer invoice settlement reference 92371,153519.95,1,Bank,12,revenue,credit
supplier payable created reference 99652,378113.39,0,CSV,1,liability,credit
client payment for consulting services reference 50602,394884.32,1,CSV,4,revenue,credit
owner investment into business reference 21014,367400.13,0,Bank,2,equity,credit
vehicle purchase for business reference 62780,121924.71,0,PDF,5,asset,debit
short term borrowing reference 41588,464757.29,0,CSV,10,liability,credit
retained earnings transfer reference 40440,472655.31,0,PDF,4,equity,credit
office furniture purchase reference 77926,12702.6,1,Excel,3,asset,debit
insurance expense reference 70993,171402.04,0,CSV,5,expense,debit
professional fees reference 70427,437698.91,0,Bank,6,expense,debit
tax payable recorded reference 40948,229172.7,0,Bank,2,liability,credit
share capital contribution reference 37092,480877.68,0,Manual,8,equity,credit
supplier payable created reference 51818,300546.22,0,Manual,10,liability,credit
accounts payable recorded reference 89654,109976.81,0,Manual,2,liability,credit
sales revenue from customer invoice reference 37300,86925.45,0,Bank,1,revenue,credit
internet and telecom bill reference 91417,352146.56,1,PDF,4,expense,debit
tax payable recorded reference 80600,303916.34,0,Manual,5,liability,credit
short term borrowing reference 72845,159178.56,1,Bank,12,liability,credit
maintenance and repair expense reference 38331,105302.46,0,CSV,1,expense,debit
owner capital introduced reference 81109,63019.08,1,Bank,7,equity,credit
employee salary payment reference 42507,83050.28,0,Excel,5,expense,debit
owner capital introduced reference 77186,135885.67,1,PDF,10,equity,credit
business travel expense reference 90245,250798.48,1,Bank,3,expense,debit
courier and postage expense reference 19523,428572.86,0,PDF,11,expense,debit
retained earnings transfer reference 62791,355853.44,1,CSV,3,equity,credit
additional equity contribution reference 82083,447010.36,0,Manual,8,equity,credit
insurance expense reference 89633,354112.25,0,Manual,3,expense,debit
supplier payable created reference 10091,303448.34,0,CSV,9,liability,credit
internet and telecom bill reference 47348,426043.83,0,Excel,9,expense,debit
prepaid insurance reference 81205,422541.46,1,Excel,5,asset,credit
gst payable recorded reference 90346,103694.15,0,Bank,10,liability,credit
consulting income received reference 54701,283393.51,1,Manual,4,revenue,credit
employee salary payment reference 63592,320025.52,0,Manual,5,expense,debit
security deposit paid reference 36692,316716.78,1,CSV,1,asset,debit
software subscription expense reference 87780,393884.04,0,Excel,9,expense,debit
share capital contribution reference 59360,248795.55,1,Excel,6,equity,credit
vendor credit purchase reference 95685,195177.77,0,Excel,6,liability,credit
purchase of machinery reference 16970,306787.56,0,CSV,4,asset,credit
accounts payable recorded reference 22564,435318.96,0,PDF,8,liability,credit
internet and telecom bill reference 77269,256677.17,0,Excel,2,expense,debit
owner withdrawal against equity reference 90009,379216.81,0,Bank,3,equity,credit
office supplies purchase reference 53395,384725.71,0,CSV,3,expense,debit
vehicle purchase for business reference 70154,4199.14,0,Manual,7,asset,debit
purchase of computer equipment reference 63951,394105.97,0,CSV,4,asset,debit
maintenance and repair expense reference 99879,366017.95,0,Excel,11,expense,debit
accounts receivable created reference 26312,88805.07,0,Bank,5,asset,debit
professional fees reference 59746,119039.14,0,Manual,5,expense,debit
professional fees reference 11360,79518.16,1,PDF,2,expense,debit
accounts payable recorded reference 72001,73187.21,0,Manual,9,liability,credit
office electricity bill reference 47570,251187.85,0,Bank,8,expense,debit
additional equity contribution reference 92142,277485.1,1,Manual,8,equity,credit
office supplies purchase reference 21369,115162.19,0,Bank,10,expense,debit
supplier payable created reference 62557,178401.44,0,Bank,8,liability,credit
accounts payable recorded reference 90618,138279.02,0,Excel,7,liability,credit
internet and telecom bill reference 37765,495551.18,1,Bank,7,expense,debit
sales collection reference 82132,119657.13,0,CSV,1,revenue,credit
accounts receivable created reference 75452,213077.82,1,Excel,11,asset,credit
maintenance and repair expense reference 84940,436220.27,0,Manual,12,expense,debit
business travel expense reference 10365,10599.94,0,Manual,2,expense,debit
software subscription expense reference 52754,153113.33,0,Manual,10,expense,debit
owner withdrawal against equity reference 36202,107606.22,0,Excel,6,equity,credit
inventory purchase for stock reference 86339,389063.16,0,CSV,1,asset,debit
prepaid insurance reference 26986,215822.46,0,PDF,4,asset,debit
accounts receivable created reference 83717,411851.34,0,PDF,11,asset,debit
marketing campaign expense reference 69436,18584.3,0,Manual,2,expense,debit
tax payable recorded reference 57460,308856.15,0,Excel,8,liability,credit
professional fees reference 62543,260262.77,0,Manual,4,expense,debit
owner capital introduced reference 50408,424081.87,0,Manual,5,equity,credit
shareholder contribution reference 55709,255006.7,1,Excel,10,equity,credit
professional fees reference 55661,96177.9,0,Excel,5,expense,debit
consulting income received reference 92197,44822.88,0,Manual,12,revenue,debit
security deposit paid reference 66770,335021.51,1,Manual,1,asset,debit
accounts payable recorded reference 39856,353791.8,0,Manual,1,liability,debit
office electricity bill reference 81743,225492.67,0,Manual,1,expense,debit
client payment for consulting services reference 10096,106532.43,0,PDF,8,revenue,credit
equipment acquisition reference 55800,433345.77,0,Excel,3,asset,credit
equipment acquisition reference 98674,422260.32,0,Manual,9,asset,debit
share capital contribution reference 25287,85316.33,0,Bank,2,equity,credit
monthly office rent reference 95343,165528.37,0,Excel,5,expense,debit
tax payable recorded reference 21799,190288.6,0,PDF,2,liability,credit
short term borrowing reference 79075,469951.95,0,CSV,4,liability,credit
tax payable recorded reference 57399,125383.68,0,PDF,11,liability,credit
accounts payable recorded reference 61745,458134.67,1,Bank,11,liability,credit
vendor credit purchase reference 99461,196824.62,1,Bank,1,liability,credit
purchase of office laptop reference 99757,224106.44,1,CSV,6,asset,debit
business travel expense reference 24142,198196.35,0,CSV,3,expense,debit
client payment for consulting services reference 44133,93779.74,1,Bank,3,revenue,credit
client payment for consulting services reference 95466,383133.69,0,PDF,7,revenue,credit
additional equity contribution reference 42240,3847.6,0,CSV,4,equity,credit
office furniture purchase reference 12328,371126.54,0,Excel,2,asset,debit
sales revenue from customer invoice reference 25274,398387.58,0,Excel,2,revenue,credit
shareholder contribution reference 47401,288396.89,0,Excel,7,equity,credit
equipment acquisition reference 76788,216447.16,0,PDF,9,asset,credit
owner investment into business reference 41530,191433.63,1,CSV,12,equity,credit
short term borrowing reference 90239,458832.39,0,Excel,2,liability,credit
salary payable recorded reference 72444,473619.29,0,Manual,4,liability,credit
consulting income received reference 28402,148395.92,0,CSV,4,revenue,credit
service revenue received reference 94795,125673.97,0,Excel,9,revenue,credit
share capital contribution reference 33899,61148.51,1,PDF,10,equity,credit
gst payable recorded reference 74917,369851.23,0,Manual,6,liability,credit
owner capital introduced reference 13240,64848.6,0,CSV,5,equity,credit
courier and postage expense reference 62153,310827.78,0,Manual,6,expense,debit
purchase of office laptop reference 58734,37324.79,0,Excel,2,asset,debit
purchase of machinery reference 80836,392882.7,0,CSV,10,asset,credit
customer invoice settlement reference 68943,219361.88,0,PDF,3,revenue,credit
office supplies purchase reference 19108,211929.41,0,CSV,4,expense,debit
business travel expense reference 16416,339007.97,0,CSV,9,expense,debit
software subscription expense reference 26288,123252.7,0,Manual,2,expense,debit
owner capital introduced reference 88978,301582.9,0,CSV,9,equity,credit
insurance expense reference 61622,78159.57,0,Excel,11,expense,debit
sales collection reference 88567,339686.25,1,CSV,8,revenue,credit
internet and telecom bill reference 33559,460674.65,0,CSV,2,expense,debit
gst payable recorded reference 95134,36027.5,0,CSV,6,liability,credit
product sales receipt reference 72841,192589.75,0,Manual,9,revenue,credit
purchase of machinery reference 31309,262303.11,1,CSV,10,asset,debit
shareholder contribution reference 38818,275811.35,0,PDF,10,equity,credit
supplier payable created reference 54071,227914.28,1,Bank,4,liability,credit
capital introduced by shareholder reference 66908,311179.47,0,PDF,3,equity,credit
shareholder contribution reference 98540,443503.54,0,Excel,2,equity,credit
business loan received reference 29337,242308.91,0,Excel,12,liability,credit
additional equity contribution reference 44146,268482.99,0,Bank,2,equity,debit
gst payable recorded reference 50253,390782.47,0,Excel,2,liability,credit
employee salary payment reference 81549,26292.99,0,Manual,1,expense,debit
maintenance and repair expense reference 76249,40639.38,0,Excel,11,expense,debit
accounts receivable created reference 62866,52373.96,0,Excel,9,asset,debit
accounts receivable created reference 31208,214073.95,0,PDF,6,asset,debit
gst payable recorded reference 46728,262045.86,0,Bank,10,liability,debit
internet and telecom bill reference 66526,33590.11,0,Excel,4,expense,credit
loan repayment liability reference 97076,205588.35,0,Excel,1,liability,credit
employee salary payment reference 85696,288471.13,0,CSV,4,expense,debit
owner investment into business reference 95317,338100.94,0,Bank,12,equity,credit
retained earnings transfer reference 67521,272321.89,0,Manual,10,equity,credit
capital introduced by shareholder reference 98879,257973.11,0,CSV,9,equity,credit
sales revenue from customer invoice reference 11729,87538.3,0,PDF,7,revenue,credit
inventory purchase for stock reference 24516,307049.23,0,Manual,9,asset,debit
shareholder contribution reference 64709,363772.08,0,Manual,3,equity,credit
office furniture purchase reference 56936,45865.62,0,CSV,7,asset,debit
office supplies purchase reference 85305,483223.57,1,Bank,3,expense,debit
service revenue received reference 74970,468702.99,0,Bank,1,revenue,credit
tax payable recorded reference 81164,218816.16,0,PDF,8,liability,credit
office supplies purchase reference 71067,79803.67,0,Manual,11,expense,debit
accounts receivable created reference 30742,379486.18,0,Manual,5,asset,debit
owner investment into business reference 70315,248002.96,0,Excel,9,equity,credit
salary payable recorded reference 70103,369259.69,0,PDF,7,liability,credit
consulting income received reference 22771,130089.55,0,Manual,9,revenue,credit
sales collection reference 67045,285772.49,0,Manual,3,revenue,credit
client payment for consulting services reference 38999,272501.93,0,Excel,8,revenue,credit
accounts payable recorded reference 75756,34526.9,1,Bank,6,liability,credit
retained earnings transfer reference 97520,478760.87,1,Manual,10,equity,credit
client payment for consulting services reference 69159,360247.91,0,CSV,10,revenue,credit
owner investment into business reference 85033,401067.65,0,PDF,4,equity,credit
office electricity bill reference 49443,56846.07,0,Excel,1,expense,debit
prepaid insurance reference 86937,232359.16,0,Manual,4,asset,debit
purchase of computer equipment reference 34851,200767.09,0,Bank,10,asset,debit
office electricity bill reference 55793,274621.08,0,Excel,12,expense,debit
shareholder contribution reference 99520,467294.24,0,Excel,5,equity,credit
accounts payable recorded reference 51195,207617.73,0,CSV,7,liability,debit
security deposit paid reference 66907,321575.75,1,Manual,5,asset,debit
service revenue received reference 54458,165265.68,1,PDF,2,revenue,credit
professional fees reference 18431,405165.75,0,Excel,8,expense,debit
monthly office rent reference 73177,302434.73,0,PDF,7,expense,debit
monthly office rent reference 11811,246705.1,0,Bank,11,expense,debit
purchase of machinery reference 58603,26902.76,0,Manual,8,asset,debit
retained earnings transfer reference 63587,308831.74,0,CSV,5,equity,credit
customer invoice settlement reference 41629,471062.83,0,PDF,4,revenue,credit
owner capital introduced reference 42402,413983.75,0,PDF,7,equity,credit
retained earnings transfer reference 27373,50808.77,1,CSV,7,equity,credit
office electricity bill reference 10826,115281.09,1,PDF,10,expense,debit
marketing campaign expense reference 15211,82889.64,0,Bank,8,expense,debit
purchase of machinery reference 99371,381519.98,0,CSV,3,asset,debit
service revenue received reference 53281,110828.98,0,PDF,11,revenue,credit
maintenance and repair expense reference 95316,265132.73,0,Bank,4,expense,debit
service revenue received reference 37460,180647.75,0,Bank,10,revenue,debit
supplier payable created reference 13482,298049.43,1,Bank,3,liability,credit
retained earnings transfer reference 79163,149095.67,0,CSV,2,equity,credit
short term borrowing reference 46462,341166.04,0,CSV,10,liability,credit
accounts payable recorded reference 17146,403779.43,0,Excel,6,liability,credit
inventory purchase for stock reference 64992,259249.42,0,CSV,6,asset,debit
service revenue received reference 65791,348514.11,0,Manual,2,revenue,debit
capital introduced by shareholder reference 35778,284681.48,0,CSV,7,equity,credit
capital introduced by shareholder reference 75116,23441.85,1,PDF,5,equity,credit
product sales receipt reference 19102,268824.98,0,PDF,4,revenue,credit
marketing campaign expense reference 99893,164991.54,0,Bank,2,expense,debit
tax payable recorded reference 19594,139089.18,0,Excel,3,liability,credit
supplier payable created reference 56503,271661.78,1,Manual,1,liability,credit
share capital contribution reference 62498,471073.58,1,Excel,6,equity,credit
share capital contribution reference 11351,184656.06,0,Excel,4,equity,credit
courier and postage expense reference 25995,259322.83,0,Excel,7,expense,debit
service revenue received reference 32786,15512.26,1,Bank,12,revenue,credit
office furniture purchase reference 97460,335652.69,0,Bank,1,asset,debit
customer invoice settlement reference 77310,177723.56,1,Manual,4,revenue,credit
retained earnings transfer reference 31794,208373.57,0,Excel,2,equity,credit
office supplies purchase reference 21409,163393.64,1,CSV,2,expense,debit
courier and postage expense reference 16887,107441.05,0,Bank,2,expense,debit
loan repayment liability reference 35059,177509.87,0,CSV,2,liability,debit
software subscription expense reference 18501,36198.55,0,Excel,2,expense,debit
additional equity contribution reference 53223,381092.59,1,CSV,12,equity,credit
inventory purchase for stock reference 42749,199262.96,0,CSV,5,asset,debit
owner capital introduced reference 53000,346208.39,0,CSV,1,equity,credit
marketing campaign expense reference 91994,259475.12,0,Bank,7,expense,debit
office furniture purchase reference 77465,452598.09,0,Bank,6,asset,debit
tax payable recorded reference 34617,192855.74,0,Bank,3,liability,credit
business travel expense reference 39437,155571.97,0,Manual,3,expense,debit
customer invoice settlement reference 55485,443166.05,0,Manual,10,revenue,credit
purchase of machinery reference 40373,155822.04,1,CSV,2,asset,debit
product sales receipt reference 99789,434793.83,0,CSV,12,revenue,credit
shareholder contribution reference 68274,446252.51,0,Bank,10,equity,credit
accounts payable recorded reference 62418,89052.39,0,CSV,9,liability,credit
additional equity contribution reference 16257,465576.05,0,PDF,4,equity,credit
software subscription expense reference 80995,41230.83,0,Bank,11,expense,debit
office supplies purchase reference 47418,189190.74,0,Excel,5,expense,debit
internet and telecom bill reference 43633,258010.52,1,CSV,2,expense,debit
inventory purchase for stock reference 95296,119847.92,0,Excel,1,asset,debit
loan repayment liability reference 44700,106871.31,0,CSV,5,liability,credit
client payment for consulting services reference 19696,458047.92,0,CSV,1,revenue,credit
additional equity contribution reference 11987,29881.5,0,CSV,12,equity,debit
owner capital introduced reference 27417,473713.92,0,CSV,12,equity,credit
additional equity contribution reference 69150,324554.47,0,CSV,9,equity,credit
inventory purchase for stock reference 47671,444581.82,0,Bank,7,asset,debit
share capital contribution reference 95390,295152.7,0,Bank,2,equity,credit
purchase of machinery reference 88465,140589.35,0,Manual,5,asset,debit
consulting income received reference 85435,471010.76,1,CSV,10,revenue,credit
marketing campaign expense reference 93684,103036.82,0,CSV,6,expense,debit
monthly office rent reference 44701,260219.83,1,PDF,6,expense,debit
accounts receivable created reference 93051,73576.04,1,PDF,2,asset,debit
additional equity contribution reference 92899,111268.05,0,Manual,10,equity,debit
monthly office rent reference 34737,316430.37,0,Bank,7,expense,debit
office electricity bill reference 75527,322426.94,0,CSV,5,expense,debit
supplier payable created reference 62220,101179.93,0,Excel,8,liability,credit
owner capital introduced reference 57964,455561.19,0,Excel,6,equity,credit
retained earnings transfer reference 66664,339343.47,0,Manual,6,equity,credit
gst payable recorded reference 96083,493731.89,0,Bank,7,liability,credit
supplier payable created reference 63071,448878.84,1,Bank,12,liability,credit
office electricity bill reference 54159,460510.64,0,CSV,12,expense,debit
shareholder contribution reference 86303,60353.61,0,PDF,3,equity,debit
courier and postage expense reference 73949,435522.33,1,CSV,3,expense,credit
salary payable recorded reference 52951,400414.42,0,PDF,1,liability,credit
business travel expense reference 34786,441368.58,0,CSV,3,expense,debit
insurance expense reference 27564,482858.06,1,Excel,6,expense,debit
insurance expense reference 32652,70533.23,0,PDF,3,expense,debit
accounts payable recorded reference 93601,394315.19,1,CSV,11,liability,credit
consulting income received reference 50901,405879.56,1,CSV,1,revenue,credit
sales collection reference 48122,150056.04,1,Excel,1,revenue,credit
inventory purchase for stock reference 76827,47330.55,0,PDF,12,asset,debit
share capital contribution reference 80756,101276.04,0,Manual,3,equity,credit
supplier payable created reference 48705,57214.24,1,CSV,8,liability,credit
business loan received reference 65475,73213.27,0,Manual,11,liability,credit
maintenance and repair expense reference 10395,161101.79,0,PDF,12,expense,debit
owner investment into business reference 53686,324854.45,0,Bank,5,equity,credit
software subscription expense reference 28518,471753.85,1,PDF,2,expense,debit
short term borrowing reference 85816,433264.57,0,PDF,5,liability,credit
capital introduced by shareholder reference 67413,70609.88,1,PDF,4,equity,credit
sales revenue from customer invoice reference 90342,18634.69,0,Bank,2,revenue,credit
loan repayment liability reference 39858,340019.35,1,Excel,11,liability,credit
accounts payable recorded reference 38726,326055.74,0,Excel,4,liability,credit
monthly office rent reference 80813,2038.47,0,PDF,4,expense,credit
subscription revenue reference 21388,409349.44,0,PDF,1,revenue,credit
owner capital introduced reference 36224,94710.91,0,Manual,10,equity,credit
owner investment into business reference 34455,165890.55,0,Excel,9,equity,credit
owner capital introduced reference 18998,415342.82,0,PDF,6,equity,credit
inventory purchase for stock reference 15688,258921.0,0,Manual,6,asset,credit
retained earnings transfer reference 77108,198305.68,1,Manual,10,equity,debit
employee salary payment reference 42933,26592.13,1,PDF,8,expense,debit
vendor credit purchase reference 35296,484579.84,0,CSV,3,liability,credit
sales collection reference 98324,60255.41,0,Excel,5,revenue,credit
office supplies purchase reference 78043,292048.95,1,CSV,1,expense,debit
prepaid insurance reference 75274,7784.49,1,Manual,3,asset,debit
vendor credit purchase reference 36872,351942.79,0,Manual,9,liability,credit
subscription revenue reference 55691,229192.18,0,PDF,11,revenue,credit
retained earnings transfer reference 45607,217977.99,1,PDF,9,equity,credit
marketing campaign expense reference 84068,315493.84,0,CSV,8,expense,debit
shareholder contribution reference 82293,301550.94,0,CSV,5,equity,credit
product sales receipt reference 56990,356518.47,0,PDF,5,revenue,credit
purchase of computer equipment reference 61556,210336.4,0,Manual,12,asset,debit
customer invoice settlement reference 50719,36759.42,0,PDF,2,revenue,credit
business loan received reference 86113,127817.68,0,PDF,9,liability,credit
capital introduced by shareholder reference 41228,229427.13,0,PDF,4,equity,credit
maintenance and repair expense reference 72461,237175.51,0,Bank,5,expense,debit
product sales receipt reference 70172,200405.9,0,CSV,7,revenue,credit
purchase of office laptop reference 91282,272246.19,0,CSV,9,asset,debit
prepaid insurance reference 68519,73426.15,1,Bank,11,asset,debit
business loan received reference 12788,407086.94,0,PDF,10,liability,credit
sales collection reference 31422,135359.37,1,Bank,5,revenue,credit
share capital contribution reference 25569,355853.16,0,Manual,2,equity,credit
tax payable recorded reference 62330,371132.73,0,Bank,10,liability,credit
subscription revenue reference 29252,194017.05,0,Excel,8,revenue,credit
sales collection reference 55077,269845.66,0,PDF,5,revenue,credit
client payment for consulting services reference 66654,422502.49,0,Bank,3,revenue,credit
maintenance and repair expense reference 20420,48708.98,1,Manual,1,expense,debit
marketing campaign expense reference 91108,379845.95,1,Bank,9,expense,credit
business travel expense reference 56388,113121.09,1,Bank,12,expense,debit
office electricity bill reference 21628,462882.87,1,Manual,11,expense,debit
share capital contribution reference 80377,247152.4,0,Excel,5,equity,credit
professional fees reference 97025,121879.48,0,Bank,9,expense,debit
share capital contribution reference 46704,133631.08,0,CSV,1,equity,credit
business travel expense reference 22431,298084.46,0,PDF,12,expense,debit
purchase of computer equipment reference 61903,443559.51,0,Excel,2,asset,debit
office furniture purchase reference 58110,480026.81,0,CSV,7,asset,credit
office supplies purchase reference 71487,466809.05,0,Excel,7,expense,debit
office furniture purchase reference 63971,422799.28,0,PDF,8,asset,debit
sales collection reference 87359,189411.16,0,PDF,3,revenue,credit
insurance expense reference 79215,171632.77,0,Excel,3,expense,debit
owner investment into business reference 62835,254278.58,0,PDF,12,equity,credit
owner capital introduced reference 24780,158891.45,0,Excel,6,equity,credit
prepaid insurance reference 11747,161246.62,0,Manual,3,asset,debit
purchase of computer equipment reference 14153,300648.73,0,PDF,6,asset,debit
owner investment into business reference 96254,327295.03,0,PDF,7,equity,credit
owner investment into business reference 60206,391502.12,0,PDF,10,equity,credit
vehicle purchase for business reference 30776,258948.58,1,Manual,4,asset,debit
loan repayment liability reference 27764,438907.96,0,CSV,1,liability,credit
shareholder contribution reference 71998,200507.76,0,Excel,7,equity,credit
short term borrowing reference 30397,65554.34,0,Excel,2,liability,credit
sales collection reference 89915,149989.55,0,Excel,5,revenue,credit
owner withdrawal against equity reference 21591,243605.33,0,Manual,10,equity,credit
client payment for consulting services reference 66010,161228.42,1,PDF,3,revenue,credit
prepaid insurance reference 37531,201246.82,1,Excel,2,asset,debit
sales revenue from customer invoice reference 93374,300933.03,0,Manual,1,revenue,credit
monthly office rent reference 34820,162058.11,0,Excel,10,expense,debit
tax payable recorded reference 74975,333216.17,0,CSV,1,liability,credit
prepaid insurance reference 16534,221330.44,0,PDF,7,asset,debit
loan repayment liability reference 42498,418889.13,1,Manual,1,liability,credit
office furniture purchase reference 21743,135170.21,0,CSV,5,asset,debit
courier and postage expense reference 24104,278653.96,1,Excel,5,expense,debit
retained earnings transfer reference 71223,298871.36,1,Bank,10,equity,credit
vehicle purchase for business reference 37117,204446.15,0,Manual,9,asset,debit
accounts receivable created reference 18628,360949.04,0,Excel,5,asset,debit
retained earnings transfer reference 29867,188810.69,0,Excel,1,equity,credit
purchase of office laptop reference 48569,416771.07,0,PDF,7,asset,debit
consulting income received reference 62520,128228.02,1,Bank,10,revenue,credit
equipment acquisition reference 45654,115530.13,1,Bank,7,asset,debit
accounts receivable created reference 57119,407140.26,0,Manual,4,asset,debit
marketing campaign expense reference 69980,459292.43,0,PDF,12,expense,debit
purchase of computer equipment reference 58330,384388.4,0,CSV,4,asset,debit
loan repayment liability reference 35428,222278.96,0,Bank,8,liability,credit
maintenance and repair expense reference 10049,271872.89,0,CSV,11,expense,debit
owner investment into business reference 38802,405340.02,1,PDF,9,equity,credit
purchase of machinery reference 10850,437411.59,0,PDF,6,asset,debit
product sales receipt reference 45502,369029.88,0,CSV,10,revenue,credit
gst payable recorded reference 94388,162819.14,0,Excel,12,liability,debit
business travel expense reference 47529,289750.33,1,Bank,1,expense,debit
purchase of computer equipment reference 48829,182865.19,0,CSV,12,asset,debit
supplier payable created reference 85327,98793.65,1,Manual,11,liability,credit
office furniture purchase reference 55297,78255.53,0,Bank,9,asset,debit
office electricity bill reference 11029,491224.08,0,Manual,4,expense,debit
salary payable recorded reference 37908,401350.24,0,CSV,12,liability,credit
software subscription expense reference 54698,30415.41,0,PDF,3,expense,debit
office furniture purchase reference 23455,404750.29,0,Manual,11,asset,debit
client payment for consulting services reference 55937,192182.15,0,Manual,8,revenue,credit
vendor credit purchase reference 11869,473024.99,0,CSV,7,liability,debit
sales collection reference 15065,426888.27,0,Excel,7,revenue,credit
owner capital introduced reference 36095,441903.91,0,Manual,7,equity,debit
courier and postage expense reference 82777,125428.33,0,Excel,3,expense,debit
gst payable recorded reference 33801,439079.31,0,Excel,2,liability,credit
employee salary payment reference 60071,106907.88,1,Excel,6,expense,debit
capital introduced by shareholder reference 13175,132342.8,0,Excel,10,equity,credit
software subscription expense reference 91068,275412.57,0,Manual,1,expense,credit
consulting income received reference 40882,420795.21,0,Manual,5,revenue,credit
monthly office rent reference 69369,464654.81,0,Excel,6,expense,credit
product sales receipt reference 19085,382524.07,0,Excel,3,revenue,credit
purchase of machinery reference 54972,268543.58,0,CSV,1,asset,debit
vehicle purchase for business reference 73308,235566.37,0,Excel,1,asset,debit
purchase of machinery reference 90665,117755.7,0,Excel,11,asset,debit
share capital contribution reference 22964,364155.47,0,PDF,12,equity,credit
owner capital introduced reference 60246,175145.87,0,Bank,4,equity,credit
vendor credit purchase reference 77423,296099.87,0,CSV,11,liability,credit
professional fees reference 26603,270520.22,0,Manual,12,expense,credit
accounts payable recorded reference 61225,300943.85,1,PDF,6,liability,credit
shareholder contribution reference 86748,323837.82,0,Excel,12,equity,credit
owner investment into business reference 31238,496111.6,0,Excel,10,equity,credit
owner investment into business reference 76616,20910.01,0,Manual,11,equity,credit
product sales receipt reference 13678,157686.59,0,PDF,11,revenue,credit
courier and postage expense reference 45099,6735.63,1,Bank,2,expense,debit
gst payable recorded reference 72773,272173.72,0,Bank,1,liability,credit
vendor credit purchase reference 45644,462369.11,0,CSV,6,liability,credit
sales collection reference 93089,269868.35,0,Bank,1,revenue,credit
retained earnings transfer reference 78335,97869.62,0,Excel,3,equity,debit
software subscription expense reference 99511,124849.81,1,Excel,4,expense,debit
tax payable recorded reference 72096,47555.51,0,Bank,10,liability,credit
professional fees reference 48411,260422.7,1,CSV,6,expense,debit
additional equity contribution reference 46910,337125.4,0,PDF,8,equity,credit
insurance expense reference 76091,65801.82,0,PDF,12,expense,debit
sales revenue from customer invoice reference 15897,132771.96,0,Excel,12,revenue,credit
owner capital introduced reference 52891,401581.95,1,Bank,10,equity,credit
sales collection reference 30780,189564.04,0,CSV,2,revenue,credit
accounts receivable created reference 42971,117533.29,0,CSV,9,asset,debit
additional equity contribution reference 70208,62238.72,0,Bank,1,equity,credit
purchase of office laptop reference 35058,99036.31,0,Excel,10,asset,debit
office furniture purchase reference 34892,126721.18,1,CSV,7,asset,debit
prepaid insurance reference 33013,48230.25,0,Manual,12,asset,debit
prepaid insurance reference 31561,96348.33,0,Manual,8,asset,debit
security deposit paid reference 84574,389710.69,0,Bank,4,asset,debit
short term borrowing reference 47151,454122.56,0,Bank,7,liability,debit
business travel expense reference 61610,254498.24,0,Excel,3,expense,debit
sales collection reference 14364,96461.06,1,Bank,7,revenue,credit
owner investment into business reference 50046,135758.0,0,Excel,7,equity,credit
accounts receivable created reference 46331,160257.89,0,Excel,9,asset,debit
consulting income received reference 27037,78775.87,1,Excel,8,revenue,credit
capital introduced by shareholder reference 83101,232231.94,0,Bank,7,equity,debit
gst payable recorded reference 82268,207528.55,0,PDF,9,liability,credit
accounts receivable created reference 98469,14417.96,1,Excel,4,asset,debit
client payment for consulting services reference 23155,412419.76,0,Manual,2,revenue,debit
share capital contribution reference 16889,142893.35,1,Bank,5,equity,credit
owner capital introduced reference 73875,390230.14,0,CSV,2,equity,credit
consulting income received reference 41182,10007.56,1,PDF,9,revenue,credit
gst payable recorded reference 86974,8255.82,1,PDF,12,liability,credit
sales revenue from customer invoice reference 37509,107753.61,0,Bank,3,revenue,credit
service revenue received reference 32581,466391.08,0,Manual,4,revenue,credit
additional equity contribution reference 88358,377357.82,0,Manual,4,equity,credit
retained earnings transfer reference 56575,209473.88,1,Bank,5,equity,credit
vendor credit purchase reference 94369,160264.82,1,Manual,3,liability,credit
loan repayment liability reference 14083,130579.83,0,PDF,10,liability,credit
supplier payable created reference 39844,211052.84,0,Excel,5,liability,credit
capital introduced by shareholder reference 17657,163773.71,0,Manual,8,equity,credit
employee salary payment reference 13367,426256.5,0,CSV,1,expense,debit
shareholder contribution reference 22253,28850.44,1,Manual,6,equity,credit
short term borrowing reference 56131,15226.17,0,Excel,1,liability,debit
business travel expense reference 55560,88848.19,0,Bank,10,expense,debit
sales revenue from customer invoice reference 80624,483812.72,0,Bank,2,revenue,credit
retained earnings transfer reference 87555,457033.44,0,CSV,11,equity,credit
owner investment into business reference 63202,422907.42,1,PDF,9,equity,credit
marketing campaign expense reference 37305,65947.41,0,Bank,6,expense,debit
sales collection reference 25092,181671.83,0,CSV,7,revenue,credit
software subscription expense reference 40016,345115.35,0,Excel,7,expense,debit
retained earnings transfer reference 95759,432515.16,1,CSV,6,equity,credit
retained earnings transfer reference 54235,13261.94,0,Bank,8,equity,debit
purchase of computer equipment reference 31456,279001.84,0,Manual,12,asset,debit
employee salary payment reference 62453,489324.42,1,CSV,5,expense,debit
prepaid insurance reference 79185,136388.83,0,Manual,8,asset,debit
sales collection reference 20374,147040.9,0,CSV,6,revenue,credit
sales revenue from customer invoice reference 85580,68468.12,1,Excel,6,revenue,credit
office supplies purchase reference 82209,138216.37,0,Excel,1,expense,debit
monthly office rent reference 65267,27649.77,1,PDF,5,expense,debit
accounts payable recorded reference 58189,125210.29,0,Excel,6,liability,debit
supplier payable created reference 47072,476529.12,1,PDF,9,liability,credit
loan repayment liability reference 91989,282147.9,1,Manual,7,liability,debit
office electricity bill reference 94394,408236.74,0,Manual,12,expense,debit
additional equity contribution reference 28746,241459.53,1,Manual,6,equity,credit
business loan received reference 21908,479702.94,0,PDF,10,liability,credit
sales revenue from customer invoice reference 81136,132528.65,1,Excel,2,revenue,credit
purchase of machinery reference 57860,118986.13,0,PDF,3,asset,debit
accounts payable recorded reference 95692,15068.25,1,Bank,9,liability,credit
purchase of machinery reference 21433,366547.31,0,CSV,4,asset,debit
insurance expense reference 50917,215000.32,0,CSV,3,expense,debit
owner withdrawal against equity reference 34682,119655.31,0,PDF,2,equity,credit
purchase of office laptop reference 13991,330884.98,1,Bank,2,asset,debit
office furniture purchase reference 33347,386417.02,0,PDF,12,asset,debit
customer invoice settlement reference 85785,165435.55,0,PDF,11,revenue,credit
prepaid insurance reference 71934,65637.67,0,Manual,6,asset,debit
owner withdrawal against equity reference 54180,298134.54,0,Excel,9,equity,credit
share capital contribution reference 69279,412285.11,0,Excel,12,equity,credit
courier and postage expense reference 97589,331075.12,1,Excel,9,expense,debit
accounts receivable created reference 45635,212832.34,0,Bank,12,asset,debit
professional fees reference 77100,278734.96,1,Bank,9,expense,debit
share capital contribution reference 57569,328967.51,1,Bank,2,equity,credit
security deposit paid reference 13562,387322.71,0,Bank,11,asset,debit
sales revenue from customer invoice reference 28613,470798.66,1,CSV,11,revenue,credit
gst payable recorded reference 41272,7406.36,0,CSV,1,liability,debit
internet and telecom bill reference 36158,161565.4,0,PDF,3,expense,debit
employee salary payment reference 94256,82382.03,0,Manual,2,expense,debit
salary payable recorded reference 91126,429420.68,0,Manual,4,liability,credit
consulting income received reference 83538,372805.15,0,Manual,12,revenue,credit
tax payable recorded reference 63812,494623.66,0,CSV,6,liability,credit
sales revenue from customer invoice reference 93708,251455.29,0,Manual,4,revenue,credit
equipment acquisition reference 82706,90785.01,0,PDF,12,asset,debit
purchase of office laptop reference 38523,421953.21,0,Excel,12,asset,debit
employee salary payment reference 34407,305141.37,0,PDF,8,expense,debit
professional fees reference 34523,486514.24,0,Manual,11,expense,debit
professional fees reference 68873,449552.47,0,Manual,8,expense,debit
internet and telecom bill reference 24627,254447.53,0,PDF,10,expense,debit
share capital contribution reference 15429,370725.26,0,Excel,5,equity,credit
gst payable recorded reference 50037,66887.88,0,Excel,12,liability,credit
subscription revenue reference 42280,204630.35,0,Manual,8,revenue,debit
capital introduced by shareholder reference 52749,32589.88,0,Bank,5,equity,debit
sales collection reference 15585,229401.89,1,Excel,2,revenue,credit
business travel expense reference 55723,212985.7,0,CSV,12,expense,debit
office furniture purchase reference 16206,85853.59,0,Manual,4,asset,debit
client payment for consulting services reference 17344,324234.34,0,Manual,3,revenue,credit
purchase of computer equipment reference 62565,10007.61,0,PDF,2,asset,debit
supplier payable created reference 86563,216374.03,0,Excel,10,liability,credit
owner capital introduced reference 28425,308451.33,0,Excel,11,equity,credit
business loan received reference 66865,221379.93,0,Bank,12,liability,credit
customer invoice settlement reference 65158,19940.81,1,Manual,6,revenue,credit
service revenue received reference 62568,325098.38,1,PDF,5,revenue,credit
professional fees reference 68482,437626.96,1,Manual,11,expense,debit
sales revenue from customer invoice reference 21624,406032.12,0,Bank,9,revenue,debit
purchase of office laptop reference 19708,245441.98,0,Excel,6,asset,debit
professional fees reference 68576,364556.43,1,Manual,2,expense,debit
gst payable recorded reference 99629,333438.23,1,PDF,10,liability,credit
business travel expense reference 47277,159517.05,0,Bank,9,expense,debit
software subscription expense reference 56108,469700.12,0,Manual,1,expense,debit
owner capital introduced reference 87392,418908.47,0,PDF,1,equity,credit
employee salary payment reference 20245,378893.21,0,Bank,1,expense,debit
software subscription expense reference 48799,102438.67,0,CSV,9,expense,debit
owner investment into business reference 92972,289096.87,0,Manual,12,equity,credit
courier and postage expense reference 81273,39191.47,0,CSV,1,expense,debit
purchase of machinery reference 19640,448715.96,0,PDF,11,asset,debit
sales revenue from customer invoice reference 86119,18247.19,0,Bank,9,revenue,credit
consulting income received reference 48909,413444.1,0,Bank,12,revenue,credit
retained earnings transfer reference 80318,38670.3,0,PDF,3,equity,credit
monthly office rent reference 57290,9231.23,0,Bank,4,expense,debit
accounts payable recorded reference 58260,490123.0,0,Bank,9,liability,credit
customer invoice settlement reference 32221,478465.86,1,Manual,3,revenue,credit
sales collection reference 50206,155019.0,1,Bank,5,revenue,credit
service revenue received reference 48796,18431.49,0,CSV,12,revenue,debit
owner capital introduced reference 79171,177926.2,1,Excel,8,equity,credit
business loan received reference 84694,304286.26,1,Bank,4,liability,credit
equipment acquisition reference 99651,307777.15,0,Excel,2,asset,debit
maintenance and repair expense reference 82320,38560.3,0,PDF,3,expense,debit
internet and telecom bill reference 22582,181435.85,0,Bank,7,expense,debit
internet and telecom bill reference 33949,405461.83,0,Bank,9,expense,credit
purchase of office laptop reference 56809,92972.2,0,Manual,6,asset,debit
accounts receivable created reference 96154,169380.91,0,PDF,11,asset,debit
owner capital introduced reference 40850,310762.69,1,Bank,8,equity,credit
prepaid insurance reference 24219,77820.5,0,Manual,1,asset,debit
business loan received reference 49410,10637.46,0,Bank,7,liability,credit
customer invoice settlement reference 11367,35384.38,1,Manual,10,revenue,credit
business travel expense reference 81001,403696.22,0,Bank,7,expense,debit
internet and telecom bill reference 49735,319229.99,0,Excel,10,expense,debit
short term borrowing reference 29941,12716.57,0,Manual,2,liability,credit
product sales receipt reference 81421,123340.86,0,Excel,11,revenue,credit
short term borrowing reference 36426,446083.24,0,CSV,2,liability,credit
internet and telecom bill reference 35078,418279.48,0,Excel,9,expense,debit
shareholder contribution reference 96949,289910.05,0,PDF,1,equity,credit
tax payable recorded reference 67553,314826.33,0,CSV,12,liability,credit
accounts receivable created reference 24465,34113.98,0,CSV,2,asset,credit
software subscription expense reference 25077,306614.6,0,CSV,8,expense,debit
accounts payable recorded reference 73290,467050.7,0,Bank,11,liability,credit
software subscription expense reference 76737,349556.24,0,Manual,10,expense,debit
client payment for consulting services reference 55430,454821.35,0,Bank,11,revenue,credit
service revenue received reference 94709,443515.28,0,Manual,10,revenue,credit
share capital contribution reference 25821,82686.27,1,Excel,10,equity,credit
insurance expense reference 13135,18195.18,0,Bank,9,expense,debit
equipment acquisition reference 89146,236355.74,1,Excel,1,asset,debit
supplier payable created reference 38448,140496.35,0,Manual,12,liability,credit
customer invoice settlement reference 63008,258107.23,0,Manual,2,revenue,credit
software subscription expense reference 44265,396831.76,0,PDF,12,expense,debit
internet and telecom bill reference 20830,181331.06,0,Excel,6,expense,debit
share capital contribution reference 31895,210977.37,0,PDF,10,equity,credit
accounts payable recorded reference 35578,256884.59,1,Manual,3,liability,credit
additional equity contribution reference 32698,64379.52,0,Manual,4,equity,credit
office furniture purchase reference 15372,119157.73,0,Bank,6,asset,debit
owner investment into business reference 35895,385531.96,0,Excel,7,equity,credit
maintenance and repair expense reference 18376,335753.3,0,Excel,8,expense,debit
tax payable recorded reference 91102,295141.12,0,Manual,3,liability,credit
vehicle purchase for business reference 30934,144347.86,1,Manual,12,asset,debit
employee salary payment reference 93569,211086.99,0,Bank,11,expense,debit
monthly office rent reference 85265,69511.79,0,PDF,4,expense,debit
additional equity contribution reference 54666,468720.94,0,Excel,11,equity,credit
owner capital introduced reference 58981,123163.94,0,PDF,10,equity,credit
vehicle purchase for business reference 33366,497337.41,0,PDF,2,asset,credit
consulting income received reference 36859,188688.95,0,CSV,3,revenue,credit
additional equity contribution reference 12706,488519.85,0,Bank,7,equity,credit
tax payable recorded reference 21620,104055.18,1,Bank,3,liability,credit
accounts receivable created reference 37309,66562.54,0,Manual,2,asset,debit
courier and postage expense reference 14933,120145.91,0,Manual,9,expense,debit
sales collection reference 45390,375793.0,0,PDF,9,revenue,debit
accounts payable recorded reference 21487,329857.65,0,CSV,8,liability,credit
owner capital introduced reference 94821,402522.53,1,Excel,10,equity,credit
accounts receivable created reference 13980,340166.47,0,PDF,6,asset,debit
vehicle purchase for business reference 66410,115059.51,0,Bank,3,asset,debit
inventory purchase for stock reference 82495,52416.96,0,Bank,1,asset,debit
retained earnings transfer reference 55583,158526.18,1,Excel,7,equity,credit
vehicle purchase for business reference 40129,399574.14,0,CSV,1,asset,credit
office electricity bill reference 59598,443129.47,0,Manual,5,expense,debit
retained earnings transfer reference 64808,245084.84,1,PDF,7,equity,credit
purchase of machinery reference 60347,120804.38,0,Excel,12,asset,debit
purchase of computer equipment reference 56673,5147.21,0,Manual,4,asset,debit
customer invoice settlement reference 72268,343581.36,0,Excel,12,revenue,credit
share capital contribution reference 25062,222280.65,0,PDF,3,equity,credit
office furniture purchase reference 29989,480293.39,0,PDF,10,asset,debit
client payment for consulting services reference 88898,456212.8,0,PDF,3,revenue,credit
loan repayment liability reference 49733,396970.12,0,Excel,1,liability,credit
accounts payable recorded reference 36432,312426.88,0,Bank,10,liability,credit
client payment for consulting services reference 89578,335804.57,0,PDF,3,revenue,credit
salary payable recorded reference 59294,168326.0,0,PDF,2,liability,credit
business travel expense reference 89084,346807.36,0,Manual,5,expense,debit
monthly office rent reference 61925,49986.24,0,Bank,8,expense,debit
accounts payable recorded reference 59545,172514.32,0,Manual,5,liability,credit
courier and postage expense reference 96448,447914.64,0,Excel,10,expense,debit
courier and postage expense reference 74630,71630.87,1,PDF,5,expense,debit
sales revenue from customer invoice reference 26436,4228.18,0,Manual,12,revenue,credit
sales collection reference 84318,498649.99,0,PDF,10,revenue,credit
product sales receipt reference 79740,248546.94,0,CSV,12,revenue,debit
accounts receivable created reference 61400,22008.27,0,Bank,7,asset,debit
client payment for consulting services reference 84129,49057.71,1,Manual,10,revenue,credit
courier and postage expense reference 68968,312162.62,0,Manual,12,expense,debit
vendor credit purchase reference 24615,18688.36,1,Manual,3,liability,credit
internet and telecom bill reference 57483,381428.22,0,PDF,4,expense,debit
office electricity bill reference 70105,391409.21,0,Bank,3,expense,debit
sales revenue from customer invoice reference 34753,337398.48,0,Excel,7,revenue,credit
tax payable recorded reference 24859,377619.08,0,PDF,6,liability,credit
insurance expense reference 69020,446935.33,0,Bank,11,expense,debit
consulting income received reference 69816,17288.18,0,Bank,2,revenue,credit
salary payable recorded reference 96637,81814.07,0,CSV,12,liability,credit
subscription revenue reference 25447,61910.86,0,Bank,7,revenue,credit
additional equity contribution reference 49972,199830.58,1,CSV,2,equity,credit
product sales receipt reference 10619,427545.09,0,Excel,5,revenue,credit
accounts payable recorded reference 50878,76158.84,0,PDF,9,liability,credit
employee salary payment reference 85384,132931.57,0,Excel,7,expense,debit
shareholder contribution reference 80797,22855.31,0,PDF,5,equity,credit
purchase of computer equipment reference 24221,22463.92,0,PDF,12,asset,credit
sales revenue from customer invoice reference 75522,359869.57,0,PDF,8,revenue,credit
office supplies purchase reference 51936,419910.63,0,PDF,12,expense,debit
accounts payable recorded reference 22324,480843.54,0,CSV,7,liability,credit
retained earnings transfer reference 88204,331442.28,1,CSV,8,equity,credit
salary payable recorded reference 19828,2516.91,0,Bank,3,liability,credit
capital introduced by shareholder reference 69308,152005.83,0,PDF,1,equity,credit
gst payable recorded reference 13400,459798.05,1,Excel,11,liability,credit
accounts receivable created reference 71142,408169.69,1,Manual,7,asset,credit
monthly office rent reference 33206,394502.51,0,Bank,7,expense,debit
sales collection reference 65366,434490.37,0,PDF,7,revenue,credit
accounts receivable created reference 93661,238506.11,0,PDF,4,asset,debit
supplier payable created reference 17576,126951.45,0,Bank,4,liability,credit
sales revenue from customer invoice reference 52249,365958.22,0,PDF,3,revenue,credit
owner capital introduced reference 42999,103527.31,0,PDF,2,equity,credit
sales revenue from customer invoice reference 47745,277132.66,1,Excel,10,revenue,credit
retained earnings transfer reference 26098,106076.3,0,Excel,7,equity,credit
product sales receipt reference 79150,371245.42,0,CSV,5,revenue,credit
shareholder contribution reference 98271,22351.1,0,Bank,1,equity,credit
sales collection reference 78851,154178.9,1,Excel,9,revenue,credit
sales collection reference 35608,448549.9,0,Excel,4,revenue,credit
product sales receipt reference 67413,428186.39,0,CSV,5,revenue,credit
sales revenue from customer invoice reference 78698,147680.72,0,Manual,3,revenue,credit
prepaid insurance reference 13439,49210.6,0,Bank,7,asset,debit
service revenue received reference 10991,89712.79,0,CSV,7,revenue,credit
share capital contribution reference 69857,111832.54,0,Bank,4,equity,credit
salary payable recorded reference 91283,219368.67,0,CSV,7,liability,credit
equipment acquisition reference 47055,159113.37,0,Bank,11,asset,debit
office electricity bill reference 22377,159639.2,0,Bank,12,expense,debit
client payment for consulting services reference 96037,65769.92,0,CSV,9,revenue,credit
loan repayment liability reference 30451,11452.44,0,PDF,11,liability,credit
vehicle purchase for business reference 61490,352584.95,0,Bank,8,asset,debit
service revenue received reference 38481,458107.78,0,PDF,3,revenue,credit
insurance expense reference 86942,221863.1,1,Excel,12,expense,debit
security deposit paid reference 82730,120093.13,0,Manual,6,asset,debit
salary payable recorded reference 16156,207751.87,0,Excel,5,liability,debit
shareholder contribution reference 40417,336869.38,0,PDF,9,equity,debit
insurance expense reference 68945,6199.29,0,Manual,5,expense,debit
consulting income received reference 42487,379877.71,0,Excel,11,revenue,credit
business loan received reference 53164,310198.46,0,CSV,1,liability,credit
office supplies purchase reference 93048,369874.66,0,Manual,1,expense,debit
business travel expense reference 91931,467685.95,0,CSV,10,expense,debit
security deposit paid reference 99968,399932.71,0,Excel,9,asset,debit
owner withdrawal against equity reference 30400,332396.68,0,Bank,7,equity,credit
maintenance and repair expense reference 68811,126506.67,1,CSV,8,expense,debit
owner investment into business reference 97624,428026.89,0,Bank,4,equity,credit
accounts payable recorded reference 46008,46349.69,0,Manual,7,liability,credit
capital introduced by shareholder reference 92487,300292.56,0,Excel,10,equity,credit
retained earnings transfer reference 76455,189708.6,0,CSV,10,equity,credit
vehicle purchase for business reference 17025,131459.4,0,Excel,11,asset,debit
prepaid insurance reference 38752,393971.23,1,Manual,2,asset,debit
client payment for consulting services reference 17860,220788.8,0,CSV,3,revenue,credit
internet and telecom bill reference 91175,438409.39,0,Bank,9,expense,debit
short term borrowing reference 66965,346245.8,0,CSV,11,liability,credit
business loan received reference 27210,488381.92,0,Manual,5,liability,credit
client payment for consulting services reference 60404,268539.24,0,Bank,2,revenue,credit
accounts payable recorded reference 98519,375882.27,1,PDF,3,liability,credit
office electricity bill reference 74149,444335.24,0,Bank,3,expense,debit
customer invoice settlement reference 76037,375116.78,0,Bank,2,revenue,credit
additional equity contribution reference 64445,47560.58,0,CSV,11,equity,credit
additional equity contribution reference 55765,85491.97,1,Excel,11,equity,credit
office supplies purchase reference 45191,381308.22,0,CSV,3,expense,debit
software subscription expense reference 91522,353469.53,1,PDF,10,expense,debit
gst payable recorded reference 19318,135578.32,1,Bank,12,liability,credit
inventory purchase for stock reference 64566,419001.78,1,PDF,2,asset,debit
shareholder contribution reference 86598,423459.57,0,Manual,10,equity,credit
equipment acquisition reference 24494,380800.57,0,Excel,7,asset,debit
service revenue received reference 16343,341796.67,1,Excel,9,revenue,credit
vendor credit purchase reference 69873,281422.53,0,Excel,3,liability,credit
accounts payable recorded reference 81850,323786.82,1,Excel,10,liability,credit
insurance expense reference 72623,294828.33,0,CSV,4,expense,debit
capital introduced by shareholder reference 68294,105973.04,0,Excel,5,equity,debit
employee salary payment reference 76217,375861.5,0,PDF,11,expense,debit
service revenue received reference 60465,252580.31,0,CSV,5,revenue,credit
gst payable recorded reference 20937,323013.14,0,Excel,5,liability,debit
vehicle purchase for business reference 19900,360654.46,1,PDF,5,asset,debit
business loan received reference 75830,104092.15,1,Manual,2,liability,credit
sales revenue from customer invoice reference 96981,294462.63,0,Excel,11,revenue,credit
equipment acquisition reference 82897,340727.87,0,Excel,5,asset,debit
short term borrowing reference 58266,352344.27,0,Excel,10,liability,credit
professional fees reference 33582,92126.19,0,PDF,3,expense,debit
consulting income received reference 99977,227948.38,0,CSV,6,revenue,debit
professional fees reference 59300,34748.73,0,PDF,10,expense,debit
service revenue received reference 85447,367604.08,0,Manual,11,revenue,credit
service revenue received reference 92217,398807.43,1,CSV,7,revenue,credit
short term borrowing reference 93796,393717.66,0,Bank,6,liability,credit
office furniture purchase reference 49811,62210.72,0,Manual,12,asset,debit
product sales receipt reference 96069,437683.28,0,Manual,11,revenue,credit
share capital contribution reference 84352,58657.13,0,Bank,8,equity,credit
monthly office rent reference 83517,82988.82,0,CSV,1,expense,debit
subscription revenue reference 25525,434749.07,0,Bank,6,revenue,credit
office electricity bill reference 72620,46313.29,0,Excel,11,expense,debit
professional fees reference 99720,90533.52,0,CSV,12,expense,debit
subscription revenue reference 99531,459238.91,1,PDF,4,revenue,credit
security deposit paid reference 46351,111003.6,0,Manual,9,asset,debit
short term borrowing reference 55956,64801.92,0,CSV,12,liability,credit
owner capital introduced reference 85219,164418.27,0,Manual,8,equity,credit
sales collection reference 74628,119599.37,0,Bank,5,revenue,credit
maintenance and repair expense reference 67819,360248.65,0,Excel,9,expense,debit
owner investment into business reference 51971,133156.75,1,Excel,11,equity,credit
accounts payable recorded reference 11319,418286.72,1,Excel,7,liability,credit
accounts receivable created reference 12701,483087.21,0,Bank,6,asset,debit
internet and telecom bill reference 46127,39979.21,0,Excel,2,expense,credit
purchase of computer equipment reference 57035,386422.23,1,Bank,12,asset,debit
additional equity contribution reference 52579,111722.37,1,PDF,2,equity,credit
gst payable recorded reference 81968,123116.59,0,Excel,6,liability,credit
owner capital introduced reference 48113,28229.72,0,CSV,9,equity,credit
internet and telecom bill reference 25571,7406.54,0,PDF,9,expense,credit
subscription revenue reference 69451,377635.68,1,PDF,7,revenue,credit
retained earnings transfer reference 17677,484010.84,0,PDF,11,equity,credit
vendor credit purchase reference 36335,291415.0,1,Excel,9,liability,credit
software subscription expense reference 37540,197013.32,1,Excel,5,expense,credit
business travel expense reference 10563,175868.69,1,Manual,2,expense,debit
professional fees reference 82378,327390.31,1,Manual,8,expense,debit
accounts receivable created reference 38358,444064.71,0,Manual,8,asset,debit
additional equity contribution reference 14621,86685.71,0,Excel,3,equity,credit
business loan received reference 63167,141433.27,0,PDF,6,liability,credit
owner investment into business reference 74498,52313.78,0,Excel,6,equity,credit
sales collection reference 77027,483771.11,0,Manual,5,revenue,credit
software subscription expense reference 84866,201629.06,1,Manual,5,expense,debit
salary payable recorded reference 63450,431830.63,1,Excel,10,liability,credit
maintenance and repair expense reference 91783,312610.68,1,Excel,8,expense,debit
purchase of machinery reference 57014,381414.42,0,PDF,3,asset,debit
consulting income received reference 53900,132675.98,1,PDF,11,revenue,credit
accounts payable recorded reference 21679,219853.42,1,Excel,3,liability,credit
vehicle purchase for business reference 43732,105408.25,0,Bank,9,asset,debit
sales collection reference 90402,312939.86,0,PDF,7,revenue,credit
sales revenue from customer invoice reference 47308,451979.17,0,PDF,1,revenue,credit
monthly office rent reference 61157,256013.51,1,Manual,4,expense,debit
accounts payable recorded reference 51841,333819.95,0,CSV,7,liability,credit
salary payable recorded reference 61714,331341.59,1,Bank,11,liability,credit
internet and telecom bill reference 33760,246374.57,0,Manual,9,expense,debit
employee salary payment reference 83933,31913.35,0,CSV,7,expense,debit
prepaid insurance reference 97719,334221.48,0,Bank,11,asset,debit
retained earnings transfer reference 84206,291714.27,1,PDF,3,equity,credit
equipment acquisition reference 38273,225195.56,0,Excel,9,asset,credit
marketing campaign expense reference 65456,387032.88,0,CSV,1,expense,debit
product sales receipt reference 36839,420250.52,0,Bank,10,revenue,credit
capital introduced by shareholder reference 70698,247594.99,0,CSV,10,equity,credit
product sales receipt reference 35434,271573.07,0,CSV,3,revenue,credit
professional fees reference 42327,303706.39,0,Manual,11,expense,debit
loan repayment liability reference 17840,454866.79,1,PDF,2,liability,credit
vendor credit purchase reference 77604,166169.72,1,PDF,4,liability,credit
office electricity bill reference 46125,67544.69,0,Bank,8,expense,debit
monthly office rent reference 35609,163777.28,0,Excel,11,expense,debit
office furniture purchase reference 16955,489439.14,0,PDF,12,asset,debit
additional equity contribution reference 94838,377953.91,0,PDF,3,equity,credit
owner withdrawal against equity reference 35733,132159.57,0,Manual,7,equity,debit
maintenance and repair expense reference 50969,481472.86,1,Manual,7,expense,debit
office supplies purchase reference 79058,262145.37,0,CSV,3,expense,debit
owner capital introduced reference 64033,322078.77,0,CSV,12,equity,credit
tax payable recorded reference 67920,460904.21,1,Bank,9,liability,credit
sales collection reference 89503,222727.96,0,Bank,5,revenue,credit
purchase of office laptop reference 77459,259926.93,1,Bank,5,asset,debit
gst payable recorded reference 41690,326757.35,0,Excel,9,liability,credit
customer invoice settlement reference 63995,231081.37,0,Bank,7,revenue,debit
business loan received reference 16538,340053.13,0,Manual,11,liability,credit
owner capital introduced reference 54829,214796.8,1,Bank,12,equity,credit
vehicle purchase for business reference 47449,198893.66,1,PDF,7,asset,debit
owner capital introduced reference 58970,24995.51,0,CSV,7,equity,credit
purchase of machinery reference 33832,232691.87,0,CSV,1,asset,debit
security deposit paid reference 90304,66531.81,0,CSV,1,asset,debit
sales revenue from customer invoice reference 13304,264144.29,0,PDF,8,revenue,credit
security deposit paid reference 30811,429764.9,0,Excel,11,asset,debit
owner capital introduced reference 66509,283267.01,0,Manual,10,equity,credit
subscription revenue reference 95476,495954.32,0,Bank,3,revenue,credit
office electricity bill reference 23967,38284.56,0,Bank,7,expense,credit
owner capital introduced reference 43885,310986.69,0,Bank,7,equity,credit
owner withdrawal against equity reference 92292,431872.36,0,Manual,9,equity,credit
accounts receivable created reference 73501,360969.65,0,Manual,12,asset,debit
business loan received reference 73845,58381.69,0,Bank,3,liability,credit
office furniture purchase reference 31778,489917.69,1,PDF,10,asset,debit
business loan received reference 26643,496173.35,0,PDF,2,liability,credit
capital introduced by shareholder reference 68080,157778.14,0,CSV,11,equity,credit
professional fees reference 55325,436896.05,1,Manual,6,expense,debit
additional equity contribution reference 42492,126419.08,0,PDF,3,equity,credit
subscription revenue reference 67960,305396.85,0,Excel,10,revenue,credit
shareholder contribution reference 53360,9309.16,0,PDF,12,equity,debit
service revenue received reference 35433,130016.36,0,PDF,5,revenue,credit
courier and postage expense reference 47414,193995.74,0,Bank,8,expense,debit
salary payable recorded reference 87228,497609.63,0,PDF,4,liability,credit
monthly office rent reference 39797,31793.4,0,Bank,9,expense,debit
accounts payable recorded reference 24379,336320.79,0,Bank,1,liability,credit
additional equity contribution reference 41399,189001.33,0,PDF,12,equity,credit
owner investment into business reference 97585,354527.08,0,Excel,9,equity,credit
security deposit paid reference 86798,79858.44,0,Bank,12,asset,debit
employee salary payment reference 28821,6306.51,0,Excel,3,expense,debit
share capital contribution reference 45096,59869.87,0,Manual,7,equity,credit
accounts receivable created reference 68786,216412.86,0,CSV,10,asset,debit
subscription revenue reference 34738,490016.32,0,Bank,9,revenue,credit
inventory purchase for stock reference 62401,293317.13,1,CSV,12,asset,credit
product sales receipt reference 35293,6461.94,0,CSV,8,revenue,credit
sales revenue from customer invoice reference 66147,24063.69,0,Bank,8,revenue,credit
sales revenue from customer invoice reference 95091,190714.45,1,Excel,2,revenue,credit
maintenance and repair expense reference 68816,90523.6,0,Manual,11,expense,debit
product sales receipt reference 45363,460965.3,0,Excel,9,revenue,credit
vendor credit purchase reference 69304,292842.35,0,Excel,4,liability,credit
business loan received reference 54331,389587.6,1,CSV,8,liability,credit
security deposit paid reference 97989,150253.11,0,Excel,5,asset,debit
prepaid insurance reference 33411,270697.23,0,Bank,7,asset,debit
inventory purchase for stock reference 25906,251943.68,0,Excel,4,asset,debit
share capital contribution reference 53277,112926.69,0,CSV,10,equity,credit
internet and telecom bill reference 43165,184736.88,0,CSV,7,expense,debit
insurance expense reference 38635,41451.78,1,Bank,5,expense,debit
subscription revenue reference 46183,112732.39,0,PDF,5,revenue,credit
vendor credit purchase reference 95566,38572.62,0,Excel,10,liability,credit
owner capital introduced reference 25746,178689.64,0,PDF,6,equity,debit
retained earnings transfer reference 87081,68357.62,1,PDF,5,equity,credit
business loan received reference 60273,98000.46,0,Manual,12,liability,credit
business travel expense reference 78766,499973.66,1,Excel,3,expense,debit
customer invoice settlement reference 59450,437440.01,1,Bank,10,revenue,credit
vendor credit purchase reference 62615,358512.29,0,Bank,8,liability,credit
salary payable recorded reference 56530,212384.0,0,CSV,3,liability,credit
business loan received reference 45133,100299.33,1,Bank,3,liability,credit
internet and telecom bill reference 96478,218144.66,0,Excel,9,expense,debit
owner capital introduced reference 71111,49727.12,0,CSV,3,equity,credit
subscription revenue reference 82059,297792.9,0,Manual,8,revenue,credit
shareholder contribution reference 53028,479759.93,0,Excel,2,equity,debit
owner capital introduced reference 55045,286223.64,1,Excel,10,equity,credit
retained earnings transfer reference 31617,399915.3,0,Manual,12,equity,credit
shareholder contribution reference 83355,196979.25,0,CSV,11,equity,credit
purchase of computer equipment reference 42647,202677.01,0,Bank,6,asset,debit
owner capital introduced reference 90666,294624.24,0,CSV,2,equity,credit
shareholder contribution reference 97031,283891.36,1,Excel,12,equity,credit
supplier payable created reference 73337,243408.59,0,PDF,2,liability,credit
marketing campaign expense reference 37521,470635.11,0,Excel,4,expense,debit
share capital contribution reference 67308,73263.82,0,Bank,8,equity,credit
vehicle purchase for business reference 61320,8066.4,0,Bank,12,asset,credit
customer invoice settlement reference 91356,432853.48,0,Excel,2,revenue,credit
equipment acquisition reference 94737,72209.0,1,Manual,1,asset,debit
vehicle purchase for business reference 98614,424868.7,0,Excel,6,asset,debit
office electricity bill reference 19793,480126.21,0,CSV,1,expense,debit
supplier payable created reference 46789,293871.65,0,PDF,3,liability,credit
tax payable recorded reference 89424,436585.41,0,Excel,12,liability,credit
supplier payable created reference 32221,425261.94,0,CSV,11,liability,debit
employee salary payment reference 82382,444048.97,1,PDF,2,expense,debit
vendor credit purchase reference 10777,8244.75,0,CSV,10,liability,debit
internet and telecom bill reference 17752,106155.68,0,PDF,4,expense,debit
loan repayment liability reference 63049,465202.89,0,Manual,8,liability,credit
salary payable recorded reference 30674,254029.23,0,Excel,3,liability,debit
business loan received reference 36750,313659.2,0,CSV,3,liability,credit
retained earnings transfer reference 18287,166755.29,1,Manual,3,equity,credit
capital introduced by shareholder reference 92629,326950.0,0,Manual,7,equity,credit
additional equity contribution reference 60015,109671.4,0,Manual,7,equity,credit
prepaid insurance reference 58426,219162.97,0,PDF,5,asset,debit
office supplies purchase reference 11936,382848.52,0,Manual,8,expense,debit
sales collection reference 23707,348312.03,0,Bank,5,revenue,credit
insurance expense reference 93715,374183.25,0,Excel,10,expense,debit
capital introduced by shareholder reference 17709,132968.89,0,CSV,11,equity,credit
inventory purchase for stock reference 47063,162781.14,1,Manual,5,asset,debit
internet and telecom bill reference 67091,248402.99,0,CSV,1,expense,debit
owner capital introduced reference 69638,476356.95,0,CSV,11,equity,credit
office supplies purchase reference 50921,73957.03,0,Excel,4,expense,credit
client payment for consulting services reference 44259,192380.12,0,CSV,1,revenue,credit
office furniture purchase reference 29829,77003.07,0,PDF,3,asset,debit
tax payable recorded reference 66573,41442.7,0,Bank,2,liability,credit
accounts payable recorded reference 81069,260277.74,0,Excel,3,liability,credit
inventory purchase for stock reference 90044,326889.59,1,PDF,11,asset,debit
share capital contribution reference 22000,447408.14,1,Bank,5,equity,credit
accounts receivable created reference 51923,218448.7,0,Bank,10,asset,debit
software subscription expense reference 15465,451526.35,0,Excel,12,expense,debit
client payment for consulting services reference 78831,438417.04,0,Bank,12,revenue,debit
office electricity bill reference 24291,383261.76,1,PDF,3,expense,debit
share capital contribution reference 46900,429263.53,0,Bank,1,equity,credit
sales collection reference 87130,458391.85,0,Bank,10,revenue,credit
loan repayment liability reference 49504,17095.92,0,PDF,8,liability,credit
owner investment into business reference 21882,425482.46,0,Excel,8,equity,credit
purchase of machinery reference 58479,118499.73,0,Manual,11,asset,debit
prepaid insurance reference 71078,377003.11,0,Bank,9,asset,debit
capital introduced by shareholder reference 46748,318719.2,0,Excel,8,equity,credit
consulting income received reference 88628,123405.46,0,Excel,1,revenue,credit
capital introduced by shareholder reference 98106,210923.34,0,Bank,11,equity,credit
office supplies purchase reference 15095,204734.2,0,Manual,3,expense,debit
prepaid insurance reference 37021,111920.04,0,Bank,5,asset,credit
accounts payable recorded reference 29745,144426.72,0,CSV,1,liability,credit
capital introduced by shareholder reference 43491,124437.54,0,PDF,10,equity,credit
share capital contribution reference 30232,261884.15,1,PDF,2,equity,credit
product sales receipt reference 63537,106460.92,1,Manual,8,revenue,credit
additional equity contribution reference 99382,406259.88,0,PDF,10,equity,credit
share capital contribution reference 94312,42284.31,0,Bank,11,equity,credit
gst payable recorded reference 77635,418677.01,1,Excel,2,liability,credit
short term borrowing reference 15583,195482.93,0,PDF,11,liability,credit
security deposit paid reference 59353,353118.08,0,Bank,9,asset,debit
additional equity contribution reference 74001,482919.39,0,Manual,8,equity,credit
equipment acquisition reference 38347,482218.32,1,Manual,8,asset,debit
sales revenue from customer invoice reference 66291,259928.37,0,Excel,8,revenue,credit
sales collection reference 88301,243616.33,0,Bank,4,revenue,credit
business loan received reference 88835,332541.17,0,Bank,5,liability,credit
service revenue received reference 91880,321085.71,0,CSV,3,revenue,credit
gst payable recorded reference 18418,425304.46,0,Bank,12,liability,credit
short term borrowing reference 23106,424973.38,0,Excel,10,liability,credit
accounts receivable created reference 33138,306087.34,0,Excel,12,asset,debit
short term borrowing reference 10624,179245.29,0,Excel,11,liability,credit
office furniture purchase reference 97684,350048.29,0,Manual,5,asset,debit
prepaid insurance reference 46547,64258.99,0,Bank,4,asset,debit
capital introduced by shareholder reference 58886,110836.13,0,PDF,12,equity,credit
additional equity contribution reference 66577,296121.05,0,CSV,5,equity,credit
service revenue received reference 78115,196512.22,0,Excel,8,revenue,credit
purchase of office laptop reference 62678,397304.89,1,Excel,10,asset,debit
tax payable recorded reference 54972,248275.76,0,Excel,12,liability,credit
shareholder contribution reference 59711,444035.04,0,Manual,8,equity,credit
prepaid insurance reference 91588,115489.19,0,PDF,4,asset,debit
marketing campaign expense reference 61960,355700.16,0,Manual,3,expense,debit
sales collection reference 37951,391916.82,0,Bank,12,revenue,credit
office electricity bill reference 78784,204143.27,1,CSV,9,expense,debit
accounts receivable created reference 70811,212128.62,0,Excel,2,asset,debit
prepaid insurance reference 48882,375496.04,1,Bank,1,asset,debit
share capital contribution reference 94999,256687.21,0,CSV,1,equity,credit
prepaid insurance reference 68133,81670.5,1,Manual,3,asset,debit
office furniture purchase reference 22240,405387.01,0,Excel,1,asset,credit
consulting income received reference 78028,175346.59,0,CSV,3,revenue,credit
inventory purchase for stock reference 85424,106608.74,0,Manual,10,asset,credit
business loan received reference 10931,210982.9,0,CSV,2,liability,credit
short term borrowing reference 64501,131993.56,0,Bank,2,liability,credit
subscription revenue reference 61597,14378.16,0,Manual,4,revenue,credit
monthly office rent reference 97334,379529.94,0,Manual,7,expense,debit
courier and postage expense reference 94328,334954.14,1,Bank,7,expense,debit
marketing campaign expense reference 61979,130246.8,0,Excel,1,expense,debit
accounts receivable created reference 39620,173881.3,1,Manual,9,asset,debit
sales collection reference 35907,32642.32,0,PDF,3,revenue,credit
owner investment into business reference 48279,322906.93,0,CSV,2,equity,credit
purchase of machinery reference 53263,34015.71,0,CSV,9,asset,debit
software subscription expense reference 91934,73847.33,1,Excel,5,expense,debit
insurance expense reference 79722,113628.59,0,Bank,4,expense,debit
product sales receipt reference 25236,409790.05,0,PDF,11,revenue,credit
office supplies purchase reference 94769,448347.69,0,PDF,7,expense,debit
sales revenue from customer invoice reference 53382,476626.16,1,CSV,7,revenue,credit
vehicle purchase for business reference 20353,109998.4,0,CSV,9,asset,debit
maintenance and repair expense reference 70428,386606.38,1,PDF,8,expense,credit
service revenue received reference 23189,490647.62,0,PDF,8,revenue,debit
salary payable recorded reference 76544,90479.5,0,PDF,4,liability,credit
vehicle purchase for business reference 83989,83070.81,0,Manual,8,asset,debit
client payment for consulting services reference 29789,402243.79,0,PDF,9,revenue,credit
accounts payable recorded reference 27065,331800.89,0,Bank,12,liability,credit
courier and postage expense reference 31627,37433.49,0,PDF,4,expense,debit
sales collection reference 33472,7599.41,1,CSV,9,revenue,credit
sales collection reference 15932,396437.38,0,PDF,11,revenue,credit
owner investment into business reference 38913,207664.49,1,CSV,11,equity,credit
purchase of office laptop reference 59940,273677.12,0,Excel,3,asset,debit
business travel expense reference 60030,347975.58,0,Excel,4,expense,debit
prepaid insurance reference 89059,17639.22,0,Bank,2,asset,debit
owner investment into business reference 98703,304476.91,0,PDF,4,equity,credit
additional equity contribution reference 64005,231215.43,0,Excel,4,equity,credit
supplier payable created reference 14178,377561.96,0,Excel,2,liability,credit
tax payable recorded reference 29789,487793.98,0,CSV,10,liability,credit
retained earnings transfer reference 55742,352290.63,0,Bank,3,equity,credit
capital introduced by shareholder reference 56996,320842.83,0,Manual,3,equity,credit
purchase of machinery reference 17757,187527.26,0,Excel,4,asset,debit
insurance expense reference 29705,396182.69,0,Bank,6,expense,credit
inventory purchase for stock reference 26270,93022.06,0,Manual,1,asset,debit
sales collection reference 96955,179201.56,0,Bank,8,revenue,credit
additional equity contribution reference 93660,153032.42,0,Excel,9,equity,debit
supplier payable created reference 77531,82859.25,0,Manual,4,liability,credit
vendor credit purchase reference 26665,492679.81,0,Excel,5,liability,credit
insurance expense reference 94271,134327.64,0,Bank,10,expense,debit
vendor credit purchase reference 60264,114996.02,0,PDF,4,liability,debit
professional fees reference 24739,171633.89,0,Manual,5,expense,credit
subscription revenue reference 80374,182605.84,0,Manual,6,revenue,credit
subscription revenue reference 80900,191700.19,0,Excel,11,revenue,credit
office furniture purchase reference 89004,258671.52,0,CSV,1,asset,debit
business travel expense reference 68470,205054.07,1,Bank,10,expense,debit
office supplies purchase reference 69988,5256.75,0,PDF,7,expense,debit
client payment for consulting services reference 15563,411152.57,1,CSV,10,revenue,credit
accounts receivable created reference 57035,100244.73,1,PDF,10,asset,debit
subscription revenue reference 23475,298620.25,0,CSV,5,revenue,credit
retained earnings transfer reference 96778,27618.58,1,CSV,11,equity,credit
inventory purchase for stock reference 38912,354415.53,0,Excel,10,asset,debit
capital introduced by shareholder reference 57091,209663.9,0,Bank,4,equity,credit
monthly office rent reference 27420,489799.14,0,Bank,5,expense,debit
gst payable recorded reference 68261,283434.68,0,PDF,12,liability,credit
owner withdrawal against equity reference 51522,257544.84,0,Excel,10,equity,credit
maintenance and repair expense reference 27329,344520.43,0,Excel,1,expense,debit
sales revenue from customer invoice reference 11102,221267.58,0,Bank,5,revenue,credit
retained earnings transfer reference 20421,490721.56,0,PDF,11,equity,credit
client payment for consulting services reference 63870,181380.2,1,PDF,1,revenue,credit
service revenue received reference 94824,159927.4,0,Manual,12,revenue,credit
purchase of machinery reference 25566,249722.96,0,CSV,4,asset,debit
subscription revenue reference 53389,286429.26,1,Excel,11,revenue,debit
owner withdrawal against equity reference 82574,96074.58,0,PDF,11,equity,credit
purchase of machinery reference 47866,204615.03,0,PDF,8,asset,debit
capital introduced by shareholder reference 19856,465512.97,0,Manual,12,equity,credit
inventory purchase for stock reference 71645,400196.78,1,CSV,1,asset,debit
insurance expense reference 16120,167412.39,1,Bank,8,expense,debit
share capital contribution reference 17967,82393.71,0,CSV,9,equity,credit
capital introduced by shareholder reference 86123,229439.53,0,Bank,3,equity,credit
salary payable recorded reference 46456,463785.76,0,CSV,3,liability,credit
service revenue received reference 68138,475349.12,0,PDF,12,revenue,credit
software subscription expense reference 74994,389142.79,0,CSV,8,expense,credit
owner capital introduced reference 36049,423535.98,0,PDF,4,equity,credit
vehicle purchase for business reference 24101,275991.08,0,Bank,7,asset,debit
courier and postage expense reference 28765,483865.45,1,CSV,8,expense,debit
security deposit paid reference 68597,418020.08,1,PDF,8,asset,debit
purchase of office laptop reference 89131,51532.38,0,Manual,2,asset,debit
purchase of computer equipment reference 52771,366182.29,0,Manual,7,asset,debit
loan repayment liability reference 48201,102298.35,0,Manual,8,liability,credit
retained earnings transfer reference 18510,163827.8,1,Bank,8,equity,credit
owner withdrawal against equity reference 82316,107028.06,1,Excel,2,equity,credit
sales collection reference 65293,48000.33,0,Excel,2,revenue,debit
short term borrowing reference 29805,400225.53,0,Bank,1,liability,credit
sales collection reference 79965,485927.3,0,Excel,2,revenue,credit
insurance expense reference 56491,368182.5,1,Excel,6,expense,credit
internet and telecom bill reference 74326,309113.0,0,Bank,5,expense,debit
vendor credit purchase reference 47164,124709.57,0,PDF,12,liability,debit
shareholder contribution reference 88918,369364.66,0,CSV,4,equity,credit
security deposit paid reference 68132,66959.98,0,Excel,9,asset,debit
prepaid insurance reference 30820,388484.57,1,Excel,2,asset,debit
prepaid insurance reference 65560,482701.22,0,Excel,2,asset,debit
accounts payable recorded reference 54883,196462.48,0,PDF,1,liability,credit
tax payable recorded reference 20014,142275.4,0,Excel,1,liability,credit
software subscription expense reference 16283,355896.87,0,Excel,4,expense,debit
business loan received reference 19501,417481.16,1,Excel,3,liability,credit
software subscription expense reference 87499,262811.27,0,Bank,8,expense,debit
salary payable recorded reference 31783,419164.99,0,CSV,7,liability,credit
shareholder contribution reference 97915,131694.42,0,CSV,5,equity,credit
office supplies purchase reference 34208,170116.46,0,Bank,12,expense,debit
owner capital introduced reference 97077,345183.45,0,Manual,7,equity,credit
employee salary payment reference 21676,41285.76,0,Excel,1,expense,debit
purchase of machinery reference 68737,306080.76,0,Manual,12,asset,debit
shareholder contribution reference 65488,51945.75,1,Bank,12,equity,credit
additional equity contribution reference 99691,474064.47,1,PDF,6,equity,debit
product sales receipt reference 27846,413209.69,0,Bank,2,revenue,credit
owner withdrawal against equity reference 11175,87528.66,0,Excel,9,equity,credit
business loan received reference 32605,452410.1,0,Excel,9,liability,credit
capital introduced by shareholder reference 99798,476873.32,0,CSV,11,equity,credit
capital introduced by shareholder reference 43313,470660.82,0,PDF,1,equity,credit
prepaid insurance reference 13000,489883.61,0,Manual,1,asset,debit
vehicle purchase for business reference 23938,17000.93,0,CSV,2,asset,debit
accounts receivable created reference 34339,230221.07,0,Bank,1,asset,debit
salary payable recorded reference 39537,297665.49,0,Bank,8,liability,debit
courier and postage expense reference 84580,341262.04,1,Bank,7,expense,debit
professional fees reference 87317,47662.56,0,Manual,8,expense,debit
purchase of computer equipment reference 53687,170688.66,0,CSV,6,asset,debit
employee salary payment reference 63950,167644.49,0,PDF,2,expense,credit
accounts receivable created reference 84774,383387.36,0,Bank,9,asset,debit
salary payable recorded reference 80361,35936.05,0,Excel,11,liability,credit
retained earnings transfer reference 80415,453394.9,0,PDF,10,equity,credit
gst payable recorded reference 75770,387937.03,0,CSV,11,liability,credit
shareholder contribution reference 46911,246857.1,1,CSV,3,equity,credit
purchase of computer equipment reference 89229,393285.24,0,Bank,7,asset,debit
product sales receipt reference 10781,85612.57,0,Bank,11,revenue,debit
owner withdrawal against equity reference 48085,339003.77,1,PDF,9,equity,credit
share capital contribution reference 20264,293852.55,0,CSV,11,equity,credit
business loan received reference 48675,289654.73,1,CSV,5,liability,credit
owner investment into business reference 76045,274038.05,0,CSV,11,equity,credit
purchase of machinery reference 27444,30959.76,1,PDF,9,asset,debit
salary payable recorded reference 67749,428629.41,0,Manual,4,liability,credit
sales revenue from customer invoice reference 93489,132654.85,1,Manual,2,revenue,credit
customer invoice settlement reference 50050,32027.03,0,CSV,4,revenue,credit
customer invoice settlement reference 92468,313952.16,1,Manual,7,revenue,credit
product sales receipt reference 83756,327125.76,0,CSV,9,revenue,credit
owner withdrawal against equity reference 47781,332012.66,1,CSV,8,equity,credit
business travel expense reference 63982,67869.44,0,Manual,4,expense,debit
accounts payable recorded reference 17906,168440.01,0,CSV,6,liability,credit
purchase of machinery reference 63142,475444.74,0,Manual,1,asset,debit
equipment acquisition reference 67083,270181.84,1,CSV,3,asset,debit
maintenance and repair expense reference 77889,315347.67,0,Manual,5,expense,debit
accounts payable recorded reference 35431,365240.8,1,Excel,7,liability,credit
sales collection reference 56722,59181.1,0,PDF,3,revenue,credit
vehicle purchase for business reference 92426,337754.43,0,Manual,8,asset,debit
salary payable recorded reference 38333,41573.83,0,CSV,7,liability,credit
sales revenue from customer invoice reference 60533,396091.23,0,PDF,6,revenue,credit
marketing campaign expense reference 72344,455734.65,1,Bank,8,expense,debit
supplier payable created reference 40644,339585.85,0,CSV,9,liability,credit
accounts payable recorded reference 81344,370737.19,0,Bank,3,liability,credit
consulting income received reference 96132,213083.63,0,PDF,8,revenue,credit
monthly office rent reference 70380,112686.64,0,PDF,6,expense,debit
owner withdrawal against equity reference 11823,2623.58,0,CSV,2,equity,credit
owner investment into business reference 98334,374241.76,0,Manual,6,equity,credit
loan repayment liability reference 29819,372113.29,0,Manual,10,liability,credit
equipment acquisition reference 80441,104961.55,1,Excel,11,asset,debit
maintenance and repair expense reference 60540,152125.61,0,Bank,6,expense,debit
client payment for consulting services reference 59107,53229.95,0,Excel,11,revenue,credit
insurance expense reference 35623,480709.7,0,Manual,6,expense,debit
tax payable recorded reference 22964,398136.02,0,Manual,6,liability,debit
product sales receipt reference 96264,109307.52,1,Excel,6,revenue,debit
marketing campaign expense reference 67557,464280.98,0,CSV,7,expense,debit
shareholder contribution reference 21156,488518.19,0,PDF,5,equity,credit
purchase of office laptop reference 25627,345991.63,0,CSV,5,asset,debit
consulting income received reference 13557,364376.69,1,Manual,1,revenue,credit
vendor credit purchase reference 75703,262187.33,0,PDF,3,liability,credit
owner capital introduced reference 61880,362252.55,1,Manual,2,equity,credit
subscription revenue reference 28848,113206.17,0,CSV,4,revenue,credit
marketing campaign expense reference 42590,396892.02,0,Bank,2,expense,debit
subscription revenue reference 69447,443911.69,0,Bank,10,revenue,credit
loan repayment liability reference 19857,111776.9,0,Excel,9,liability,credit
equipment acquisition reference 75943,295974.67,0,PDF,6,asset,debit
salary payable recorded reference 35732,284873.79,0,CSV,1,liability,credit
purchase of machinery reference 10658,392894.88,1,Excel,6,asset,debit
office furniture purchase reference 58366,327113.88,0,Manual,10,asset,debit
salary payable recorded reference 81918,238982.65,0,PDF,2,liability,credit
sales revenue from customer invoice reference 62886,359172.14,0,Excel,2,revenue,credit
business loan received reference 71853,8960.25,0,PDF,8,liability,credit
client payment for consulting services reference 96932,359996.12,0,Bank,5,revenue,credit
office electricity bill reference 46732,59086.11,0,CSV,8,expense,debit
customer invoice settlement reference 44924,277727.62,1,Excel,2,revenue,debit
additional equity contribution reference 26121,24352.9,0,Bank,9,equity,credit
professional fees reference 42701,407618.32,1,PDF,8,expense,credit
retained earnings transfer reference 13369,323384.46,0,CSV,2,equity,credit
accounts payable recorded reference 41099,34570.46,0,Manual,9,liability,credit
vendor credit purchase reference 79776,404769.01,0,Excel,3,liability,credit
owner investment into business reference 77279,314679.0,0,Excel,2,equity,debit
business loan received reference 14023,209496.64,0,Bank,4,liability,credit
business travel expense reference 14192,352275.4,0,CSV,11,expense,debit
subscription revenue reference 31311,60856.9,1,Manual,1,revenue,credit
product sales receipt reference 92188,376702.43,0,PDF,8,revenue,credit
client payment for consulting services reference 86802,309749.98,1,Manual,10,revenue,credit
business travel expense reference 12197,76859.75,0,PDF,10,expense,debit
owner withdrawal against equity reference 43848,464958.61,0,CSV,11,equity,credit
equipment acquisition reference 62144,52770.5,0,PDF,8,asset,debit
product sales receipt reference 34348,413411.05,0,PDF,7,revenue,credit
loan repayment liability reference 23929,244132.43,0,Manual,5,liability,credit
supplier payable created reference 33221,374966.24,1,Bank,7,liability,credit
professional fees reference 97425,328484.48,0,Bank,1,expense,debit
subscription revenue reference 72507,183068.9,1,Manual,4,revenue,debit
inventory purchase for stock reference 32835,135445.83,0,PDF,12,asset,debit
service revenue received reference 85996,401421.65,1,PDF,2,revenue,credit
courier and postage expense reference 59865,251506.91,1,CSV,2,expense,debit
gst payable recorded reference 73125,223369.07,0,Manual,6,liability,credit
gst payable recorded reference 71743,450542.43,0,Manual,6,liability,credit
capital introduced by shareholder reference 97806,381849.53,0,Bank,10,equity,credit
salary payable recorded reference 45035,419029.52,1,Excel,12,liability,credit
sales revenue from customer invoice reference 68910,268391.73,0,PDF,10,revenue,debit
software subscription expense reference 18734,419974.02,0,Bank,2,expense,credit
software subscription expense reference 71005,257257.71,0,PDF,2,expense,debit
loan repayment liability reference 96328,496958.42,0,Bank,9,liability,credit
retained earnings transfer reference 80598,164203.71,0,Bank,7,equity,credit
business loan received reference 38615,206601.08,0,Bank,2,liability,credit
owner withdrawal against equity reference 23121,108167.83,1,CSV,6,equity,credit
prepaid insurance reference 21580,11562.06,1,CSV,10,asset,debit
vendor credit purchase reference 13915,308852.48,0,Excel,8,liability,credit
inventory purchase for stock reference 63182,374975.91,0,Manual,10,asset,debit
shareholder contribution reference 46158,104655.07,0,Manual,11,equity,credit
service revenue received reference 57211,11777.37,0,CSV,8,revenue,credit
client payment for consulting services reference 28632,465885.28,0,Bank,11,revenue,credit
share capital contribution reference 69080,444419.28,0,CSV,7,equity,debit
retained earnings transfer reference 36604,205210.87,0,Bank,3,equity,credit
owner withdrawal against equity reference 12948,351109.85,0,Manual,6,equity,credit
owner investment into business reference 29814,62687.3,1,Excel,12,equity,credit
courier and postage expense reference 90550,335756.07,0,Manual,2,expense,debit
short term borrowing reference 64819,108979.74,0,Bank,4,liability,credit
insurance expense reference 75306,323216.58,0,PDF,8,expense,debit
retained earnings transfer reference 98315,401369.26,0,CSV,9,equity,debit
service revenue received reference 40721,108447.97,0,CSV,9,revenue,credit
sales collection reference 75615,101159.03,0,CSV,10,revenue,credit
office furniture purchase reference 44648,56014.57,0,Bank,10,asset,debit
customer invoice settlement reference 52460,161131.26,1,Manual,3,revenue,credit
capital introduced by shareholder reference 55848,42104.37,1,Bank,10,equity,credit
purchase of machinery reference 54531,312303.29,0,Bank,9,asset,debit
business loan received reference 33400,57737.03,0,Excel,10,liability,credit
retained earnings transfer reference 47849,231072.92,0,Manual,5,equity,credit
owner capital introduced reference 84067,453289.75,1,CSV,4,equity,credit
retained earnings transfer reference 73956,290174.63,1,Manual,5,equity,credit
prepaid insurance reference 89220,235497.02,0,Bank,2,asset,debit
accounts payable recorded reference 44725,50063.83,0,CSV,10,liability,credit
owner investment into business reference 70158,87382.02,0,PDF,4,equity,credit
equipment acquisition reference 84620,138080.33,0,Manual,7,asset,debit
share capital contribution reference 37946,274489.53,0,Manual,5,equity,credit
owner capital introduced reference 33825,304983.01,0,Bank,6,equity,credit
prepaid insurance reference 62865,134835.56,0,Manual,1,asset,debit
professional fees reference 29895,195976.39,1,Excel,11,expense,debit
customer invoice settlement reference 12442,410445.49,1,PDF,10,revenue,credit
service revenue received reference 54677,233145.84,1,Excel,10,revenue,credit
internet and telecom bill reference 99152,61643.69,0,Manual,6,expense,debit
business loan received reference 97427,210214.65,0,Manual,4,liability,debit
gst payable recorded reference 41677,254054.84,0,Bank,8,liability,credit
salary payable recorded reference 39341,211733.37,0,Bank,7,liability,credit
office supplies purchase reference 96340,212393.01,0,CSV,6,expense,debit
security deposit paid reference 22355,49327.09,0,PDF,7,asset,debit
owner capital introduced reference 38547,486749.36,0,CSV,5,equity,credit
professional fees reference 32257,220805.16,0,Bank,5,expense,credit
shareholder contribution reference 98144,285092.22,0,Manual,11,equity,debit
courier and postage expense reference 56625,177140.14,1,CSV,12,expense,debit
supplier payable created reference 43615,284626.27,0,Excel,3,liability,credit
owner withdrawal against equity reference 74047,378084.47,0,Manual,2,equity,credit
professional fees reference 85439,313439.17,0,CSV,4,expense,debit
client payment for consulting services reference 29365,293092.78,1,CSV,9,revenue,credit
product sales receipt reference 67328,75436.89,0,PDF,1,revenue,credit
share capital contribution reference 36815,290162.07,0,CSV,8,equity,credit
sales revenue from customer invoice reference 32849,32356.86,0,Manual,4,revenue,credit
additional equity contribution reference 31460,249104.11,0,Excel,7,equity,credit
subscription revenue reference 35809,68445.71,0,Excel,6,revenue,credit
accounts payable recorded reference 75770,406367.08,0,Manual,1,liability,credit
purchase of computer equipment reference 12948,276822.03,1,Bank,5,asset,debit
product sales receipt reference 70469,397864.84,0,Manual,10,revenue,credit
marketing campaign expense reference 90077,416277.61,1,Manual,9,expense,debit
inventory purchase for stock reference 31968,395734.21,0,PDF,3,asset,debit
sales collection reference 92725,57965.02,0,Bank,2,revenue,credit
retained earnings transfer reference 58993,300923.66,1,Bank,11,equity,credit
equipment acquisition reference 53021,464493.18,0,CSV,9,asset,debit
business loan received reference 41314,85972.77,0,Bank,1,liability,credit
office electricity bill reference 22137,328252.74,0,Manual,1,expense,debit
supplier payable created reference 74218,319395.77,0,Manual,2,liability,credit
accounts payable recorded reference 60571,153166.55,0,CSV,9,liability,credit
security deposit paid reference 43394,445432.6,0,Bank,5,asset,debit
business travel expense reference 41488,81970.83,0,Manual,2,expense,debit
insurance expense reference 37050,132560.91,0,Manual,12,expense,debit
prepaid insurance reference 88647,42137.34,0,CSV,3,asset,debit
consulting income received reference 31502,203706.82,0,Manual,6,revenue,credit
salary payable recorded reference 84933,79837.99,0,PDF,7,liability,debit
employee salary payment reference 68119,414196.88,0,Excel,1,expense,debit
supplier payable created reference 65926,225310.58,0,Bank,7,liability,credit
marketing campaign expense reference 31765,249668.88,1,PDF,10,expense,debit
tax payable recorded reference 42253,29160.79,0,Manual,7,liability,credit
employee salary payment reference 22341,465545.0,0,PDF,11,expense,debit
service revenue received reference 60574,164728.41,0,Excel,1,revenue,credit
loan repayment liability reference 33416,467556.62,0,CSV,3,liability,credit
tax payable recorded reference 33550,73716.05,0,Bank,3,liability,credit
service revenue received reference 63799,221229.59,0,Bank,11,revenue,credit
business loan received reference 43574,382780.79,0,Bank,12,liability,credit
owner capital introduced reference 77314,154356.61,0,CSV,10,equity,credit
professional fees reference 69467,183145.94,0,Manual,2,expense,debit
office supplies purchase reference 13190,122629.91,0,Excel,7,expense,debit
additional equity contribution reference 48426,155993.5,0,CSV,11,equity,credit
supplier payable created reference 54797,208441.46,0,Manual,2,liability,credit
equipment acquisition reference 70182,457116.08,0,Excel,8,asset,debit
subscription revenue reference 45700,473461.44,0,Excel,8,revenue,credit
owner capital introduced reference 22179,468073.62,0,Manual,7,equity,credit
share capital contribution reference 86512,396983.72,0,Bank,12,equity,credit
product sales receipt reference 51563,329547.33,0,CSV,4,revenue,credit
employee salary payment reference 64976,261543.81,0,CSV,9,expense,credit
owner investment into business reference 71144,95663.09,0,Bank,2,equity,credit
office furniture purchase reference 63256,409615.55,0,Manual,7,asset,debit
maintenance and repair expense reference 97200,219879.54,0,Excel,3,expense,debit
short term borrowing reference 95610,33983.07,0,PDF,6,liability,credit
insurance expense reference 48402,88721.36,1,PDF,10,expense,credit
office electricity bill reference 73883,206609.32,0,Bank,12,expense,debit
purchase of computer equipment reference 56545,91299.04,0,PDF,9,asset,debit
owner investment into business reference 54937,153675.9,0,CSV,6,equity,credit
vendor credit purchase reference 80334,4515.22,0,PDF,11,liability,credit
purchase of computer equipment reference 73487,77310.27,0,Bank,9,asset,debit
inventory purchase for stock reference 38129,398284.29,0,CSV,9,asset,debit
business travel expense reference 72360,417475.32,1,CSV,1,expense,debit
loan repayment liability reference 93132,83260.06,0,Manual,12,liability,credit
prepaid insurance reference 11232,425227.33,0,Bank,10,asset,debit
purchase of office laptop reference 95880,495230.01,0,CSV,6,asset,debit
accounts payable recorded reference 69803,300983.58,0,PDF,2,liability,credit
owner capital introduced reference 61828,208997.92,0,Manual,9,equity,credit
customer invoice settlement reference 21145,99391.38,0,Manual,2,revenue,credit
courier and postage expense reference 76521,108184.44,0,PDF,12,expense,debit
office furniture purchase reference 39646,180120.06,0,PDF,1,asset,debit
vendor credit purchase reference 46124,69178.47,1,CSV,7,liability,credit
insurance expense reference 14703,165588.63,1,CSV,6,expense,debit
customer invoice settlement reference 27052,65395.79,0,CSV,3,revenue,credit
monthly office rent reference 51552,225075.04,0,Manual,1,expense,debit
salary payable recorded reference 14228,135321.24,0,Excel,6,liability,credit
capital introduced by shareholder reference 81810,479683.15,0,Bank,4,equity,debit
purchase of office laptop reference 19213,122376.3,0,PDF,2,asset,debit
purchase of machinery reference 49954,239068.21,0,Excel,3,asset,debit
owner investment into business reference 87001,315724.54,0,PDF,5,equity,credit
inventory purchase for stock reference 85690,429599.32,0,PDF,4,asset,debit
purchase of computer equipment reference 10821,369371.02,0,Bank,4,asset,debit
office electricity bill reference 56438,88631.36,0,Bank,10,expense,debit
short term borrowing reference 55487,185968.74,0,Excel,2,liability,credit
consulting income received reference 29461,161183.11,0,Bank,9,revenue,credit
vendor credit purchase reference 26439,295782.33,1,CSV,8,liability,credit
retained earnings transfer reference 28064,156077.76,0,Manual,12,equity,credit
employee salary payment reference 25362,217326.19,1,CSV,12,expense,debit
subscription revenue reference 34721,274860.32,0,Manual,8,revenue,credit
consulting income received reference 42373,149368.26,1,CSV,9,revenue,credit
short term borrowing reference 37406,434964.91,1,Excel,10,liability,credit
client payment for consulting services reference 79803,347684.16,0,CSV,10,revenue,credit
subscription revenue reference 52893,372420.84,1,Bank,6,revenue,credit
software subscription expense reference 67223,426237.84,0,Excel,11,expense,debit
additional equity contribution reference 11588,116612.62,0,CSV,1,equity,credit
security deposit paid reference 83362,475359.16,0,CSV,11,asset,debit
owner investment into business reference 63942,117434.18,0,Excel,5,equity,credit
purchase of computer equipment reference 65652,487064.73,1,Excel,5,asset,debit
owner investment into business reference 91524,154568.2,0,PDF,11,equity,credit
accounts payable recorded reference 50425,324609.24,0,CSV,5,liability,credit
office supplies purchase reference 23937,397049.25,0,Bank,11,expense,debit
share capital contribution reference 16141,122941.5,0,Manual,4,equity,credit
short term borrowing reference 30648,106536.36,1,Excel,1,liability,credit
software subscription expense reference 64346,400560.49,1,CSV,12,expense,debit
subscription revenue reference 70163,406546.22,0,Excel,7,revenue,credit
loan repayment liability reference 65499,171911.98,0,CSV,10,liability,credit
software subscription expense reference 91673,103253.2,0,Bank,10,expense,debit
consulting income received reference 46133,347186.18,0,Bank,10,revenue,credit
business loan received reference 83406,53723.47,0,Manual,8,liability,credit
business loan received reference 89792,181003.38,0,CSV,12,liability,credit
business travel expense reference 66618,114015.79,0,CSV,10,expense,debit
business loan received reference 85497,178292.21,0,CSV,3,liability,debit
accounts receivable created reference 85009,192053.57,0,Bank,6,asset,debit
vendor credit purchase reference 47825,335592.06,1,Manual,7,liability,credit
equipment acquisition reference 65956,13883.31,0,Excel,7,asset,debit
salary payable recorded reference 43132,252466.82,1,CSV,3,liability,debit
subscription revenue reference 57735,89533.88,0,Excel,3,revenue,credit
supplier payable created reference 82357,294852.8,0,Bank,8,liability,credit
owner withdrawal against equity reference 26360,412857.51,0,PDF,11,equity,credit
vehicle purchase for business reference 41582,360412.2,1,CSV,2,asset,debit
maintenance and repair expense reference 80817,173067.1,0,Manual,9,expense,debit
salary payable recorded reference 69836,165661.34,1,Manual,7,liability,credit
owner withdrawal against equity reference 68358,77488.81,0,Excel,2,equity,credit
purchase of office laptop reference 76542,414786.26,0,PDF,12,asset,debit
business travel expense reference 97801,234383.15,1,Manual,9,expense,credit
capital introduced by shareholder reference 19237,288030.69,0,Bank,6,equity,credit
business travel expense reference 85370,480209.17,0,CSV,2,expense,debit
sales revenue from customer invoice reference 53086,130528.27,0,Bank,7,revenue,credit
service revenue received reference 89789,49223.58,0,Bank,10,revenue,credit
purchase of machinery reference 21723,458852.6,0,PDF,7,asset,debit
share capital contribution reference 79066,320567.08,0,PDF,10,equity,credit
vehicle purchase for business reference 41351,386584.03,0,CSV,6,asset,debit
service revenue received reference 79316,168759.84,0,CSV,8,revenue,credit
purchase of computer equipment reference 25316,23293.07,0,Manual,3,asset,debit
owner capital introduced reference 61256,234783.96,0,PDF,1,equity,debit
maintenance and repair expense reference 40328,423352.32,0,Bank,1,expense,debit
additional equity contribution reference 76335,382703.95,0,PDF,10,equity,credit
owner investment into business reference 79519,218866.04,0,PDF,4,equity,credit
purchase of office laptop reference 76255,274148.21,0,Excel,12,asset,debit
courier and postage expense reference 53680,37519.48,0,CSV,2,expense,debit
client payment for consulting services reference 47655,237329.27,0,Bank,7,revenue,credit
salary payable recorded reference 42543,106507.95,0,PDF,8,liability,credit
accounts payable recorded reference 35594,290773.24,1,PDF,1,liability,credit
inventory purchase for stock reference 80805,221200.09,1,Manual,11,asset,debit
salary payable recorded reference 56980,72607.89,1,Manual,5,liability,credit
business loan received reference 77637,173697.29,0,CSV,1,liability,debit
consulting income received reference 85095,248894.37,0,PDF,5,revenue,credit
courier and postage expense reference 57553,65174.92,1,Excel,3,expense,debit
share capital contribution reference 30618,182741.31,0,CSV,8,equity,debit
short term borrowing reference 17628,429927.62,0,Excel,5,liability,credit
internet and telecom bill reference 49763,23207.1,0,Manual,6,expense,debit
software subscription expense reference 68772,452014.84,0,Manual,7,expense,credit
share capital contribution reference 69434,347390.74,0,CSV,3,equity,credit
sales collection reference 43964,73287.02,0,PDF,8,revenue,credit
security deposit paid reference 78501,390700.59,0,CSV,9,asset,credit
owner investment into business reference 59837,69641.03,1,PDF,9,equity,credit
purchase of office laptop reference 96319,178310.81,1,Bank,9,asset,debit
purchase of computer equipment reference 24566,403556.03,0,CSV,8,asset,debit
professional fees reference 34233,328021.82,0,PDF,2,expense,debit
salary payable recorded reference 63166,479565.62,0,Excel,8,liability,credit
purchase of machinery reference 74889,407720.18,0,CSV,2,asset,debit
office supplies purchase reference 52820,447696.84,0,CSV,3,expense,debit
accounts payable recorded reference 25044,194402.96,0,CSV,2,liability,credit
gst payable recorded reference 79071,265004.42,0,PDF,5,liability,credit
sales collection reference 47298,262878.94,0,Excel,2,revenue,credit
capital introduced by shareholder reference 15469,367097.32,0,CSV,2,equity,credit
prepaid insurance reference 39680,136694.82,0,Bank,4,asset,debit
additional equity contribution reference 27668,261976.81,0,PDF,3,equity,credit
marketing campaign expense reference 63812,433297.58,0,Excel,9,expense,debit
owner investment into business reference 49246,397976.82,0,Bank,9,equity,debit
gst payable recorded reference 85345,220398.11,0,PDF,11,liability,credit
accounts payable recorded reference 27862,250461.93,0,Manual,1,liability,credit
salary payable recorded reference 26566,135656.63,0,CSV,7,liability,credit
share capital contribution reference 28778,277456.3,0,Bank,7,equity,credit
supplier payable created reference 74737,191257.46,0,Excel,9,liability,credit
gst payable recorded reference 29732,342956.43,0,PDF,2,liability,credit
supplier payable created reference 62910,183942.32,0,Manual,7,liability,credit
salary payable recorded reference 73060,191828.18,0,Manual,3,liability,credit
share capital contribution reference 72340,147105.35,0,Excel,5,equity,credit
additional equity contribution reference 55960,66360.1,0,PDF,11,equity,credit
accounts receivable created reference 24150,360329.03,0,CSV,7,asset,debit
inventory purchase for stock reference 58060,55366.15,0,CSV,7,asset,debit
equipment acquisition reference 69439,3105.83,0,Manual,2,asset,debit
service revenue received reference 30760,452943.03,0,Bank,10,revenue,credit
sales revenue from customer invoice reference 50310,93259.23,0,PDF,1,revenue,credit
professional fees reference 48647,237140.26,1,Manual,2,expense,credit
gst payable recorded reference 72170,92333.74,0,Excel,2,liability,credit
consulting income received reference 47931,399063.66,0,Bank,7,revenue,credit
office electricity bill reference 46567,388090.72,0,PDF,6,expense,debit
accounts payable recorded reference 53538,119338.34,0,Excel,8,liability,credit
office supplies purchase reference 72285,380525.11,0,Excel,6,expense,debit
equipment acquisition reference 27553,467701.3,1,Excel,7,asset,debit
vendor credit purchase reference 11552,438072.21,1,PDF,3,liability,credit
marketing campaign expense reference 70617,305598.7,0,PDF,3,expense,debit
security deposit paid reference 16660,205100.46,0,PDF,12,asset,debit
security deposit paid reference 17458,74012.47,1,Bank,9,asset,debit
loan repayment liability reference 25778,467079.08,0,Manual,11,liability,credit
accounts receivable created reference 64353,80991.11,0,Manual,8,asset,debit
tax payable recorded reference 48979,495083.84,1,Manual,12,liability,credit
capital introduced by shareholder reference 87519,158915.66,1,Manual,11,equity,credit
professional fees reference 30907,41906.75,0,Manual,7,expense,debit
loan repayment liability reference 48934,90323.39,1,CSV,1,liability,credit
additional equity contribution reference 75091,121502.0,1,Excel,9,equity,credit
shareholder contribution reference 94013,446713.08,0,CSV,7,equity,credit
owner investment into business reference 34487,23416.92,1,PDF,12,equity,credit
vehicle purchase for business reference 78601,47419.84,1,Excel,2,asset,debit
subscription revenue reference 83869,290912.78,0,Excel,7,revenue,credit
business loan received reference 72073,337045.93,0,PDF,5,liability,credit
business loan received reference 62700,396492.16,0,Manual,8,liability,credit
owner withdrawal against equity reference 61424,247201.59,1,CSV,4,equity,credit
sales collection reference 96211,292404.03,0,Bank,7,revenue,credit
gst payable recorded reference 24476,220311.6,0,CSV,11,liability,credit
retained earnings transfer reference 71964,133262.82,0,Bank,1,equity,credit
capital introduced by shareholder reference 72568,152079.56,0,CSV,11,equity,credit
retained earnings transfer reference 11501,92957.6,1,Bank,4,equity,credit
owner investment into business reference 25534,117575.87,0,Bank,2,equity,credit
loan repayment liability reference 55586,78178.32,0,Excel,3,liability,credit
owner capital introduced reference 64073,145486.99,0,Bank,9,equity,debit
sales revenue from customer invoice reference 35560,59854.36,0,Bank,2,revenue,credit
insurance expense reference 56732,477383.94,0,Excel,3,expense,debit
employee salary payment reference 26883,468237.93,0,CSV,8,expense,debit
business loan received reference 41326,216547.5,1,PDF,10,liability,credit
client payment for consulting services reference 79553,330247.13,0,PDF,6,revenue,credit
office furniture purchase reference 74100,337700.67,0,Excel,12,asset,debit
equipment acquisition reference 11977,270527.57,1,Bank,4,asset,debit
consulting income received reference 28454,403212.63,1,Bank,8,revenue,credit
retained earnings transfer reference 73631,251682.2,0,Manual,2,equity,credit
consulting income received reference 68389,483969.41,1,Excel,12,revenue,credit
client payment for consulting services reference 90322,374934.5,0,Excel,7,revenue,credit
sales collection reference 43355,199181.9,0,Manual,8,revenue,debit
software subscription expense reference 57228,453669.81,0,CSV,10,expense,debit
courier and postage expense reference 35151,332548.59,1,Manual,10,expense,debit
accounts payable recorded reference 79950,180976.33,0,PDF,10,liability,debit
sales revenue from customer invoice reference 60209,362233.76,0,Manual,3,revenue,credit
product sales receipt reference 39857,35581.57,1,PDF,11,revenue,credit
retained earnings transfer reference 77971,462690.37,0,CSV,2,equity,credit
accounts payable recorded reference 86682,168307.72,0,PDF,9,liability,credit
customer invoice settlement reference 13957,410483.27,0,CSV,3,revenue,credit
client payment for consulting services reference 10360,8781.61,0,Excel,8,revenue,credit
accounts receivable created reference 97568,366263.45,0,Manual,1,asset,debit
client payment for consulting services reference 23985,266927.31,0,CSV,3,revenue,credit
retained earnings transfer reference 83199,275084.83,0,Bank,11,equity,credit
loan repayment liability reference 66948,136853.55,0,Excel,5,liability,credit
vehicle purchase for business reference 11624,2003.19,0,PDF,1,asset,debit
service revenue received reference 25272,361935.66,1,PDF,11,revenue,credit
service revenue received reference 76983,427976.3,0,Excel,3,revenue,credit
retained earnings transfer reference 98365,12497.42,1,Manual,5,equity,debit
accounts payable recorded reference 32641,191906.47,0,PDF,9,liability,credit
vehicle purchase for business reference 84633,150589.68,0,CSV,12,asset,debit
prepaid insurance reference 45538,450932.79,0,CSV,9,asset,debit
inventory purchase for stock reference 23282,19580.05,0,Excel,10,asset,debit
retained earnings transfer reference 74461,33371.18,0,Manual,1,equity,credit
business loan received reference 54508,151312.35,0,Excel,11,liability,credit
owner investment into business reference 33692,62238.12,0,PDF,2,equity,credit
salary payable recorded reference 10905,441032.67,0,PDF,1,liability,credit
owner investment into business reference 65114,416846.37,0,PDF,11,equity,credit
courier and postage expense reference 50556,90478.93,0,CSV,9,expense,debit
customer invoice settlement reference 51885,421980.59,0,Excel,5,revenue,credit
courier and postage expense reference 33110,217767.95,0,Manual,7,expense,debit
monthly office rent reference 24818,345123.93,0,CSV,9,expense,debit
owner investment into business reference 12466,74511.79,0,CSV,6,equity,debit
owner capital introduced reference 81845,396463.65,0,CSV,4,equity,credit
owner withdrawal against equity reference 44760,128380.9,0,Manual,4,equity,credit
additional equity contribution reference 40229,493618.8,0,Manual,12,equity,credit
vendor credit purchase reference 40903,320072.25,0,Excel,9,liability,credit
short term borrowing reference 76558,338420.99,0,Manual,11,liability,credit
security deposit paid reference 58481,330610.17,0,Excel,8,asset,debit
professional fees reference 80755,204035.38,1,Manual,8,expense,debit
capital introduced by shareholder reference 74263,225291.96,0,Bank,2,equity,credit
shareholder contribution reference 17659,84110.09,0,CSV,12,equity,credit
tax payable recorded reference 81213,399555.86,0,Manual,10,liability,credit
additional equity contribution reference 26492,486395.92,0,Excel,8,equity,credit
owner investment into business reference 55206,138594.65,0,Manual,5,equity,credit
salary payable recorded reference 78603,302071.85,1,PDF,6,liability,credit
employee salary payment reference 97672,26347.72,0,Manual,8,expense,debit
maintenance and repair expense reference 19284,317728.85,0,Excel,4,expense,debit
owner investment into business reference 52101,199631.61,0,PDF,8,equity,credit
owner capital introduced reference 56280,485365.37,0,Manual,8,equity,credit
equipment acquisition reference 68362,415008.57,0,PDF,1,asset,credit
security deposit paid reference 80893,77915.43,0,PDF,3,asset,debit
short term borrowing reference 71339,184155.97,0,CSV,8,liability,credit
sales collection reference 10243,149730.16,0,Bank,5,revenue,credit
consulting income received reference 98846,439608.89,1,Manual,10,revenue,credit
software subscription expense reference 99594,260487.66,1,Bank,2,expense,debit
accounts payable recorded reference 67917,470457.83,1,Manual,4,liability,credit
office electricity bill reference 23459,415490.32,1,Bank,5,expense,debit
product sales receipt reference 72176,318445.86,0,CSV,3,revenue,credit
insurance expense reference 48076,491949.53,0,Excel,7,expense,debit
office supplies purchase reference 73285,280699.98,0,CSV,2,expense,debit
vendor credit purchase reference 11631,112498.05,0,PDF,5,liability,credit
gst payable recorded reference 29414,63484.62,0,PDF,8,liability,credit
sales collection reference 80327,69485.83,0,CSV,9,revenue,credit
retained earnings transfer reference 99076,314126.4,1,Bank,8,equity,credit
purchase of machinery reference 70792,160708.11,1,CSV,2,asset,credit
additional equity contribution reference 33997,187677.77,1,Manual,9,equity,credit
purchase of computer equipment reference 96179,370130.76,0,CSV,1,asset,debit
maintenance and repair expense reference 67163,64757.27,1,CSV,12,expense,debit
owner capital introduced reference 96318,438411.59,0,Manual,8,equity,debit
security deposit paid reference 54276,84201.17,1,CSV,8,asset,debit
consulting income received reference 56992,276350.43,1,PDF,10,revenue,credit
purchase of office laptop reference 83394,250242.88,1,Manual,8,asset,debit
service revenue received reference 75316,64129.37,0,CSV,6,revenue,credit
software subscription expense reference 99902,292641.02,0,CSV,8,expense,debit
purchase of machinery reference 57639,103241.82,0,Manual,7,asset,debit
supplier payable created reference 85561,44661.73,0,Excel,3,liability,credit
owner withdrawal against equity reference 67777,457193.51,0,PDF,1,equity,credit
employee salary payment reference 34564,315572.75,0,Manual,9,expense,debit
shareholder contribution reference 87897,35933.53,0,CSV,4,equity,credit
office furniture purchase reference 91187,208887.75,0,Manual,6,asset,debit
owner withdrawal against equity reference 35239,408099.96,0,Excel,10,equity,credit
product sales receipt reference 17956,337260.5,0,CSV,1,revenue,credit
internet and telecom bill reference 10114,12128.1,0,Manual,5,expense,debit
purchase of office laptop reference 97879,354201.31,0,Excel,4,asset,debit
vehicle purchase for business reference 31799,449127.26,0,Excel,9,asset,debit
owner withdrawal against equity reference 68541,210284.11,0,Bank,3,equity,credit
sales collection reference 24173,225162.33,1,Bank,11,revenue,credit
owner investment into business reference 91604,458570.28,0,CSV,6,equity,credit
internet and telecom bill reference 70649,111844.21,0,Manual,10,expense,debit
security deposit paid reference 60814,245144.53,0,PDF,2,asset,debit
product sales receipt reference 48431,50364.03,0,PDF,12,revenue,credit
owner withdrawal against equity reference 66514,433761.71,0,PDF,2,equity,credit
sales revenue from customer invoice reference 60004,344845.54,0,PDF,10,revenue,credit
equipment acquisition reference 91268,261079.79,0,CSV,6,asset,debit
consulting income received reference 70952,30701.56,0,PDF,7,revenue,credit
share capital contribution reference 24686,128350.16,0,Excel,10,equity,debit
sales revenue from customer invoice reference 23494,436116.1,0,Excel,2,revenue,credit
insurance expense reference 37314,418158.19,0,Excel,10,expense,debit
share capital contribution reference 79692,118940.93,0,Bank,7,equity,credit
customer invoice settlement reference 28044,383540.67,0,PDF,10,revenue,credit
owner investment into business reference 62548,189747.53,0,Bank,1,equity,credit
sales revenue from customer invoice reference 90026,470701.32,1,PDF,2,revenue,credit
software subscription expense reference 61249,258446.07,0,PDF,4,expense,debit
product sales receipt reference 43175,228264.43,1,CSV,1,revenue,debit
business loan received reference 78777,359075.4,0,PDF,4,liability,credit
accounts payable recorded reference 35955,278830.18,0,CSV,6,liability,credit
purchase of office laptop reference 83161,463967.6,0,Excel,11,asset,credit
owner investment into business reference 86394,139849.16,0,Bank,12,equity,credit
subscription revenue reference 87116,49392.7,0,Manual,5,revenue,credit
tax payable recorded reference 32566,499100.15,1,PDF,10,liability,credit
consulting income received reference 16327,9606.42,1,PDF,7,revenue,credit
professional fees reference 59722,467744.99,0,Manual,7,expense,debit
purchase of computer equipment reference 56371,83209.83,0,Manual,3,asset,debit
office furniture purchase reference 36525,488228.04,0,CSV,3,asset,debit
security deposit paid reference 18671,183151.99,0,Bank,8,asset,debit
sales revenue from customer invoice reference 52156,446295.93,0,CSV,3,revenue,credit
vehicle purchase for business reference 61361,471872.8,0,Bank,12,asset,debit
consulting income received reference 47667,8190.63,0,Bank,2,revenue,credit
share capital contribution reference 96234,362321.08,0,Manual,5,equity,credit
purchase of machinery reference 78013,244424.34,0,Manual,9,asset,debit
accounts payable recorded reference 14965,11415.52,0,Excel,7,liability,credit
additional equity contribution reference 13303,142368.73,0,PDF,9,equity,credit
marketing campaign expense reference 88637,413402.36,0,Excel,11,expense,debit
maintenance and repair expense reference 12625,77491.66,0,Manual,7,expense,debit
insurance expense reference 93375,134018.93,0,Excel,1,expense,debit
purchase of office laptop reference 90089,280164.21,0,Excel,5,asset,debit
insurance expense reference 48321,80013.9,0,CSV,3,expense,debit
business loan received reference 34701,133071.01,0,CSV,4,liability,credit
short term borrowing reference 28749,450623.91,0,CSV,5,liability,credit
gst payable recorded reference 77283,66244.2,0,Manual,11,liability,credit
share capital contribution reference 60543,263432.26,0,PDF,10,equity,credit
employee salary payment reference 94079,252151.45,0,Manual,4,expense,debit
marketing campaign expense reference 63853,480086.67,0,CSV,8,expense,debit
employee salary payment reference 26210,350789.83,1,CSV,8,expense,debit
marketing campaign expense reference 34669,373268.58,0,PDF,5,expense,debit
salary payable recorded reference 73053,117291.99,0,Bank,8,liability,credit
inventory purchase for stock reference 95913,62480.96,0,CSV,12,asset,debit
accounts payable recorded reference 44676,193450.83,0,PDF,5,liability,credit
capital introduced by shareholder reference 19875,372043.15,0,Bank,1,equity,credit
employee salary payment reference 47146,203797.33,1,Bank,12,expense,debit
shareholder contribution reference 85303,162045.26,1,Bank,8,equity,credit
vendor credit purchase reference 32255,402278.68,0,PDF,3,liability,credit
office supplies purchase reference 43372,476550.33,0,PDF,4,expense,debit
employee salary payment reference 76371,388474.69,0,CSV,8,expense,debit
employee salary payment reference 61273,89323.33,0,PDF,3,expense,debit
short term borrowing reference 35746,86781.36,0,CSV,10,liability,credit
gst payable recorded reference 60652,285303.61,0,CSV,10,liability,credit
purchase of office laptop reference 54483,117111.31,1,Manual,4,asset,debit
subscription revenue reference 71362,101001.65,0,PDF,2,revenue,credit
inventory purchase for stock reference 62305,328520.31,0,Bank,5,asset,credit
additional equity contribution reference 79399,207036.37,1,Bank,11,equity,credit
gst payable recorded reference 80593,259916.8,0,Manual,2,liability,credit
internet and telecom bill reference 53711,56169.58,0,Excel,6,expense,debit
accounts payable recorded reference 58402,130645.35,0,Bank,1,liability,credit
professional fees reference 47583,234664.51,0,CSV,3,expense,debit
inventory purchase for stock reference 37530,71854.02,0,Bank,3,asset,debit
office electricity bill reference 49244,471448.42,0,CSV,6,expense,debit
shareholder contribution reference 33745,227784.63,1,Excel,12,equity,credit
owner withdrawal against equity reference 11027,267680.54,0,PDF,8,equity,credit
owner investment into business reference 57193,401727.34,1,CSV,7,equity,credit
short term borrowing reference 19423,82499.31,0,CSV,12,liability,debit
sales revenue from customer invoice reference 99946,258471.47,1,PDF,9,revenue,debit
client payment for consulting services reference 56165,311975.79,0,CSV,4,revenue,credit
business loan received reference 29767,434728.06,0,CSV,2,liability,credit
customer invoice settlement reference 54802,214609.18,0,CSV,3,revenue,credit
subscription revenue reference 50385,187869.27,1,CSV,4,revenue,credit
office furniture purchase reference 30229,395936.41,1,Manual,12,asset,debit
subscription revenue reference 98803,489896.88,0,Manual,6,revenue,credit
insurance expense reference 96589,149944.33,0,Excel,1,expense,debit
service revenue received reference 77474,338358.69,0,PDF,3,revenue,credit
consulting income received reference 49861,156229.84,0,Bank,8,revenue,credit
salary payable recorded reference 79448,56887.99,0,Bank,4,liability,credit
marketing campaign expense reference 87430,348238.98,0,Bank,3,expense,debit
share capital contribution reference 62519,31721.76,0,Excel,8,equity,credit
vehicle purchase for business reference 11168,117298.08,0,CSV,1,asset,debit
client payment for consulting services reference 80522,353340.75,0,CSV,3,revenue,credit
tax payable recorded reference 59440,48683.33,0,PDF,3,liability,credit
insurance expense reference 99316,82141.29,0,Bank,6,expense,debit
vendor credit purchase reference 75681,336788.86,0,CSV,2,liability,credit
loan repayment liability reference 15647,383323.43,0,PDF,4,liability,credit
loan repayment liability reference 28033,136700.36,0,Excel,1,liability,credit
software subscription expense reference 46925,173696.67,0,CSV,7,expense,debit
owner withdrawal against equity reference 17117,460372.08,0,CSV,9,equity,credit
sales revenue from customer invoice reference 87954,11815.67,0,Excel,11,revenue,credit
salary payable recorded reference 65352,325483.26,0,PDF,4,liability,credit
insurance expense reference 18255,302349.56,0,PDF,1,expense,debit
owner investment into business reference 71406,181246.68,1,PDF,12,equity,credit
office electricity bill reference 10206,390742.15,0,Bank,1,expense,debit
client payment for consulting services reference 51483,41036.42,1,Excel,6,revenue,credit
software subscription expense reference 92865,481672.38,0,Excel,11,expense,debit
courier and postage expense reference 47457,338091.82,0,CSV,7,expense,debit
accounts payable recorded reference 10760,195943.91,0,Bank,2,liability,credit
business travel expense reference 88704,31052.59,1,Manual,1,expense,debit
maintenance and repair expense reference 99482,157297.45,0,Excel,5,expense,debit
prepaid insurance reference 35165,149630.68,0,Bank,7,asset,debit
inventory purchase for stock reference 22918,389234.13,0,Manual,11,asset,credit
business travel expense reference 60322,92019.45,0,CSV,12,expense,debit
accounts payable recorded reference 59840,216330.21,0,CSV,5,liability,debit
software subscription expense reference 35270,473418.07,0,Manual,4,expense,credit
retained earnings transfer reference 59210,256134.22,1,Bank,7,equity,credit
purchase of computer equipment reference 40713,240896.31,0,CSV,11,asset,debit
owner capital introduced reference 50135,3002.77,0,PDF,3,equity,credit
loan repayment liability reference 11801,381687.16,0,Excel,2,liability,credit
internet and telecom bill reference 78332,466842.66,0,CSV,7,expense,debit
subscription revenue reference 47981,356583.92,0,Excel,2,revenue,credit
capital introduced by shareholder reference 12238,379819.59,0,CSV,2,equity,credit
marketing campaign expense reference 76403,456040.59,0,PDF,2,expense,debit
salary payable recorded reference 69749,184225.81,0,Manual,6,liability,credit
vehicle purchase for business reference 51947,393425.59,1,Excel,12,asset,debit
sales revenue from customer invoice reference 14050,428088.49,1,Excel,4,revenue,debit
owner capital introduced reference 50038,46963.43,0,Bank,12,equity,credit
accounts receivable created reference 23966,309607.93,0,Manual,5,asset,credit
capital introduced by shareholder reference 45156,154267.74,1,Bank,11,equity,credit
share capital contribution reference 90309,131799.79,0,CSV,12,equity,credit
product sales receipt reference 36717,30785.06,0,Excel,4,revenue,credit
tax payable recorded reference 74830,76605.8,1,Manual,11,liability,credit
sales revenue from customer invoice reference 40711,264146.25,0,Excel,10,revenue,credit
prepaid insurance reference 18845,125225.51,0,CSV,1,asset,debit
loan repayment liability reference 14693,127228.69,1,CSV,1,liability,credit
professional fees reference 81041,398135.59,0,Bank,7,expense,credit
tax payable recorded reference 64869,65105.64,0,Excel,5,liability,credit
subscription revenue reference 71432,37498.24,0,Bank,5,revenue,credit
short term borrowing reference 25313,326413.68,1,CSV,9,liability,credit
purchase of office laptop reference 27503,115179.76,0,Manual,10,asset,debit
owner investment into business reference 92666,484279.85,0,CSV,10,equity,credit
tax payable recorded reference 12973,363444.35,1,Manual,1,liability,credit
owner investment into business reference 38183,385735.29,0,CSV,5,equity,credit
vendor credit purchase reference 11346,296008.34,0,PDF,10,liability,credit
supplier payable created reference 33631,310852.67,0,Manual,5,liability,credit
purchase of office laptop reference 31985,190144.51,0,CSV,9,asset,debit
purchase of computer equipment reference 80714,419600.04,0,Excel,3,asset,debit
office supplies purchase reference 23898,227397.21,0,PDF,6,expense,debit
service revenue received reference 51019,101580.5,0,Manual,7,revenue,credit
insurance expense reference 44906,422671.22,0,PDF,1,expense,debit
subscription revenue reference 96807,467088.65,1,PDF,9,revenue,credit
subscription revenue reference 96315,353779.96,0,CSV,12,revenue,credit
capital introduced by shareholder reference 70638,60380.9,0,Bank,1,equity,credit
marketing campaign expense reference 23708,320877.87,0,CSV,8,expense,debit
sales collection reference 15660,326263.21,0,Bank,10,revenue,debit
sales revenue from customer invoice reference 94247,300724.63,1,PDF,9,revenue,credit
maintenance and repair expense reference 50343,472956.34,1,PDF,11,expense,debit
internet and telecom bill reference 52790,216514.0,0,Manual,7,expense,debit
employee salary payment reference 37108,105005.72,0,Bank,4,expense,debit
sales collection reference 95397,378373.27,0,CSV,6,revenue,credit
equipment acquisition reference 27136,203614.39,0,Manual,2,asset,debit
purchase of computer equipment reference 41596,420472.05,1,Excel,3,asset,debit
equipment acquisition reference 38283,185629.42,0,PDF,12,asset,debit
prepaid insurance reference 11261,53956.87,0,Bank,12,asset,debit
sales collection reference 84924,324120.66,0,PDF,2,revenue,credit
office electricity bill reference 18859,116660.18,1,CSV,12,expense,debit
subscription revenue reference 84700,487960.82,0,CSV,12,revenue,credit
accounts payable recorded reference 27669,116048.53,0,PDF,10,liability,credit
accounts receivable created reference 56653,443215.21,1,Bank,6,asset,debit
purchase of computer equipment reference 75242,155798.82,1,PDF,1,asset,debit
tax payable recorded reference 89189,191745.04,0,Excel,12,liability,credit
office furniture purchase reference 74450,76425.0,0,Excel,6,asset,debit
office electricity bill reference 50422,131444.48,0,Excel,10,expense,debit
business travel expense reference 68623,260785.54,0,Excel,11,expense,debit
gst payable recorded reference 67533,287890.76,0,Bank,10,liability,credit
monthly office rent reference 90032,382666.86,0,CSV,4,expense,debit
consulting income received reference 73188,495303.67,0,Bank,5,revenue,credit
capital introduced by shareholder reference 39421,297417.31,0,Bank,9,equity,credit
retained earnings transfer reference 88326,419353.52,0,Bank,5,equity,credit
consulting income received reference 31716,30823.24,0,Manual,2,revenue,credit
inventory purchase for stock reference 92048,449688.03,0,CSV,6,asset,debit
supplier payable created reference 63326,458688.19,1,Bank,8,liability,credit
owner withdrawal against equity reference 77011,345231.51,0,CSV,8,equity,credit
tax payable recorded reference 12692,208457.23,0,PDF,10,liability,credit
vehicle purchase for business reference 83454,2546.14,0,Excel,1,asset,debit
service revenue received reference 49541,56505.52,0,CSV,2,revenue,credit
short term borrowing reference 25569,4313.82,0,CSV,4,liability,credit
business loan received reference 45936,435538.0,1,Excel,9,liability,credit
owner investment into business reference 46790,89670.17,1,Manual,12,equity,credit
accounts payable recorded reference 10238,96852.91,1,CSV,1,liability,debit
salary payable recorded reference 35499,81782.21,0,Manual,4,liability,debit
accounts payable recorded reference 26504,479780.53,0,CSV,5,liability,credit
business travel expense reference 61148,187899.61,0,Bank,7,expense,debit
gst payable recorded reference 56396,467944.89,0,CSV,5,liability,credit
short term borrowing reference 15687,373797.13,1,Manual,12,liability,credit
employee salary payment reference 78257,352910.18,0,Bank,4,expense,debit
owner capital introduced reference 75726,456333.31,0,Excel,12,equity,credit
inventory purchase for stock reference 27505,65210.76,0,PDF,2,asset,debit
insurance expense reference 36556,48011.04,1,Manual,12,expense,debit
retained earnings transfer reference 82309,14896.66,0,Manual,4,equity,credit
security deposit paid reference 99864,230194.63,0,CSV,12,asset,debit
product sales receipt reference 40378,130737.63,0,CSV,9,revenue,credit
owner withdrawal against equity reference 18034,39163.01,0,Bank,10,equity,credit
prepaid insurance reference 18220,112693.28,0,CSV,4,asset,debit
business travel expense reference 99692,343448.38,1,Excel,5,expense,debit
salary payable recorded reference 73303,248222.28,1,CSV,8,liability,debit
office electricity bill reference 19161,125147.13,0,Bank,1,expense,debit
client payment for consulting services reference 57579,43636.66,0,PDF,12,revenue,credit
short term borrowing reference 88770,83962.86,0,Excel,7,liability,credit
salary payable recorded reference 31788,62343.94,0,Bank,7,liability,credit
insurance expense reference 69642,332870.85,0,PDF,8,expense,debit
office furniture purchase reference 18756,498715.24,1,PDF,11,asset,debit
owner investment into business reference 11798,421911.96,1,CSV,11,equity,credit
monthly office rent reference 43884,160171.83,0,Manual,8,expense,debit
prepaid insurance reference 72847,413384.62,0,CSV,4,asset,credit
office supplies purchase reference 24008,163775.39,0,Manual,9,expense,debit
office electricity bill reference 41442,436681.81,1,Manual,7,expense,debit
business loan received reference 92804,486183.04,0,Excel,4,liability,credit
tax payable recorded reference 51656,109576.47,1,Bank,8,liability,credit
prepaid insurance reference 13636,135384.04,0,Manual,7,asset,debit
inventory purchase for stock reference 68539,133203.01,0,Manual,11,asset,debit
equipment acquisition reference 15964,452897.13,1,Manual,2,asset,debit
office furniture purchase reference 15846,187774.18,0,Manual,3,asset,debit
equipment acquisition reference 36924,70805.19,0,Bank,11,asset,debit
software subscription expense reference 22539,73579.03,0,PDF,10,expense,debit
business loan received reference 33103,445761.77,0,CSV,11,liability,credit
consulting income received reference 22805,56126.8,1,PDF,1,revenue,credit
monthly office rent reference 86394,64216.24,0,Manual,12,expense,debit
office furniture purchase reference 35519,53625.01,1,Manual,12,asset,debit
sales revenue from customer invoice reference 22973,307292.3,0,PDF,8,revenue,credit
client payment for consulting services reference 89797,409720.06,0,CSV,10,revenue,credit
security deposit paid reference 42380,298981.75,0,Bank,12,asset,debit
shareholder contribution reference 30007,455991.09,0,PDF,6,equity,credit
maintenance and repair expense reference 61501,278983.95,0,Bank,6,expense,debit
service revenue received reference 44288,427100.73,1,Excel,11,revenue,credit
office electricity bill reference 83786,18567.42,0,PDF,1,expense,credit
tax payable recorded reference 83729,158612.78,0,Bank,10,liability,credit
owner capital introduced reference 24267,486680.52,0,Excel,9,equity,debit
product sales receipt reference 62565,181118.21,0,CSV,1,revenue,credit
product sales receipt reference 22901,405240.52,0,CSV,7,revenue,credit
owner withdrawal against equity reference 72210,372903.02,0,Manual,2,equity,credit
share capital contribution reference 21376,401875.75,0,Excel,8,equity,credit
vehicle purchase for business reference 24076,283637.93,0,Manual,11,asset,debit
purchase of computer equipment reference 76250,482623.21,0,CSV,9,asset,debit
client payment for consulting services reference 82359,51166.81,0,CSV,7,revenue,credit
internet and telecom bill reference 10435,110888.89,0,Bank,4,expense,debit
office electricity bill reference 40404,136423.09,1,PDF,2,expense,debit
capital introduced by shareholder reference 18883,21791.11,0,Excel,11,equity,credit
product sales receipt reference 66396,163456.06,0,CSV,5,revenue,credit
retained earnings transfer reference 55072,130494.61,0,Excel,1,equity,debit
owner investment into business reference 26335,469652.96,0,PDF,7,equity,credit
vehicle purchase for business reference 90153,32288.05,0,CSV,10,asset,debit
product sales receipt reference 39760,64049.37,1,Excel,11,revenue,credit
additional equity contribution reference 61397,105430.51,1,PDF,9,equity,credit
employee salary payment reference 69156,343391.34,1,PDF,9,expense,debit
shareholder contribution reference 42354,276290.6,0,Bank,12,equity,credit
client payment for consulting services reference 24093,64184.8,0,Manual,2,revenue,debit
short term borrowing reference 75234,283556.63,0,CSV,5,liability,credit
tax payable recorded reference 63753,486780.63,0,CSV,10,liability,credit
product sales receipt reference 72589,248247.68,0,PDF,4,revenue,credit
professional fees reference 80714,370729.39,0,PDF,10,expense,debit
service revenue received reference 56574,340642.82,0,CSV,12,revenue,credit
office electricity bill reference 75667,386600.24,0,PDF,10,expense,credit
salary payable recorded reference 13755,219016.61,0,CSV,10,liability,credit
share capital contribution reference 99420,280356.11,0,Manual,6,equity,credit
internet and telecom bill reference 63246,415629.47,0,Excel,12,expense,debit
owner withdrawal against equity reference 64149,196530.19,0,PDF,1,equity,credit
sales revenue from customer invoice reference 36551,284632.49,0,CSV,7,revenue,credit
employee salary payment reference 53102,69050.64,0,Bank,9,expense,debit
additional equity contribution reference 33055,245839.21,0,CSV,8,equity,credit
product sales receipt reference 91713,245222.83,0,Manual,3,revenue,credit
loan repayment liability reference 45491,385464.43,1,Bank,10,liability,credit
additional equity contribution reference 73746,191591.78,0,PDF,10,equity,debit
vendor credit purchase reference 90131,189008.6,1,PDF,5,liability,credit
purchase of computer equipment reference 96299,59485.09,0,Excel,1,asset,debit
professional fees reference 49772,381978.92,0,CSV,7,expense,debit
consulting income received reference 51768,9137.87,1,Manual,8,revenue,credit
business loan received reference 21272,242855.04,1,Bank,10,liability,credit
security deposit paid reference 91099,236106.59,0,Excel,12,asset,debit
software subscription expense reference 21478,467081.09,0,PDF,7,expense,credit
office supplies purchase reference 84179,210034.22,1,PDF,12,expense,debit
professional fees reference 17992,290119.05,0,CSV,3,expense,debit
shareholder contribution reference 35207,119871.68,0,CSV,11,equity,credit
sales revenue from customer invoice reference 52296,14595.66,0,Bank,5,revenue,debit
equipment acquisition reference 47138,247198.73,1,Excel,3,asset,debit
additional equity contribution reference 26315,104538.09,0,Manual,2,equity,credit
professional fees reference 87511,438382.13,0,PDF,6,expense,debit
sales revenue from customer invoice reference 14046,436683.35,0,Excel,1,revenue,credit
business loan received reference 58926,399452.86,0,Bank,4,liability,credit
marketing campaign expense reference 94147,50138.97,0,PDF,11,expense,debit
purchase of computer equipment reference 10273,150416.71,0,Bank,9,asset,debit
office furniture purchase reference 40959,157546.04,0,Excel,3,asset,debit
shareholder contribution reference 83441,364746.53,1,Manual,8,equity,credit
accounts receivable created reference 77572,32342.59,0,CSV,7,asset,debit
client payment for consulting services reference 47973,274602.06,1,Manual,5,revenue,credit
gst payable recorded reference 52867,107497.06,1,Excel,3,liability,credit
sales revenue from customer invoice reference 16466,258085.88,0,Excel,12,revenue,credit
owner investment into business reference 56088,284750.87,1,Excel,4,equity,credit
owner capital introduced reference 61081,206082.13,0,Excel,4,equity,credit
purchase of computer equipment reference 24586,62170.03,0,CSV,11,asset,debit
owner investment into business reference 70817,110278.29,0,Excel,10,equity,credit
sales collection reference 72836,103906.76,0,Excel,5,revenue,credit
product sales receipt reference 24733,283478.57,0,Manual,5,revenue,credit
maintenance and repair expense reference 38164,470788.11,0,Excel,4,expense,debit
owner withdrawal against equity reference 61220,405101.73,1,Bank,8,equity,credit
business loan received reference 86810,187753.69,0,CSV,2,liability,credit
sales revenue from customer invoice reference 80453,471230.92,1,Manual,8,revenue,credit
capital introduced by shareholder reference 48721,297871.2,1,CSV,6,equity,credit
vendor credit purchase reference 94831,128849.19,0,Bank,8,liability,credit
monthly office rent reference 15165,465820.44,0,Manual,1,expense,debit
accounts payable recorded reference 43470,214987.71,0,Excel,8,liability,debit
purchase of computer equipment reference 10445,360714.4,0,Manual,10,asset,debit
software subscription expense reference 48976,162723.17,0,CSV,1,expense,debit
office supplies purchase reference 46388,381133.1,0,CSV,7,expense,credit
equipment acquisition reference 33469,170779.44,0,Bank,10,asset,debit
client payment for consulting services reference 10335,162713.68,0,CSV,6,revenue,credit
owner investment into business reference 67586,425841.01,0,Bank,8,equity,debit
tax payable recorded reference 30772,48432.76,1,Excel,1,liability,credit
loan repayment liability reference 24134,52638.08,0,PDF,11,liability,credit
retained earnings transfer reference 19984,389966.41,0,Excel,12,equity,credit
owner investment into business reference 67733,239119.18,0,Bank,1,equity,credit
accounts payable recorded reference 20003,364303.51,0,Bank,2,liability,credit
shareholder contribution reference 35559,264166.2,0,PDF,5,equity,credit
share capital contribution reference 80486,154484.71,0,PDF,10,equity,credit
sales collection reference 13785,202671.83,0,Manual,4,revenue,credit
courier and postage expense reference 75625,489041.76,0,CSV,2,expense,debit
owner capital introduced reference 87045,32641.8,0,PDF,7,equity,credit
sales collection reference 67336,61399.88,0,Bank,9,revenue,credit
business loan received reference 89444,80254.83,0,Manual,9,liability,credit
employee salary payment reference 63257,219709.15,0,PDF,9,expense,debit
owner investment into business reference 95563,201333.61,0,CSV,11,equity,credit
equipment acquisition reference 42992,341409.67,0,Bank,4,asset,debit
capital introduced by shareholder reference 61136,474936.09,1,Manual,1,equity,credit
retained earnings transfer reference 75910,178549.54,1,Manual,1,equity,credit
shareholder contribution reference 49935,431129.32,0,Excel,5,equity,credit
service revenue received reference 78574,70654.85,0,Manual,6,revenue,credit
salary payable recorded reference 26344,328556.65,0,Manual,11,liability,credit
client payment for consulting services reference 16573,93236.02,1,CSV,8,revenue,credit
office supplies purchase reference 71180,419324.11,0,Excel,2,expense,credit
prepaid insurance reference 76969,476918.89,0,CSV,6,asset,debit
insurance expense reference 88351,341016.41,0,Excel,2,expense,debit
business loan received reference 62681,401806.66,1,Manual,9,liability,credit
gst payable recorded reference 34865,369126.42,1,Excel,5,liability,credit
owner capital introduced reference 58742,340446.0,1,Manual,5,equity,credit
additional equity contribution reference 11851,433878.72,0,Manual,6,equity,credit
insurance expense reference 37235,371232.36,0,Excel,12,expense,debit
capital introduced by shareholder reference 63080,360949.17,0,Manual,3,equity,credit
loan repayment liability reference 98381,117971.69,0,CSV,9,liability,debit
accounts payable recorded reference 12893,362043.33,1,CSV,9,liability,credit
client payment for consulting services reference 34651,16888.59,0,CSV,3,revenue,credit
sales collection reference 65325,208918.18,0,Excel,2,revenue,credit
monthly office rent reference 89937,359768.48,0,CSV,4,expense,debit
sales collection reference 69787,203490.24,0,CSV,3,revenue,credit
vendor credit purchase reference 67906,19946.83,0,Excel,4,liability,credit
vehicle purchase for business reference 42550,366529.61,0,Excel,10,asset,debit
software subscription expense reference 25237,12408.09,0,Excel,12,expense,debit
business travel expense reference 74921,258155.55,0,Bank,9,expense,debit
loan repayment liability reference 38869,82458.69,0,PDF,2,liability,credit
short term borrowing reference 94273,498776.23,0,Bank,9,liability,credit
maintenance and repair expense reference 61967,292789.11,0,CSV,10,expense,debit
maintenance and repair expense reference 59078,71980.0,0,CSV,10,expense,debit
salary payable recorded reference 64123,396283.2,0,Manual,8,liability,credit
consulting income received reference 98549,343683.76,1,PDF,11,revenue,credit
employee salary payment reference 87220,232539.49,0,Excel,7,expense,debit
share capital contribution reference 63228,151366.13,1,CSV,9,equity,debit
salary payable recorded reference 47466,350828.77,0,CSV,11,liability,credit
security deposit paid reference 70347,443694.39,0,Manual,1,asset,debit
owner capital introduced reference 12072,207081.63,0,Manual,4,equity,credit
marketing campaign expense reference 30790,348901.53,1,Manual,10,expense,debit
shareholder contribution reference 47567,207491.66,0,PDF,11,equity,credit
equipment acquisition reference 15825,345467.8,1,Bank,8,asset,debit
shareholder contribution reference 98822,162314.12,0,Excel,1,equity,credit
accounts receivable created reference 34759,174411.62,0,CSV,4,asset,debit
shareholder contribution reference 94154,172725.94,0,Bank,4,equity,credit
office furniture purchase reference 28472,79126.56,0,CSV,7,asset,debit
owner withdrawal against equity reference 55688,493449.64,0,CSV,11,equity,credit
vehicle purchase for business reference 99598,228288.13,0,Manual,12,asset,debit
office supplies purchase reference 12293,1284.74,0,PDF,5,expense,credit
gst payable recorded reference 36691,201875.01,0,PDF,12,liability,credit
vehicle purchase for business reference 73283,328512.66,0,Manual,7,asset,credit
professional fees reference 81692,28156.36,0,Manual,11,expense,debit
shareholder contribution reference 34845,292285.21,1,CSV,1,equity,credit
purchase of office laptop reference 57048,26367.92,0,Excel,2,asset,debit
share capital contribution reference 19362,471993.43,0,PDF,4,equity,credit
customer invoice settlement reference 12933,33955.52,0,PDF,1,revenue,credit
subscription revenue reference 90756,440249.96,0,Bank,8,revenue,credit
retained earnings transfer reference 62708,176004.03,0,CSV,12,equity,credit
capital introduced by shareholder reference 81385,157624.57,0,Excel,9,equity,credit
share capital contribution reference 65414,35446.06,1,Excel,4,equity,credit
additional equity contribution reference 54734,226450.14,0,Excel,7,equity,credit
owner investment into business reference 26051,254840.93,1,Excel,11,equity,credit
business loan received reference 72409,78617.46,0,Manual,3,liability,credit
salary payable recorded reference 19039,84238.81,1,Manual,8,liability,credit
subscription revenue reference 14451,300978.45,0,PDF,4,revenue,credit
professional fees reference 52414,318337.15,0,Manual,12,expense,debit
supplier payable created reference 85556,397193.79,0,PDF,8,liability,credit
courier and postage expense reference 69404,100431.5,0,CSV,1,expense,debit
loan repayment liability reference 50810,392046.92,1,CSV,10,liability,debit
product sales receipt reference 11696,227783.37,0,PDF,6,revenue,credit
security deposit paid reference 98000,181757.87,0,Bank,11,asset,debit
short term borrowing reference 99911,8269.91,0,CSV,5,liability,credit
gst payable recorded reference 36968,38920.11,1,Excel,11,liability,credit
salary payable recorded reference 86727,17657.95,0,PDF,8,liability,credit
additional equity contribution reference 16654,337851.35,0,Excel,12,equity,credit
tax payable recorded reference 59925,316928.62,0,PDF,2,liability,credit
security deposit paid reference 19218,473838.39,0,Manual,12,asset,debit
office electricity bill reference 76090,216431.07,0,Bank,10,expense,debit
business loan received reference 17400,451522.55,0,Bank,12,liability,credit
supplier payable created reference 58166,387597.49,1,Bank,8,liability,credit
salary payable recorded reference 67415,81533.14,0,PDF,11,liability,credit
purchase of computer equipment reference 78234,385822.47,0,Bank,4,asset,debit
accounts receivable created reference 78780,245843.63,0,Manual,5,asset,debit
purchase of machinery reference 36344,102550.05,0,Manual,8,asset,debit
employee salary payment reference 30222,386012.28,0,Manual,12,expense,debit
shareholder contribution reference 74633,399131.78,0,Excel,11,equity,credit
business loan received reference 57991,303800.92,1,PDF,5,liability,credit
sales revenue from customer invoice reference 44576,200327.46,0,PDF,9,revenue,credit
tax payable recorded reference 18751,93876.09,0,PDF,11,liability,credit
consulting income received reference 62449,270954.26,0,Bank,4,revenue,credit
employee salary payment reference 19580,475421.78,0,CSV,4,expense,credit
owner withdrawal against equity reference 95365,463406.02,0,PDF,8,equity,credit
vendor credit purchase reference 70510,428784.8,0,Manual,4,liability,credit
short term borrowing reference 47059,410399.92,0,Manual,4,liability,credit
vendor credit purchase reference 38963,438949.44,1,PDF,11,liability,credit
internet and telecom bill reference 82260,358991.93,0,Manual,9,expense,debit
sales revenue from customer invoice reference 49586,342953.32,1,PDF,10,revenue,credit
prepaid insurance reference 41056,204172.19,0,CSV,5,asset,debit
gst payable recorded reference 41849,68767.55,1,CSV,7,liability,credit
business loan received reference 82402,207610.82,0,Excel,2,liability,credit
product sales receipt reference 95188,192084.17,0,CSV,12,revenue,credit
accounts payable recorded reference 23166,420849.14,0,Bank,3,liability,credit
gst payable recorded reference 78450,48887.31,0,Bank,12,liability,credit
maintenance and repair expense reference 35087,83535.39,0,PDF,10,expense,debit
equipment acquisition reference 57358,414483.74,0,Bank,5,asset,debit
purchase of computer equipment reference 18240,476232.82,0,CSV,11,asset,debit
shareholder contribution reference 48755,269665.42,0,CSV,8,equity,credit
owner withdrawal against equity reference 15155,30804.87,0,Bank,10,equity,credit
business travel expense reference 32907,448346.39,1,Bank,1,expense,debit
service revenue received reference 39088,295743.27,0,CSV,9,revenue,credit
customer invoice settlement reference 97078,191080.05,1,Excel,1,revenue,credit
product sales receipt reference 77237,301590.89,0,Excel,9,revenue,credit
software subscription expense reference 94696,394934.4,1,Excel,10,expense,debit
supplier payable created reference 54011,421683.1,1,Excel,9,liability,debit
prepaid insurance reference 41563,567.45,1,Excel,8,asset,debit
service revenue received reference 70160,425102.34,1,PDF,12,revenue,credit
vehicle purchase for business reference 34124,256455.19,0,Manual,4,asset,debit
salary payable recorded reference 18682,330241.74,0,Manual,1,liability,credit
sales collection reference 44174,462178.05,0,Excel,6,revenue,credit
tax payable recorded reference 15272,344024.9,0,CSV,8,liability,credit
customer invoice settlement reference 77838,142918.64,0,Bank,11,revenue,credit
accounts payable recorded reference 24569,188933.03,0,CSV,3,liability,credit
accounts payable recorded reference 15303,276288.33,0,Manual,4,liability,credit
product sales receipt reference 43414,26614.86,0,CSV,2,revenue,credit
business travel expense reference 90643,116647.46,0,Bank,7,expense,debit
accounts receivable created reference 61938,43808.41,0,CSV,12,asset,debit
consulting income received reference 79942,58743.72,0,Excel,7,revenue,credit
purchase of computer equipment reference 61405,87022.4,0,Bank,3,asset,debit
equipment acquisition reference 16140,140452.57,1,CSV,12,asset,debit
equipment acquisition reference 15968,427543.57,0,Excel,4,asset,debit
insurance expense reference 20496,152110.61,1,CSV,6,expense,debit
office supplies purchase reference 75234,222491.5,0,Excel,2,expense,debit
equipment acquisition reference 76841,337362.68,1,Manual,6,asset,debit
product sales receipt reference 47819,94458.06,0,PDF,9,revenue,credit
purchase of office laptop reference 47814,260724.9,0,PDF,9,asset,debit
vehicle purchase for business reference 34482,498671.19,1,PDF,8,asset,debit
service revenue received reference 96100,445925.28,0,Manual,1,revenue,credit
accounts receivable created reference 92780,428876.49,0,Manual,7,asset,debit
service revenue received reference 40300,339697.57,0,CSV,4,revenue,credit
share capital contribution reference 26449,305426.43,0,CSV,8,equity,debit
salary payable recorded reference 25639,429409.34,0,Manual,10,liability,credit
capital introduced by shareholder reference 42101,6348.49,0,Bank,4,equity,credit
supplier payable created reference 91280,375983.73,1,Manual,3,liability,credit
accounts payable recorded reference 28261,184675.45,1,Excel,2,liability,credit
sales revenue from customer invoice reference 57789,125415.64,0,CSV,9,revenue,credit
gst payable recorded reference 74119,111609.39,0,Bank,11,liability,credit
purchase of machinery reference 69635,77450.48,0,CSV,12,asset,debit
supplier payable created reference 64102,304017.12,1,PDF,12,liability,credit
retained earnings transfer reference 46688,253538.27,0,Bank,12,equity,credit
gst payable recorded reference 26125,268736.31,0,CSV,1,liability,credit
courier and postage expense reference 23934,393828.39,1,CSV,12,expense,credit
shareholder contribution reference 87894,267648.64,0,Manual,9,equity,credit
maintenance and repair expense reference 96347,394334.08,0,Manual,7,expense,debit
purchase of computer equipment reference 93123,260688.3,0,CSV,8,asset,debit
inventory purchase for stock reference 94295,81804.55,0,PDF,11,asset,debit
sales revenue from customer invoice reference 14960,17625.72,0,Excel,3,revenue,credit
share capital contribution reference 47210,336269.75,0,PDF,4,equity,credit
prepaid insurance reference 87022,375984.63,0,CSV,8,asset,debit
monthly office rent reference 75974,108173.76,1,PDF,1,expense,debit
office furniture purchase reference 34553,467894.95,1,PDF,5,asset,debit
marketing campaign expense reference 51327,401255.95,0,Manual,8,expense,credit
equipment acquisition reference 69994,207838.48,1,Excel,8,asset,debit
maintenance and repair expense reference 63873,459352.86,0,Excel,8,expense,debit
subscription revenue reference 88546,301800.73,1,Manual,7,revenue,credit
customer invoice settlement reference 97478,124004.66,0,Manual,2,revenue,credit
employee salary payment reference 26830,407792.93,1,PDF,8,expense,debit
vehicle purchase for business reference 68708,84586.63,0,PDF,7,asset,debit
courier and postage expense reference 85281,239269.99,0,CSV,11,expense,debit
retained earnings transfer reference 38229,218332.0,0,Excel,2,equity,credit
accounts payable recorded reference 98889,73742.14,0,PDF,8,liability,credit
additional equity contribution reference 36501,66814.61,1,Manual,4,equity,credit
gst payable recorded reference 37896,339142.8,0,Manual,1,liability,credit
tax payable recorded reference 95114,165101.24,0,Manual,9,liability,credit
owner withdrawal against equity reference 23635,103244.17,0,Manual,5,equity,credit
accounts payable recorded reference 90402,466923.42,0,CSV,7,liability,credit
owner capital introduced reference 58766,76402.21,0,PDF,10,equity,credit
owner investment into business reference 32886,245100.62,0,Excel,8,equity,credit
tax payable recorded reference 58217,84730.91,0,Manual,1,liability,credit
insurance expense reference 14009,292062.88,0,CSV,11,expense,debit
salary payable recorded reference 93228,460900.2,0,Excel,9,liability,credit
professional fees reference 90540,68117.54,0,Bank,3,expense,debit
gst payable recorded reference 27735,456314.93,1,PDF,12,liability,credit
vehicle purchase for business reference 33121,263986.82,0,CSV,12,asset,debit
client payment for consulting services reference 22483,146990.11,0,Manual,4,revenue,credit
accounts payable recorded reference 80143,152638.69,0,PDF,11,liability,credit
client payment for consulting services reference 14371,303967.12,0,Bank,9,revenue,credit
employee salary payment reference 22014,380517.41,1,CSV,8,expense,debit
additional equity contribution reference 65780,64281.41,0,Bank,7,equity,credit
salary payable recorded reference 92641,129788.09,0,CSV,7,liability,credit
business loan received reference 48627,100402.01,0,Bank,3,liability,debit
sales revenue from customer invoice reference 84078,199554.06,0,Manual,2,revenue,credit
vehicle purchase for business reference 99618,142097.9,1,Excel,1,asset,debit
loan repayment liability reference 59146,358884.58,1,Excel,11,liability,credit
sales collection reference 72642,128942.45,0,CSV,8,revenue,credit
supplier payable created reference 76484,376979.1,0,PDF,3,liability,credit
purchase of computer equipment reference 67399,209964.21,0,CSV,8,asset,debit
additional equity contribution reference 18659,402266.59,0,Bank,9,equity,credit
vehicle purchase for business reference 71013,201186.56,0,Excel,9,asset,debit
retained earnings transfer reference 31503,137410.38,0,CSV,11,equity,credit
tax payable recorded reference 75222,151188.74,0,Bank,2,liability,credit
owner capital introduced reference 56759,90595.68,0,PDF,4,equity,debit
client payment for consulting services reference 38397,65299.19,0,Manual,4,revenue,credit
service revenue received reference 97451,332423.91,1,CSV,10,revenue,credit
inventory purchase for stock reference 53947,16860.2,0,PDF,3,asset,debit
owner investment into business reference 40910,339200.17,0,CSV,9,equity,credit
gst payable recorded reference 41787,236618.39,0,PDF,6,liability,credit
vendor credit purchase reference 37932,188621.19,0,PDF,6,liability,credit
purchase of machinery reference 31148,356633.58,1,Bank,3,asset,debit
short term borrowing reference 67420,112333.78,1,Bank,10,liability,credit
owner withdrawal against equity reference 98341,85899.92,0,Manual,11,equity,credit
courier and postage expense reference 99665,179111.18,1,CSV,11,expense,debit
capital introduced by shareholder reference 96710,291069.13,1,Manual,6,equity,credit
share capital contribution reference 47993,293977.94,0,Manual,5,equity,credit
salary payable recorded reference 57405,441198.06,0,Bank,12,liability,credit
loan repayment liability reference 33428,224479.77,0,PDF,12,liability,credit
inventory purchase for stock reference 44366,273101.39,0,PDF,4,asset,debit
additional equity contribution reference 15596,444765.22,0,Bank,5,equity,debit
additional equity contribution reference 81496,44499.8,0,Manual,12,equity,credit
owner investment into business reference 85981,40058.31,1,PDF,10,equity,credit
additional equity contribution reference 37016,38864.56,0,PDF,11,equity,credit
salary payable recorded reference 94151,330916.68,1,Manual,3,liability,credit
courier and postage expense reference 86862,228676.28,0,Manual,7,expense,debit
professional fees reference 17733,80764.85,0,Bank,10,expense,debit
additional equity contribution reference 94164,88520.34,1,Excel,2,equity,credit
shareholder contribution reference 62793,341915.62,1,PDF,10,equity,credit
accounts receivable created reference 25380,53821.57,0,Bank,10,asset,debit
security deposit paid reference 84385,61135.15,1,CSV,12,asset,debit
monthly office rent reference 73797,230422.71,0,Manual,6,expense,debit
maintenance and repair expense reference 29609,46084.09,1,PDF,3,expense,debit
sales revenue from customer invoice reference 18427,367226.92,0,Bank,8,revenue,credit
vehicle purchase for business reference 47514,248611.71,1,CSV,10,asset,debit
sales collection reference 58864,160567.22,0,Bank,7,revenue,credit
marketing campaign expense reference 65307,358530.45,0,Bank,11,expense,debit
inventory purchase for stock reference 40183,479927.06,0,Bank,8,asset,debit
client payment for consulting services reference 99839,246485.23,1,Excel,8,revenue,credit
vendor credit purchase reference 11662,493954.09,0,Manual,6,liability,credit
retained earnings transfer reference 24234,431138.52,0,Bank,6,equity,credit
capital introduced by shareholder reference 87073,203933.86,1,Excel,8,equity,credit
service revenue received reference 56972,157717.43,0,PDF,9,revenue,credit
accounts payable recorded reference 32858,356372.87,0,Excel,7,liability,credit
purchase of machinery reference 42612,29694.45,1,PDF,9,asset,debit
office furniture purchase reference 15028,141768.09,0,Manual,3,asset,debit
owner capital introduced reference 49231,440112.77,0,Manual,5,equity,credit
owner capital introduced reference 63829,116605.35,0,Manual,10,equity,credit
client payment for consulting services reference 45466,405246.13,0,Manual,7,revenue,credit
subscription revenue reference 56283,393643.87,0,Manual,8,revenue,credit
sales collection reference 93474,298898.57,0,Manual,1,revenue,debit
equipment acquisition reference 80168,180575.05,0,Bank,6,asset,debit
gst payable recorded reference 60941,262722.48,0,Manual,3,liability,credit
owner capital introduced reference 17914,49748.6,0,Excel,7,equity,credit
customer invoice settlement reference 11985,217246.14,0,CSV,2,revenue,credit
owner capital introduced reference 48676,225269.54,0,PDF,1,equity,credit
customer invoice settlement reference 14435,151518.18,0,CSV,5,revenue,credit
share capital contribution reference 12240,74069.62,0,Bank,7,equity,credit
accounts receivable created reference 99464,396952.2,1,Excel,6,asset,debit
purchase of machinery reference 67483,143822.65,0,Bank,8,asset,debit
internet and telecom bill reference 87411,323181.95,1,PDF,10,expense,debit
owner investment into business reference 31677,451303.16,0,PDF,12,equity,credit
tax payable recorded reference 35482,472741.12,1,Manual,11,liability,credit
vendor credit purchase reference 98407,490680.72,0,Bank,8,liability,credit
share capital contribution reference 82214,170771.37,0,Bank,1,equity,credit
customer invoice settlement reference 92606,492100.54,0,CSV,8,revenue,credit
business travel expense reference 16262,402078.88,0,CSV,1,expense,debit
sales revenue from customer invoice reference 73213,272973.08,0,Excel,11,revenue,credit
share capital contribution reference 59382,396553.54,0,CSV,12,equity,credit
owner investment into business reference 41547,308981.91,1,Bank,4,equity,credit
purchase of office laptop reference 16721,23747.49,0,PDF,2,asset,debit
purchase of office laptop reference 51455,475539.92,0,Bank,3,asset,debit
vendor credit purchase reference 33719,408983.25,0,Manual,6,liability,debit
monthly office rent reference 39836,216931.34,0,CSV,3,expense,debit
office supplies purchase reference 19019,367743.73,0,Excel,7,expense,debit
office electricity bill reference 56253,199273.09,0,Bank,9,expense,debit
customer invoice settlement reference 82803,147243.26,0,Bank,9,revenue,credit
loan repayment liability reference 51798,242135.85,0,Bank,6,liability,credit
office supplies purchase reference 95811,145682.72,0,CSV,11,expense,debit
insurance expense reference 80227,372035.44,0,Excel,9,expense,credit
subscription revenue reference 25175,81015.53,0,Excel,2,revenue,debit
equipment acquisition reference 81665,438306.42,0,Bank,6,asset,debit
office furniture purchase reference 58590,281811.97,0,PDF,10,asset,debit
sales revenue from customer invoice reference 15777,278033.13,1,Excel,7,revenue,credit
office furniture purchase reference 60654,179499.89,0,PDF,7,asset,debit
loan repayment liability reference 91059,186782.1,0,Bank,1,liability,credit
tax payable recorded reference 47072,218507.34,0,Bank,11,liability,credit
vehicle purchase for business reference 84688,55413.29,0,Manual,9,asset,debit
retained earnings transfer reference 40285,460166.54,0,CSV,10,equity,credit
service revenue received reference 10149,56479.15,0,Bank,1,revenue,credit
service revenue received reference 45235,45331.74,1,Excel,10,revenue,credit
short term borrowing reference 82336,357225.9,0,Manual,3,liability,credit
owner investment into business reference 25982,421423.75,0,Manual,9,equity,credit
product sales receipt reference 59121,380330.63,0,Excel,6,revenue,credit
accounts receivable created reference 17220,183355.95,0,CSV,5,asset,debit
share capital contribution reference 79438,344559.3,0,Bank,12,equity,credit
owner withdrawal against equity reference 94943,496318.89,0,PDF,9,equity,credit
owner withdrawal against equity reference 72440,148831.78,0,Manual,4,equity,credit
equipment acquisition reference 89883,7002.74,1,PDF,4,asset,debit
loan repayment liability reference 48129,112730.91,0,Bank,9,liability,credit
short term borrowing reference 99523,208086.12,1,Excel,3,liability,credit
purchase of computer equipment reference 69706,389739.73,0,Bank,3,asset,debit
vendor credit purchase reference 87342,259807.8,0,PDF,9,liability,debit
consulting income received reference 77633,59895.72,1,CSV,3,revenue,credit
gst payable recorded reference 68664,283066.59,0,Excel,7,liability,credit
shareholder contribution reference 42985,299292.83,0,Bank,10,equity,credit
office supplies purchase reference 74524,331675.45,1,Manual,4,expense,debit
accounts payable recorded reference 31213,396259.39,1,CSV,2,liability,credit
additional equity contribution reference 69329,42691.3,1,PDF,9,equity,credit
owner capital introduced reference 65489,153281.14,0,Manual,4,equity,credit
office furniture purchase reference 33896,221185.17,0,CSV,5,asset,credit
owner capital introduced reference 26236,170841.02,0,Manual,1,equity,credit
marketing campaign expense reference 22658,215002.07,0,Bank,4,expense,debit
software subscription expense reference 68477,241876.01,1,Bank,10,expense,debit
office electricity bill reference 59443,391464.7,1,Bank,5,expense,debit
customer invoice settlement reference 98399,482201.32,1,Bank,9,revenue,credit
gst payable recorded reference 15179,199193.58,0,Manual,8,liability,credit
software subscription expense reference 80074,144376.65,1,CSV,3,expense,debit
monthly office rent reference 63111,454079.07,0,Manual,1,expense,debit
shareholder contribution reference 12099,275963.85,0,PDF,10,equity,credit
owner capital introduced reference 73860,256786.32,0,Excel,4,equity,credit
share capital contribution reference 44356,447776.85,0,Manual,6,equity,credit
purchase of machinery reference 42208,429283.75,0,Excel,9,asset,debit
marketing campaign expense reference 64359,475437.82,0,Bank,9,expense,debit
business travel expense reference 39959,4473.93,1,CSV,6,expense,debit
owner investment into business reference 10222,298316.09,0,Manual,11,equity,credit
share capital contribution reference 47029,240786.49,1,Excel,1,equity,credit
salary payable recorded reference 74457,132222.22,0,CSV,8,liability,credit
owner investment into business reference 37132,307190.79,0,CSV,11,equity,credit
capital introduced by shareholder reference 60911,309476.68,0,PDF,1,equity,credit
product sales receipt reference 75606,388828.86,0,Manual,10,revenue,credit
vendor credit purchase reference 80587,170204.05,0,CSV,11,liability,credit
office furniture purchase reference 85802,43501.67,0,CSV,7,asset,debit
owner capital introduced reference 24617,407023.18,0,Excel,9,equity,debit
employee salary payment reference 27078,39206.35,0,CSV,10,expense,debit
owner investment into business reference 51314,158187.98,0,Excel,3,equity,debit
insurance expense reference 64081,313963.56,0,CSV,10,expense,debit
share capital contribution reference 69347,416184.38,0,PDF,4,equity,credit
subscription revenue reference 37296,496418.62,0,Excel,6,revenue,credit
client payment for consulting services reference 81578,114534.21,0,Manual,2,revenue,credit
additional equity contribution reference 93736,190468.41,1,Manual,3,equity,credit
security deposit paid reference 34125,159482.04,0,Bank,2,asset,debit
inventory purchase for stock reference 73524,160530.04,0,Bank,11,asset,debit
service revenue received reference 93810,60306.93,1,PDF,2,revenue,credit
salary payable recorded reference 54462,435132.9,0,Excel,2,liability,credit
inventory purchase for stock reference 20257,274291.61,0,CSV,10,asset,debit
vendor credit purchase reference 59599,448734.06,0,Excel,7,liability,credit
sales collection reference 64691,367557.4,0,Bank,1,revenue,credit
customer invoice settlement reference 70961,198185.52,0,Manual,1,revenue,credit
owner investment into business reference 74419,393016.33,0,Manual,4,equity,credit
employee salary payment reference 91256,144859.64,1,Excel,4,expense,debit
gst payable recorded reference 88430,207333.49,0,Bank,5,liability,credit
salary payable recorded reference 22753,17175.57,0,Manual,2,liability,credit
security deposit paid reference 58867,246753.49,0,Excel,12,asset,debit
product sales receipt reference 85524,370077.37,0,Excel,8,revenue,credit
additional equity contribution reference 81048,418057.93,0,PDF,9,equity,credit
owner capital introduced reference 56142,472504.51,0,PDF,12,equity,debit
owner withdrawal against equity reference 18689,357791.37,1,Bank,10,equity,credit
salary payable recorded reference 86506,388325.53,1,Bank,1,liability,credit
customer invoice settlement reference 25408,253660.07,1,Excel,8,revenue,credit
tax payable recorded reference 12724,387178.99,0,Manual,11,liability,debit
accounts payable recorded reference 33777,299067.71,0,Excel,11,liability,credit
consulting income received reference 23836,182216.59,0,Manual,8,revenue,credit
courier and postage expense reference 58664,305877.05,1,PDF,1,expense,debit
client payment for consulting services reference 10074,299464.98,0,Manual,2,revenue,credit
subscription revenue reference 18205,468812.38,0,CSV,8,revenue,credit
monthly office rent reference 84564,90082.18,1,Bank,1,expense,debit
subscription revenue reference 71369,487307.91,0,Bank,7,revenue,credit
marketing campaign expense reference 18832,185696.76,0,PDF,10,expense,debit
security deposit paid reference 38781,485188.22,0,Excel,1,asset,debit
owner withdrawal against equity reference 10450,360930.53,0,Excel,3,equity,credit
gst payable recorded reference 22402,73196.63,0,Manual,10,liability,credit
software subscription expense reference 13356,209767.04,0,Excel,5,expense,debit
tax payable recorded reference 43149,274774.16,1,Bank,11,liability,credit
employee salary payment reference 55000,133570.83,0,CSV,10,expense,debit
vendor credit purchase reference 58603,179302.24,0,CSV,6,liability,credit
supplier payable created reference 97099,278252.35,1,Bank,4,liability,credit
owner withdrawal against equity reference 87298,126918.43,0,PDF,4,equity,credit
client payment for consulting services reference 83865,301078.57,0,CSV,3,revenue,credit
insurance expense reference 81369,441873.61,0,PDF,5,expense,debit
product sales receipt reference 68013,39094.38,1,PDF,11,revenue,credit
equipment acquisition reference 67842,344355.01,0,Manual,6,asset,debit
owner investment into business reference 66279,66092.0,0,PDF,10,equity,credit
purchase of computer equipment reference 64638,294610.7,0,Bank,11,asset,debit
owner capital introduced reference 37167,403737.81,0,PDF,1,equity,credit
inventory purchase for stock reference 61586,186359.91,0,CSV,1,asset,debit
office supplies purchase reference 84331,59590.41,0,CSV,5,expense,debit
accounts payable recorded reference 65239,290916.56,0,PDF,2,liability,credit
consulting income received reference 92334,163831.06,0,Excel,11,revenue,credit
tax payable recorded reference 33920,211062.0,1,Bank,10,liability,credit
short term borrowing reference 32792,423144.4,0,Manual,8,liability,credit
office furniture purchase reference 76071,63084.84,0,Bank,2,asset,debit
purchase of office laptop reference 28384,417947.67,0,Bank,4,asset,debit
service revenue received reference 89383,90671.22,1,PDF,5,revenue,credit
security deposit paid reference 68707,182574.78,0,Bank,6,asset,debit
additional equity contribution reference 93961,8171.41,0,Bank,8,equity,credit
security deposit paid reference 80400,366303.02,1,Manual,7,asset,credit
salary payable recorded reference 30768,97515.24,1,Bank,3,liability,credit
additional equity contribution reference 43311,345068.65,0,Excel,12,equity,credit
courier and postage expense reference 76327,244960.43,0,PDF,2,expense,debit
owner capital introduced reference 59040,167201.23,0,Manual,11,equity,credit
employee salary payment reference 16923,495260.82,1,Excel,5,expense,debit
gst payable recorded reference 36620,441359.94,1,CSV,6,liability,credit
sales collection reference 47003,221090.58,1,Excel,11,revenue,credit
owner capital introduced reference 53326,452705.47,0,CSV,3,equity,credit
vehicle purchase for business reference 34927,88946.58,0,Excel,1,asset,credit
office supplies purchase reference 57749,414025.72,0,PDF,6,expense,credit
short term borrowing reference 16640,366902.36,0,Manual,6,liability,debit
owner investment into business reference 48467,443950.59,0,PDF,2,equity,credit
additional equity contribution reference 49780,314833.86,0,Bank,9,equity,credit
owner capital introduced reference 46992,25065.97,0,Manual,9,equity,credit
accounts payable recorded reference 59356,3183.75,1,Manual,7,liability,credit
owner capital introduced reference 51073,433245.47,0,PDF,9,equity,credit
tax payable recorded reference 88472,454450.63,1,Excel,7,liability,credit
sales revenue from customer invoice reference 11432,118568.58,0,Manual,7,revenue,credit
short term borrowing reference 57974,440972.45,0,PDF,4,liability,credit
purchase of office laptop reference 67319,193105.83,0,Excel,8,asset,debit
customer invoice settlement reference 31723,161584.93,1,CSV,11,revenue,credit
owner withdrawal against equity reference 57190,286573.11,0,CSV,11,equity,credit
tax payable recorded reference 23065,234250.25,1,Excel,6,liability,credit
accounts payable recorded reference 22929,372531.52,1,PDF,6,liability,credit
security deposit paid reference 29491,211834.25,0,Excel,12,asset,credit
accounts receivable created reference 31038,1235.9,0,PDF,2,asset,debit
service revenue received reference 11964,257809.12,0,Manual,6,revenue,credit
share capital contribution reference 61280,291370.64,0,CSV,2,equity,credit
capital introduced by shareholder reference 98792,368911.57,0,PDF,10,equity,credit
additional equity contribution reference 89275,443228.17,0,PDF,10,equity,credit
owner investment into business reference 79045,277551.85,0,CSV,2,equity,credit
purchase of machinery reference 44270,168625.39,0,PDF,7,asset,debit
vehicle purchase for business reference 52829,325452.65,0,Excel,5,asset,debit
client payment for consulting services reference 80264,229728.43,0,Bank,2,revenue,credit
office furniture purchase reference 73901,12136.93,0,Manual,7,asset,debit
product sales receipt reference 13782,130654.37,1,PDF,11,revenue,credit
internet and telecom bill reference 17549,308163.75,0,Manual,8,expense,debit
business loan received reference 89654,96685.76,0,Excel,3,liability,credit
short term borrowing reference 11397,49053.68,1,Bank,2,liability,credit
monthly office rent reference 49732,7081.78,0,CSV,10,expense,debit
loan repayment liability reference 95558,17929.78,0,PDF,12,liability,credit
supplier payable created reference 17324,38308.67,1,CSV,5,liability,credit
capital introduced by shareholder reference 53903,95712.02,0,Manual,5,equity,credit
sales revenue from customer invoice reference 43686,172282.14,1,Excel,12,revenue,credit
share capital contribution reference 16203,159847.22,0,Excel,3,equity,credit
office supplies purchase reference 49044,142190.64,0,Bank,11,expense,debit
capital introduced by shareholder reference 72486,402632.06,0,Manual,12,equity,credit
owner investment into business reference 70470,480341.49,0,Manual,6,equity,credit
short term borrowing reference 89313,499442.68,0,Bank,9,liability,debit
maintenance and repair expense reference 30498,368617.51,0,Bank,1,expense,debit
monthly office rent reference 50724,415714.53,0,Manual,6,expense,debit
subscription revenue reference 66604,306413.44,0,Excel,11,revenue,credit
share capital contribution reference 60477,122285.48,0,Bank,4,equity,credit
sales collection reference 24609,28429.75,0,CSV,12,revenue,credit
office supplies purchase reference 46976,366382.46,0,CSV,1,expense,debit
owner capital introduced reference 29309,103789.0,0,PDF,4,equity,credit
client payment for consulting services reference 73739,247290.28,0,CSV,8,revenue,credit
client payment for consulting services reference 29633,331632.39,0,PDF,2,revenue,credit
vendor credit purchase reference 89084,133084.69,0,CSV,6,liability,credit
internet and telecom bill reference 39676,196909.3,0,Manual,4,expense,debit
office furniture purchase reference 54282,39152.04,0,PDF,10,asset,debit
client payment for consulting services reference 71643,414107.56,1,Bank,5,revenue,credit
monthly office rent reference 18684,239783.35,1,PDF,5,expense,debit
retained earnings transfer reference 54244,146006.41,0,Bank,4,equity,credit
product sales receipt reference 99789,80614.47,1,PDF,7,revenue,credit
professional fees reference 30668,58831.46,0,PDF,6,expense,debit
employee salary payment reference 73353,471566.23,0,Bank,10,expense,debit
owner investment into business reference 82317,192829.96,0,Manual,3,equity,credit
accounts receivable created reference 24810,135394.76,0,Manual,12,asset,debit
tax payable recorded reference 78514,91951.84,0,PDF,5,liability,credit
purchase of computer equipment reference 99389,152929.3,1,Manual,6,asset,debit
shareholder contribution reference 12337,68442.74,0,PDF,8,equity,credit
owner investment into business reference 14899,440538.54,0,PDF,5,equity,credit
sales collection reference 77982,304909.97,1,Bank,7,revenue,credit
purchase of machinery reference 17295,457354.18,0,Manual,3,asset,debit
shareholder contribution reference 37389,222265.15,0,CSV,5,equity,credit
maintenance and repair expense reference 74434,396754.37,0,CSV,11,expense,debit
retained earnings transfer reference 36978,307852.68,1,Excel,5,equity,credit
owner withdrawal against equity reference 24402,395732.9,0,PDF,7,equity,credit
additional equity contribution reference 24503,225681.8,0,Bank,5,equity,credit
purchase of computer equipment reference 71496,71928.42,0,CSV,10,asset,debit
security deposit paid reference 82992,463726.13,1,Excel,7,asset,debit
subscription revenue reference 78193,315078.99,0,CSV,4,revenue,credit
owner investment into business reference 59102,50035.31,0,Manual,3,equity,credit
owner capital introduced reference 52472,263730.21,0,Excel,9,equity,credit
vendor credit purchase reference 98722,10719.73,0,PDF,5,liability,credit
business loan received reference 76439,129015.06,0,CSV,9,liability,credit
vendor credit purchase reference 98260,101227.92,0,PDF,5,liability,credit
equipment acquisition reference 50775,447305.11,0,CSV,3,asset,debit
consulting income received reference 19740,344069.5,0,Excel,11,revenue,credit
additional equity contribution reference 78053,83240.9,1,Excel,6,equity,debit
gst payable recorded reference 94361,497232.88,0,Excel,5,liability,credit
short term borrowing reference 91697,72248.62,0,Bank,2,liability,credit
additional equity contribution reference 38425,136437.66,0,PDF,5,equity,debit
business loan received reference 52034,4979.54,0,Bank,12,liability,credit
security deposit paid reference 23650,274748.14,0,PDF,11,asset,debit
service revenue received reference 40084,74914.42,0,CSV,1,revenue,credit
subscription revenue reference 59777,417488.56,0,CSV,5,revenue,credit
security deposit paid reference 30772,30041.26,0,Manual,5,asset,debit
salary payable recorded reference 43971,429052.86,0,PDF,4,liability,credit
salary payable recorded reference 20106,470965.61,1,Manual,11,liability,credit
accounts payable recorded reference 97829,274588.2,0,CSV,5,liability,credit
insurance expense reference 40322,267664.59,1,Excel,5,expense,debit
loan repayment liability reference 48333,331931.56,0,Bank,2,liability,credit
tax payable recorded reference 61685,93959.37,1,PDF,1,liability,debit
loan repayment liability reference 23960,14008.06,0,CSV,6,liability,credit
additional equity contribution reference 96891,233447.6,0,Manual,12,equity,credit
short term borrowing reference 75326,364358.16,0,CSV,7,liability,credit
capital introduced by shareholder reference 27290,25241.94,0,Bank,7,equity,credit
additional equity contribution reference 32128,201249.08,1,CSV,1,equity,credit
sales revenue from customer invoice reference 47403,394215.41,1,Manual,6,revenue,debit
internet and telecom bill reference 12308,394309.61,0,Excel,9,expense,debit
office electricity bill reference 88349,153137.76,1,PDF,7,expense,debit
office furniture purchase reference 42903,46920.59,0,Excel,5,asset,debit
consulting income received reference 68514,386763.35,0,PDF,12,revenue,credit
supplier payable created reference 50778,239005.56,1,Bank,5,liability,credit
purchase of machinery reference 92988,154443.07,0,Bank,10,asset,debit
purchase of computer equipment reference 27890,386697.17,0,Manual,11,asset,debit
consulting income received reference 39888,224454.7,0,CSV,9,revenue,credit
loan repayment liability reference 67087,404920.67,0,CSV,7,liability,credit
subscription revenue reference 35743,482204.41,1,PDF,11,revenue,credit
sales revenue from customer invoice reference 89102,212778.36,0,PDF,6,revenue,credit
business travel expense reference 90553,186421.52,0,Excel,10,expense,debit
client payment for consulting services reference 44450,232740.77,0,Bank,2,revenue,credit
owner capital introduced reference 25160,143236.98,0,Excel,7,equity,credit
product sales receipt reference 89303,26278.03,0,CSV,9,revenue,credit
sales collection reference 14272,42239.24,0,PDF,4,revenue,credit
share capital contribution reference 92605,132372.94,0,Bank,9,equity,credit
subscription revenue reference 74691,66062.02,0,Bank,9,revenue,credit
sales collection reference 63584,483552.56,1,Manual,8,revenue,credit
employee salary payment reference 61389,258619.24,0,CSV,2,expense,debit
employee salary payment reference 16724,203307.38,0,Excel,7,expense,debit
tax payable recorded reference 69935,254608.6,0,Manual,8,liability,debit
capital introduced by shareholder reference 90859,302781.2,0,Bank,9,equity,credit
short term borrowing reference 51811,239646.43,0,Manual,3,liability,credit
courier and postage expense reference 41231,315321.7,0,PDF,9,expense,debit
monthly office rent reference 77764,284161.25,0,PDF,12,expense,debit
tax payable recorded reference 51412,165490.64,0,CSV,8,liability,credit
loan repayment liability reference 81904,1092.42,0,CSV,3,liability,credit
sales collection reference 29511,137647.84,0,CSV,7,revenue,credit
short term borrowing reference 11703,169454.33,0,PDF,4,liability,credit
gst payable recorded reference 16899,63051.6,0,Excel,2,liability,debit
owner investment into business reference 62721,208791.41,0,Manual,8,equity,credit
accounts payable recorded reference 21575,448571.0,1,Bank,9,liability,credit
share capital contribution reference 82453,202190.86,0,Manual,6,equity,credit
accounts receivable created reference 74700,233358.31,0,Bank,6,asset,debit
purchase of computer equipment reference 93541,139021.27,0,Excel,1,asset,debit
consulting income received reference 64648,212777.2,0,Bank,6,revenue,credit
product sales receipt reference 67553,367672.68,0,Bank,11,revenue,credit
insurance expense reference 90500,120817.18,1,Bank,5,expense,debit
marketing campaign expense reference 43834,161609.07,1,CSV,11,expense,debit
supplier payable created reference 76430,288275.65,0,Excel,2,liability,credit
additional equity contribution reference 61545,443868.88,0,PDF,3,equity,credit
loan repayment liability reference 46057,267503.22,1,Excel,5,liability,credit
share capital contribution reference 45586,239881.2,0,Excel,3,equity,credit
equipment acquisition reference 73476,469239.39,0,PDF,1,asset,debit
purchase of machinery reference 56619,223085.14,0,PDF,10,asset,debit
marketing campaign expense reference 48756,87620.67,0,Manual,4,expense,credit
capital introduced by shareholder reference 52771,356159.94,0,Excel,1,equity,credit
maintenance and repair expense reference 28747,350437.44,0,Bank,11,expense,debit
courier and postage expense reference 54502,471388.16,0,Manual,12,expense,debit
capital introduced by shareholder reference 59151,36837.96,0,PDF,1,equity,credit
shareholder contribution reference 15748,291776.06,0,PDF,2,equity,credit
insurance expense reference 40321,227456.22,0,Manual,6,expense,debit
purchase of computer equipment reference 45402,3064.94,0,Excel,6,asset,debit
subscription revenue reference 59821,279823.98,0,PDF,1,revenue,credit
additional equity contribution reference 81146,311839.63,0,Excel,6,equity,credit
client payment for consulting services reference 14970,473875.31,0,Manual,1,revenue,credit
professional fees reference 35716,235288.67,1,Manual,3,expense,debit
purchase of computer equipment reference 94719,195233.78,0,Excel,9,asset,debit
service revenue received reference 37287,220184.62,0,Excel,12,revenue,credit
owner investment into business reference 91301,446343.53,0,Excel,4,equity,credit
supplier payable created reference 34186,220927.3,0,PDF,4,liability,credit
service revenue received reference 48024,280406.76,0,Bank,4,revenue,credit
supplier payable created reference 53085,397560.44,0,PDF,11,liability,credit
monthly office rent reference 30644,335400.6,0,PDF,10,expense,debit
accounts payable recorded reference 53329,268734.0,0,Excel,8,liability,credit
office electricity bill reference 78750,389915.39,0,Manual,11,expense,debit
customer invoice settlement reference 89344,364840.52,0,Bank,8,revenue,credit
courier and postage expense reference 78614,305741.19,0,Manual,9,expense,debit
vehicle purchase for business reference 97781,374217.54,0,PDF,6,asset,debit
consulting income received reference 79624,181104.18,0,Manual,12,revenue,credit
purchase of office laptop reference 87172,103531.75,0,CSV,6,asset,debit
business loan received reference 59956,151409.79,1,CSV,3,liability,credit
security deposit paid reference 10026,179920.28,1,CSV,6,asset,debit
sales collection reference 37423,122294.14,0,Bank,3,revenue,credit
owner capital introduced reference 19224,392731.85,1,CSV,8,equity,credit
customer invoice settlement reference 16749,215589.65,1,PDF,4,revenue,credit
vendor credit purchase reference 75148,246879.85,0,Bank,2,liability,credit
insurance expense reference 60275,2323.51,0,Bank,10,expense,debit
office supplies purchase reference 71224,242904.4,0,Bank,9,expense,debit
capital introduced by shareholder reference 55022,43436.17,1,PDF,6,equity,credit
client payment for consulting services reference 29471,207306.03,0,Manual,1,revenue,credit
short term borrowing reference 83056,456470.5,0,Manual,3,liability,credit
customer invoice settlement reference 39894,84982.79,1,Bank,2,revenue,credit
loan repayment liability reference 29447,326356.51,1,PDF,12,liability,credit
business loan received reference 60027,349721.4,0,Manual,12,liability,credit
courier and postage expense reference 74933,434794.94,0,Bank,12,expense,debit
purchase of machinery reference 21046,478608.59,1,Excel,10,asset,debit
client payment for consulting services reference 14262,31411.8,1,Excel,8,revenue,credit
supplier payable created reference 15701,52060.78,0,PDF,3,liability,credit
office supplies purchase reference 68966,203297.44,0,Excel,4,expense,debit
short term borrowing reference 74355,354712.76,0,Manual,3,liability,credit
service revenue received reference 37749,64074.46,0,Manual,9,revenue,credit
inventory purchase for stock reference 13074,58403.89,0,Bank,12,asset,debit
insurance expense reference 14030,265267.5,0,Bank,9,expense,debit
client payment for consulting services reference 12192,285823.93,0,PDF,8,revenue,credit
owner withdrawal against equity reference 71092,126725.97,0,Bank,7,equity,credit
office electricity bill reference 92882,329441.16,1,Manual,8,expense,debit
courier and postage expense reference 93894,50681.32,0,Bank,5,expense,debit
product sales receipt reference 49315,478827.36,0,Excel,6,revenue,credit
sales collection reference 27560,402183.58,0,PDF,6,revenue,credit
gst payable recorded reference 27588,37844.02,0,CSV,11,liability,credit
inventory purchase for stock reference 54534,302491.34,0,PDF,9,asset,credit
short term borrowing reference 10604,304835.4,0,PDF,4,liability,debit
purchase of computer equipment reference 21140,168537.23,0,Excel,12,asset,debit
vendor credit purchase reference 26318,77251.07,1,Manual,12,liability,credit
product sales receipt reference 11422,279012.96,0,Excel,10,revenue,credit
sales revenue from customer invoice reference 91504,139668.97,0,Bank,1,revenue,credit
client payment for consulting services reference 74519,224956.07,0,Bank,2,revenue,credit
sales revenue from customer invoice reference 42183,239719.74,0,CSV,11,revenue,credit
service revenue received reference 68235,171510.04,0,Excel,6,revenue,credit
service revenue received reference 97485,354238.15,0,CSV,4,revenue,credit
office supplies purchase reference 13292,448876.17,0,Excel,7,expense,debit
owner capital introduced reference 65132,168804.35,0,Excel,12,equity,credit
internet and telecom bill reference 86114,455842.27,0,Bank,3,expense,debit
internet and telecom bill reference 30992,7645.67,0,CSV,10,expense,debit
security deposit paid reference 49865,77855.52,1,PDF,9,asset,credit
product sales receipt reference 68750,459595.28,1,Excel,4,revenue,credit
office electricity bill reference 87444,9352.33,0,Manual,10,expense,credit
salary payable recorded reference 67126,349658.35,1,Excel,5,liability,credit
software subscription expense reference 70416,422169.18,0,PDF,12,expense,debit
service revenue received reference 73063,112756.35,0,CSV,12,revenue,credit
client payment for consulting services reference 98792,336156.28,0,Excel,12,revenue,credit
accounts payable recorded reference 71198,165069.26,1,Excel,3,liability,credit
capital introduced by shareholder reference 37611,495849.62,0,Manual,5,equity,credit
retained earnings transfer reference 65283,474560.08,0,Excel,4,equity,credit
subscription revenue reference 42842,479235.38,0,Excel,10,revenue,credit
courier and postage expense reference 70118,323111.9,0,Excel,4,expense,debit
subscription revenue reference 55386,373094.92,0,Manual,9,revenue,credit
sales revenue from customer invoice reference 73890,490112.29,0,Excel,1,revenue,credit
gst payable recorded reference 84272,481914.45,0,CSV,5,liability,credit
business travel expense reference 30897,475308.61,1,PDF,8,expense,credit
subscription revenue reference 79214,253126.26,0,Bank,8,revenue,credit
vendor credit purchase reference 73534,201513.12,0,Excel,1,liability,credit
accounts payable recorded reference 85074,125566.95,0,CSV,3,liability,credit
sales revenue from customer invoice reference 81346,332567.98,0,Excel,11,revenue,credit
salary payable recorded reference 84522,44108.79,0,Excel,9,liability,credit
subscription revenue reference 97805,380689.28,0,Excel,2,revenue,credit
shareholder contribution reference 93923,485443.46,0,Manual,8,equity,credit
tax payable recorded reference 19003,485608.06,0,Excel,7,liability,credit
courier and postage expense reference 65611,26876.59,0,CSV,3,expense,debit
shareholder contribution reference 59796,413940.65,0,Excel,6,equity,debit
office electricity bill reference 66254,50878.37,0,Excel,2,expense,debit
capital introduced by shareholder reference 95080,198517.48,0,CSV,10,equity,credit
internet and telecom bill reference 78082,378611.12,0,Bank,2,expense,debit
consulting income received reference 97850,200138.23,0,Excel,1,revenue,credit
subscription revenue reference 22821,331825.98,0,PDF,7,revenue,debit
office supplies purchase reference 46175,35901.15,1,CSV,8,expense,credit
retained earnings transfer reference 95421,264575.48,0,PDF,2,equity,credit
marketing campaign expense reference 60592,346913.23,1,CSV,1,expense,debit
security deposit paid reference 24145,65050.83,0,Excel,11,asset,debit
salary payable recorded reference 28937,455763.53,1,CSV,10,liability,credit
shareholder contribution reference 44833,416051.15,0,Bank,4,equity,credit
additional equity contribution reference 73073,494787.79,1,CSV,4,equity,credit
owner investment into business reference 31917,56891.13,1,Excel,9,equity,credit
purchase of machinery reference 74656,397650.38,0,Excel,11,asset,credit
marketing campaign expense reference 44695,60438.65,0,Excel,7,expense,debit
client payment for consulting services reference 23948,122437.48,0,Manual,1,revenue,credit
owner capital introduced reference 68244,201610.77,1,Excel,8,equity,credit
owner capital introduced reference 48127,165063.87,0,PDF,4,equity,credit
subscription revenue reference 54893,265939.81,1,Bank,5,revenue,credit
tax payable recorded reference 90195,470473.63,1,CSV,10,liability,credit
owner investment into business reference 46643,133874.63,1,Manual,5,equity,credit
share capital contribution reference 39106,136136.9,0,Excel,5,equity,credit
shareholder contribution reference 23565,287764.37,0,PDF,4,equity,credit
client payment for consulting services reference 38191,431785.16,0,CSV,10,revenue,credit
customer invoice settlement reference 29558,499377.53,1,Bank,5,revenue,credit
office supplies purchase reference 36628,476075.08,1,Manual,3,expense,debit
sales collection reference 17418,248534.17,0,Excel,8,revenue,credit
short term borrowing reference 56313,79581.51,0,Manual,3,liability,credit
business travel expense reference 77056,109241.28,1,PDF,9,expense,debit
purchase of office laptop reference 35313,211132.03,1,PDF,8,asset,debit
purchase of computer equipment reference 51551,341461.4,0,Bank,12,asset,credit
salary payable recorded reference 27950,257273.96,0,Excel,10,liability,credit
service revenue received reference 26330,94171.96,0,PDF,11,revenue,credit
supplier payable created reference 35333,242625.95,0,CSV,3,liability,credit
insurance expense reference 11374,484098.99,0,Excel,10,expense,debit
sales revenue from customer invoice reference 53136,31538.52,0,Bank,10,revenue,credit
monthly office rent reference 22004,5844.65,0,Excel,11,expense,debit
software subscription expense reference 22506,40434.11,0,Bank,8,expense,debit
security deposit paid reference 42826,359641.69,0,Manual,11,asset,debit
share capital contribution reference 99790,173974.27,0,Bank,2,equity,credit
salary payable recorded reference 81888,242036.16,1,Excel,5,liability,credit
equipment acquisition reference 97222,162662.76,0,Excel,2,asset,debit
consulting income received reference 87947,215007.32,0,Manual,2,revenue,credit
software subscription expense reference 93608,131779.01,0,PDF,1,expense,debit
retained earnings transfer reference 10090,160765.01,0,Manual,12,equity,credit
gst payable recorded reference 52993,337654.97,0,CSV,1,liability,credit
owner withdrawal against equity reference 76694,266004.9,0,Manual,1,equity,credit
sales revenue from customer invoice reference 63400,494544.43,0,PDF,2,revenue,credit
maintenance and repair expense reference 82768,62322.22,0,CSV,10,expense,debit
sales revenue from customer invoice reference 30293,101449.0,0,Manual,7,revenue,credit
maintenance and repair expense reference 10211,104382.9,0,Bank,4,expense,debit
sales revenue from customer invoice reference 46766,405543.93,0,CSV,11,revenue,credit
business loan received reference 83977,303915.93,0,PDF,9,liability,credit
vehicle purchase for business reference 61048,72973.54,0,Manual,5,asset,debit
sales collection reference 71716,250331.06,0,PDF,4,revenue,credit
purchase of computer equipment reference 65685,244505.39,0,Manual,8,asset,debit
loan repayment liability reference 21778,83843.15,0,Bank,1,liability,credit
equipment acquisition reference 21981,238226.33,1,PDF,2,asset,debit
product sales receipt reference 87249,27148.82,0,PDF,12,revenue,credit
insurance expense reference 80835,337523.75,0,PDF,4,expense,debit
office supplies purchase reference 15928,305175.32,0,CSV,2,expense,debit
security deposit paid reference 14416,7692.14,0,Bank,7,asset,debit
marketing campaign expense reference 15224,440546.48,1,Bank,2,expense,debit
marketing campaign expense reference 86209,36212.18,0,Bank,7,expense,debit
product sales receipt reference 86105,78059.98,0,Manual,8,revenue,credit
additional equity contribution reference 47290,326014.42,0,CSV,8,equity,credit
subscription revenue reference 38134,331787.4,0,Manual,4,revenue,credit
business travel expense reference 48475,159251.4,0,CSV,12,expense,debit
business travel expense reference 24781,245898.68,0,Excel,7,expense,debit
sales revenue from customer invoice reference 94312,120864.8,1,Bank,10,revenue,credit
loan repayment liability reference 44119,250975.74,0,CSV,9,liability,credit
retained earnings transfer reference 41099,19285.12,0,Bank,7,equity,credit
business travel expense reference 65035,429927.9,1,Bank,2,expense,debit
short term borrowing reference 18355,111295.95,0,PDF,9,liability,credit
owner capital introduced reference 16264,423242.23,0,Manual,8,equity,credit
owner capital introduced reference 57348,160235.63,0,Manual,1,equity,credit
internet and telecom bill reference 44598,321141.92,0,Bank,2,expense,debit
purchase of computer equipment reference 11136,302034.83,0,Excel,3,asset,debit
accounts receivable created reference 47687,350477.07,0,PDF,9,asset,debit
office furniture purchase reference 31839,36737.25,1,Excel,6,asset,debit
capital introduced by shareholder reference 14612,84666.4,0,Bank,5,equity,credit
consulting income received reference 60626,279020.5,0,Excel,3,revenue,credit
vehicle purchase for business reference 23032,178176.44,0,Excel,4,asset,debit
supplier payable created reference 72111,153286.27,0,Manual,9,liability,credit
office supplies purchase reference 16146,295277.72,0,PDF,1,expense,debit
accounts payable recorded reference 67043,298279.44,0,CSV,6,liability,credit
accounts receivable created reference 71105,373683.87,0,Excel,11,asset,debit
retained earnings transfer reference 90055,15708.21,1,PDF,12,equity,credit
software subscription expense reference 51054,260024.9,0,Excel,4,expense,debit
capital introduced by shareholder reference 22673,37495.54,0,CSV,8,equity,credit
sales collection reference 33157,86492.86,1,CSV,6,revenue,credit
gst payable recorded reference 48653,440445.88,1,PDF,6,liability,credit
client payment for consulting services reference 26585,423346.53,0,CSV,5,revenue,credit
owner capital introduced reference 22958,70633.66,0,Bank,8,equity,credit
gst payable recorded reference 19350,413353.86,0,Bank,12,liability,credit
consulting income received reference 13635,353045.6,0,Excel,11,revenue,credit
purchase of computer equipment reference 39230,369959.91,0,Excel,5,asset,debit
marketing campaign expense reference 90422,425738.57,0,Bank,4,expense,credit
client payment for consulting services reference 94558,330603.66,0,Bank,9,revenue,credit
service revenue received reference 10515,58185.19,0,Manual,12,revenue,credit
security deposit paid reference 67193,460352.69,0,Bank,8,asset,debit
purchase of office laptop reference 18809,95081.62,1,CSV,3,asset,debit
service revenue received reference 27835,447917.55,1,Excel,11,revenue,credit
purchase of machinery reference 61710,326020.46,0,PDF,4,asset,debit
retained earnings transfer reference 25533,38254.41,0,Manual,12,equity,credit
maintenance and repair expense reference 82655,263231.56,0,Manual,7,expense,debit
customer invoice settlement reference 88081,186820.88,1,PDF,8,revenue,credit
vehicle purchase for business reference 30459,407312.57,1,CSV,11,asset,debit
consulting income received reference 94299,94357.84,1,Excel,6,revenue,credit
internet and telecom bill reference 14860,499485.01,0,Excel,8,expense,debit
employee salary payment reference 58214,25979.36,0,Bank,3,expense,debit
professional fees reference 48590,273584.64,0,Excel,11,expense,debit
capital introduced by shareholder reference 60739,266880.63,0,Excel,9,equity,credit
insurance expense reference 52029,162410.93,0,Excel,5,expense,debit
shareholder contribution reference 33470,195304.88,0,PDF,1,equity,credit
security deposit paid reference 14382,120334.11,0,CSV,6,asset,debit
monthly office rent reference 59671,414135.87,0,Excel,11,expense,debit
product sales receipt reference 20525,52109.77,0,CSV,5,revenue,credit
capital introduced by shareholder reference 48396,81546.72,0,CSV,6,equity,credit
security deposit paid reference 20224,442173.39,1,CSV,2,asset,debit
office supplies purchase reference 47776,76857.15,1,PDF,12,expense,debit
courier and postage expense reference 35192,163710.95,0,PDF,6,expense,debit
equipment acquisition reference 75843,430489.01,1,Excel,3,asset,debit
monthly office rent reference 90201,221864.93,0,Excel,2,expense,debit
sales collection reference 30012,220760.83,0,PDF,3,revenue,credit
salary payable recorded reference 59720,275227.65,0,Bank,6,liability,credit
product sales receipt reference 65574,183158.76,0,Excel,5,revenue,credit
software subscription expense reference 20003,235165.13,0,CSV,11,expense,debit
professional fees reference 61800,281306.12,0,Manual,3,expense,debit
professional fees reference 83474,397506.5,0,Manual,12,expense,debit
business loan received reference 86111,183070.03,0,Bank,1,liability,credit
purchase of office laptop reference 66579,76389.0,1,Manual,9,asset,debit
service revenue received reference 50725,176690.83,1,Excel,12,revenue,credit
office electricity bill reference 47156,141020.4,0,Bank,11,expense,debit
accounts payable recorded reference 85874,167815.85,0,PDF,12,liability,debit
customer invoice settlement reference 71007,180316.4,0,Excel,2,revenue,debit
retained earnings transfer reference 78178,453510.97,1,Excel,2,equity,credit
software subscription expense reference 44998,292841.9,0,Bank,9,expense,debit
professional fees reference 56541,117067.54,0,Bank,3,expense,debit
consulting income received reference 94491,172648.12,0,PDF,4,revenue,credit
prepaid insurance reference 93900,470430.22,0,Bank,11,asset,debit
purchase of computer equipment reference 81408,112706.4,1,PDF,3,asset,debit
vehicle purchase for business reference 22548,375012.92,0,PDF,11,asset,debit
employee salary payment reference 66946,195506.72,0,Excel,1,expense,debit
additional equity contribution reference 70601,344281.42,0,Manual,10,equity,credit
equipment acquisition reference 55234,327746.4,0,CSV,10,asset,debit
marketing campaign expense reference 15046,253982.13,0,Excel,12,expense,debit
accounts receivable created reference 48686,40676.54,0,Excel,12,asset,debit
prepaid insurance reference 86226,495548.62,0,PDF,4,asset,debit
client payment for consulting services reference 49007,122646.02,0,CSV,8,revenue,credit
loan repayment liability reference 67242,253513.52,0,PDF,1,liability,credit
sales revenue from customer invoice reference 67967,198968.28,1,Bank,6,revenue,credit
shareholder contribution reference 59212,147550.46,0,Bank,1,equity,credit
security deposit paid reference 38966,8674.19,0,CSV,10,asset,debit
additional equity contribution reference 47563,343631.4,0,CSV,6,equity,credit
gst payable recorded reference 40042,425225.69,0,CSV,7,liability,credit
client payment for consulting services reference 11977,490461.08,0,PDF,8,revenue,credit
sales revenue from customer invoice reference 36577,142682.89,0,Excel,4,revenue,credit
product sales receipt reference 42404,263785.5,0,Manual,4,revenue,credit
customer invoice settlement reference 76663,482911.85,0,CSV,12,revenue,credit
office furniture purchase reference 58453,435347.09,0,CSV,4,asset,debit
consulting income received reference 47881,207669.73,0,CSV,12,revenue,credit
salary payable recorded reference 12029,160236.95,1,PDF,3,liability,credit
accounts receivable created reference 56395,40574.53,0,PDF,6,asset,debit
loan repayment liability reference 76163,270144.45,0,Manual,12,liability,credit
share capital contribution reference 53466,178899.46,0,Manual,9,equity,credit
additional equity contribution reference 82039,279906.8,0,PDF,12,equity,credit
software subscription expense reference 34208,320014.32,0,Bank,4,expense,debit
supplier payable created reference 68617,81275.22,0,PDF,7,liability,credit
sales collection reference 60102,123258.35,0,CSV,1,revenue,credit
monthly office rent reference 25948,74885.75,1,CSV,9,expense,debit
service revenue received reference 19574,482588.49,0,PDF,5,revenue,credit
short term borrowing reference 45934,257023.73,0,CSV,10,liability,credit
owner capital introduced reference 60983,40990.36,0,PDF,10,equity,credit
customer invoice settlement reference 57923,284992.24,0,Manual,10,revenue,credit
internet and telecom bill reference 62165,24668.68,0,Excel,9,expense,debit
gst payable recorded reference 60179,200430.5,1,Bank,4,liability,credit
consulting income received reference 94969,23757.3,0,CSV,9,revenue,debit
employee salary payment reference 40665,346168.39,1,Excel,10,expense,credit
consulting income received reference 95593,399206.82,0,Excel,5,revenue,debit
supplier payable created reference 48678,418714.79,0,Manual,2,liability,credit
customer invoice settlement reference 79649,361905.67,0,Manual,9,revenue,credit
software subscription expense reference 69878,98643.4,0,Excel,11,expense,debit
office furniture purchase reference 44442,492306.68,0,Excel,12,asset,debit
supplier payable created reference 73873,121417.21,0,PDF,12,liability,credit
inventory purchase for stock reference 42873,135583.87,1,CSV,3,asset,debit
loan repayment liability reference 57971,61333.97,1,Bank,6,liability,credit
service revenue received reference 14844,2610.85,0,CSV,3,revenue,credit
retained earnings transfer reference 96358,60046.47,0,Excel,8,equity,credit
salary payable recorded reference 91463,123693.21,0,Bank,2,liability,credit
product sales receipt reference 55978,177852.51,0,CSV,7,revenue,credit
inventory purchase for stock reference 46739,172849.95,0,PDF,6,asset,debit
shareholder contribution reference 71051,5880.22,0,Manual,3,equity,credit
vendor credit purchase reference 47108,121589.79,0,CSV,3,liability,credit
retained earnings transfer reference 14923,376640.57,1,Excel,4,equity,credit
security deposit paid reference 18117,141541.93,0,CSV,2,asset,debit
office electricity bill reference 12053,103294.77,0,Bank,2,expense,debit
capital introduced by shareholder reference 43331,23548.12,0,CSV,3,equity,credit
owner investment into business reference 79548,160466.85,0,CSV,4,equity,credit
supplier payable created reference 81252,407134.0,0,Excel,12,liability,credit
prepaid insurance reference 64007,265749.83,0,PDF,7,asset,debit
client payment for consulting services reference 13697,123410.27,1,Manual,6,revenue,credit
salary payable recorded reference 83368,311730.59,0,PDF,10,liability,credit
insurance expense reference 95810,453153.95,0,Manual,11,expense,debit
owner capital introduced reference 95094,356670.52,0,Bank,9,equity,credit
product sales receipt reference 24257,343518.74,0,CSV,7,revenue,credit
office electricity bill reference 81118,491089.72,0,Manual,4,expense,debit
office electricity bill reference 28885,30213.81,1,Manual,5,expense,debit
vehicle purchase for business reference 16711,402294.3,1,Manual,3,asset,debit
insurance expense reference 88625,41014.01,0,CSV,5,expense,credit
owner investment into business reference 36262,473489.33,0,CSV,11,equity,credit
additional equity contribution reference 76988,457263.41,0,Bank,8,equity,credit
salary payable recorded reference 69492,447650.29,0,Excel,2,liability,credit
security deposit paid reference 76970,58498.13,0,Manual,7,asset,debit
subscription revenue reference 26580,441111.43,0,Manual,4,revenue,credit
professional fees reference 15384,440860.14,0,PDF,1,expense,debit
sales revenue from customer invoice reference 12157,260468.49,0,Excel,9,revenue,credit
owner withdrawal against equity reference 15485,96709.64,0,PDF,3,equity,credit
monthly office rent reference 23181,280582.07,0,Excel,7,expense,debit
capital introduced by shareholder reference 97542,224760.96,0,Manual,5,equity,credit
maintenance and repair expense reference 48062,80679.3,0,Bank,9,expense,debit
prepaid insurance reference 58937,416084.78,0,Excel,2,asset,debit
client payment for consulting services reference 76672,392462.1,1,Bank,5,revenue,credit
marketing campaign expense reference 57903,475671.24,0,PDF,8,expense,debit
owner investment into business reference 32739,284419.05,0,Excel,8,equity,debit
share capital contribution reference 87838,171801.17,0,Excel,7,equity,credit
loan repayment liability reference 92183,255710.44,0,Manual,11,liability,credit
product sales receipt reference 66077,461545.82,0,CSV,8,revenue,credit
shareholder contribution reference 26236,169925.09,0,CSV,5,equity,credit
tax payable recorded reference 52502,239050.55,0,CSV,10,liability,credit
supplier payable created reference 54707,228941.66,0,PDF,5,liability,credit
share capital contribution reference 81418,418829.02,1,CSV,6,equity,credit
vendor credit purchase reference 92267,469940.36,1,CSV,11,liability,debit
prepaid insurance reference 37896,384391.46,1,Excel,2,asset,debit
courier and postage expense reference 30035,388152.42,0,Excel,10,expense,debit
customer invoice settlement reference 46121,447869.62,0,CSV,3,revenue,credit
vendor credit purchase reference 40909,437881.59,0,Manual,10,liability,credit
internet and telecom bill reference 44213,56973.14,0,Bank,9,expense,debit
gst payable recorded reference 60956,295413.45,0,CSV,7,liability,credit
insurance expense reference 47088,102460.68,0,Manual,12,expense,debit
supplier payable created reference 21021,35234.5,0,PDF,9,liability,credit
vehicle purchase for business reference 65574,174387.44,0,PDF,8,asset,debit
client payment for consulting services reference 11463,482024.84,0,Excel,9,revenue,credit
capital introduced by shareholder reference 38970,223693.25,0,Excel,4,equity,credit
subscription revenue reference 29038,442876.57,0,CSV,8,revenue,credit
accounts receivable created reference 30345,61418.86,0,Excel,9,asset,debit
business travel expense reference 77679,119977.67,0,Bank,9,expense,debit
employee salary payment reference 45122,193952.19,1,Bank,11,expense,debit
equipment acquisition reference 32997,320280.08,0,CSV,1,asset,debit
insurance expense reference 44038,391237.0,1,Bank,12,expense,debit
business loan received reference 72005,374967.16,0,PDF,9,liability,credit
sales revenue from customer invoice reference 55138,366331.52,1,CSV,6,revenue,credit
sales revenue from customer invoice reference 98706,389414.6,1,CSV,4,revenue,credit
shareholder contribution reference 62911,18023.97,0,Excel,8,equity,credit
purchase of computer equipment reference 29085,192237.73,0,PDF,2,asset,debit
salary payable recorded reference 17173,487448.07,0,Manual,5,liability,credit
accounts receivable created reference 85503,420643.88,0,CSV,11,asset,debit
subscription revenue reference 95672,6519.91,0,PDF,12,revenue,credit
capital introduced by shareholder reference 15408,31120.03,0,Bank,8,equity,credit
loan repayment liability reference 39205,493585.31,0,CSV,11,liability,credit
purchase of computer equipment reference 96221,280134.89,0,Manual,11,asset,debit
owner investment into business reference 85583,308527.45,0,Bank,10,equity,debit
purchase of office laptop reference 55538,178411.17,0,CSV,7,asset,debit
owner withdrawal against equity reference 62405,222613.91,0,Bank,3,equity,credit
owner capital introduced reference 12754,154655.1,0,Bank,1,equity,credit
retained earnings transfer reference 58920,27683.47,0,Manual,5,equity,credit
shareholder contribution reference 38205,250195.17,0,Bank,9,equity,credit
office supplies purchase reference 68230,334217.41,1,Manual,9,expense,debit
retained earnings transfer reference 28602,401824.16,0,Excel,12,equity,credit
tax payable recorded reference 83197,9038.63,0,Bank,5,liability,credit
purchase of computer equipment reference 51855,336489.57,0,Bank,12,asset,debit
vendor credit purchase reference 10759,389495.42,0,PDF,9,liability,credit
courier and postage expense reference 68069,349102.58,1,CSV,4,expense,debit
equipment acquisition reference 83241,250426.24,1,Excel,2,asset,debit
subscription revenue reference 75041,207250.32,0,CSV,10,revenue,credit
share capital contribution reference 84889,131210.99,1,Excel,11,equity,credit
owner withdrawal against equity reference 95925,405304.78,0,PDF,8,equity,credit
customer invoice settlement reference 80819,456620.3,0,PDF,9,revenue,credit
owner withdrawal against equity reference 55030,454028.73,0,PDF,1,equity,credit
sales collection reference 54473,83815.21,0,Excel,8,revenue,credit
owner investment into business reference 25749,209344.92,0,Manual,7,equity,credit
gst payable recorded reference 25271,151610.69,0,PDF,12,liability,credit
internet and telecom bill reference 84165,153602.74,0,Manual,2,expense,debit
product sales receipt reference 51744,145070.14,0,CSV,11,revenue,credit
owner capital introduced reference 41612,444028.81,1,CSV,6,equity,credit
courier and postage expense reference 86955,450704.13,0,CSV,9,expense,debit
accounts payable recorded reference 87411,14280.23,0,Bank,11,liability,credit
office furniture purchase reference 83324,237212.98,1,PDF,5,asset,debit
software subscription expense reference 17124,261606.42,0,Manual,10,expense,debit
short term borrowing reference 31833,475471.19,0,Bank,6,liability,debit
loan repayment liability reference 96307,174264.5,0,Excel,12,liability,credit
office furniture purchase reference 67894,374834.5,0,CSV,7,asset,debit
office electricity bill reference 67137,460934.66,0,Excel,7,expense,debit
retained earnings transfer reference 55569,160281.92,1,Bank,10,equity,credit
equipment acquisition reference 37003,220769.74,0,Manual,4,asset,debit
additional equity contribution reference 76215,178636.0,0,CSV,8,equity,credit
shareholder contribution reference 71576,285548.36,1,PDF,2,equity,credit
short term borrowing reference 34713,409442.88,0,Manual,6,liability,credit
service revenue received reference 56722,312558.75,1,Excel,6,revenue,credit
subscription revenue reference 80108,67708.83,0,CSV,7,revenue,credit
sales revenue from customer invoice reference 55532,249412.75,0,Excel,3,revenue,credit
purchase of office laptop reference 41997,108336.98,1,Excel,11,asset,debit
inventory purchase for stock reference 36316,16872.44,0,PDF,6,asset,debit
maintenance and repair expense reference 88277,155151.63,0,Bank,7,expense,credit
employee salary payment reference 75785,380277.74,0,CSV,10,expense,debit
subscription revenue reference 38789,371073.69,1,PDF,2,revenue,credit
business loan received reference 74552,143107.57,0,CSV,12,liability,credit
sales revenue from customer invoice reference 10833,94566.83,1,Bank,2,revenue,credit
service revenue received reference 32253,278160.76,0,Manual,4,revenue,debit
vendor credit purchase reference 49784,371801.53,0,Bank,6,liability,credit
accounts payable recorded reference 20757,375865.43,0,CSV,6,liability,credit
salary payable recorded reference 23139,128631.79,0,PDF,11,liability,credit
sales collection reference 84070,496112.11,0,Bank,12,revenue,debit
vendor credit purchase reference 81143,22485.21,1,Excel,8,liability,credit
capital introduced by shareholder reference 52707,213491.87,0,CSV,10,equity,credit
business loan received reference 51792,108745.01,0,Excel,10,liability,credit
accounts payable recorded reference 73148,110844.05,0,Manual,1,liability,credit
accounts receivable created reference 43368,203245.98,0,Excel,6,asset,debit
maintenance and repair expense reference 20659,264997.16,0,PDF,11,expense,debit
supplier payable created reference 96721,168133.32,0,PDF,3,liability,credit
prepaid insurance reference 57434,491343.23,1,CSV,8,asset,debit
consulting income received reference 74405,403207.18,0,Bank,3,revenue,credit
additional equity contribution reference 36642,51511.68,0,CSV,2,equity,credit
owner capital introduced reference 61975,351710.14,0,Excel,4,equity,credit
additional equity contribution reference 46244,72880.19,0,Manual,10,equity,credit
owner withdrawal against equity reference 36908,147709.72,1,Excel,8,equity,credit
internet and telecom bill reference 48636,128460.61,0,PDF,5,expense,debit
owner withdrawal against equity reference 16404,429018.2,0,Manual,4,equity,credit
accounts receivable created reference 41388,306038.06,0,Excel,9,asset,debit
share capital contribution reference 87904,340237.63,0,Excel,10,equity,credit
office furniture purchase reference 62693,418892.55,1,Manual,3,asset,debit
internet and telecom bill reference 30945,309533.71,1,PDF,1,expense,debit
consulting income received reference 31732,361674.01,0,CSV,9,revenue,credit
prepaid insurance reference 60291,466426.25,0,Bank,5,asset,debit
courier and postage expense reference 11383,309873.9,1,Bank,11,expense,debit
owner capital introduced reference 44662,221906.77,0,CSV,2,equity,credit
marketing campaign expense reference 35117,403431.33,0,CSV,11,expense,debit
shareholder contribution reference 57443,9684.33,0,PDF,2,equity,credit
share capital contribution reference 79661,103852.31,0,Excel,1,equity,credit
software subscription expense reference 60445,472461.88,1,CSV,6,expense,debit
monthly office rent reference 25090,105191.15,0,Manual,3,expense,debit
additional equity contribution reference 37369,470686.79,0,CSV,5,equity,debit
loan repayment liability reference 15457,138186.0,0,Excel,7,liability,credit
capital introduced by shareholder reference 74117,59991.16,0,CSV,11,equity,credit
equipment acquisition reference 74916,167481.99,0,PDF,8,asset,credit
customer invoice settlement reference 82704,338749.39,1,CSV,8,revenue,credit
share capital contribution reference 30116,42456.86,1,Bank,9,equity,credit
software subscription expense reference 31165,10266.6,1,Bank,3,expense,debit
sales revenue from customer invoice reference 98795,47357.01,0,PDF,11,revenue,credit
retained earnings transfer reference 38520,353305.21,0,CSV,3,equity,credit
subscription revenue reference 36632,130456.46,0,Bank,9,revenue,credit
gst payable recorded reference 12975,398803.36,1,Manual,1,liability,credit
prepaid insurance reference 47985,384354.65,0,CSV,7,asset,debit
business loan received reference 89037,59309.5,0,CSV,12,liability,credit
owner investment into business reference 17150,305315.36,0,CSV,11,equity,credit
equipment acquisition reference 19483,220548.33,0,Excel,11,asset,debit
additional equity contribution reference 46407,32900.16,1,CSV,4,equity,credit
customer invoice settlement reference 78627,135632.2,0,Excel,4,revenue,credit
shareholder contribution reference 48801,76605.83,0,CSV,5,equity,credit
additional equity contribution reference 98845,410390.15,0,CSV,11,equity,credit
employee salary payment reference 37589,444161.49,0,Excel,5,expense,debit
employee salary payment reference 84568,118483.34,1,Manual,5,expense,debit
service revenue received reference 13665,471423.99,1,PDF,8,revenue,credit
vehicle purchase for business reference 89089,219124.44,0,PDF,7,asset,debit
tax payable recorded reference 20285,336591.61,1,Manual,7,liability,credit
sales revenue from customer invoice reference 97206,224610.97,1,Manual,3,revenue,credit
owner capital introduced reference 56389,451390.13,1,Bank,7,equity,debit
additional equity contribution reference 49326,86358.32,0,Excel,6,equity,credit
internet and telecom bill reference 44156,443654.53,0,Excel,11,expense,debit
software subscription expense reference 89417,132992.7,0,Excel,2,expense,debit
employee salary payment reference 67210,248736.41,1,Manual,12,expense,debit
maintenance and repair expense reference 20188,299271.99,0,Bank,8,expense,debit
purchase of machinery reference 21666,367745.47,0,Manual,8,asset,debit
purchase of computer equipment reference 29521,231096.13,0,Manual,3,asset,debit
additional equity contribution reference 55727,163622.94,0,Manual,10,equity,credit
monthly office rent reference 72604,33151.8,0,CSV,9,expense,debit
software subscription expense reference 92356,69529.5,0,Bank,8,expense,debit
sales revenue from customer invoice reference 73606,452820.75,0,PDF,1,revenue,credit
shareholder contribution reference 52569,146000.91,0,Bank,3,equity,debit
owner withdrawal against equity reference 59613,125331.89,0,PDF,1,equity,debit
accounts payable recorded reference 46824,19880.31,0,Manual,12,liability,debit
sales revenue from customer invoice reference 78307,396702.59,1,Bank,7,revenue,credit
sales collection reference 29952,97095.99,0,Excel,11,revenue,credit
sales collection reference 48484,100641.1,0,PDF,3,revenue,credit
owner withdrawal against equity reference 70267,45273.24,0,Bank,12,equity,credit
purchase of computer equipment reference 81084,367397.78,1,Manual,6,asset,credit
capital introduced by shareholder reference 61238,73075.73,0,Bank,8,equity,credit
purchase of office laptop reference 95806,237188.62,0,Excel,3,asset,debit
employee salary payment reference 82832,311193.96,0,Excel,11,expense,credit
supplier payable created reference 36329,415383.81,0,Excel,2,liability,credit
tax payable recorded reference 90851,491704.69,0,CSV,10,liability,credit
owner investment into business reference 34031,439519.56,0,Manual,9,equity,credit
equipment acquisition reference 39090,240761.79,0,Manual,5,asset,debit
client payment for consulting services reference 90306,123717.59,0,PDF,7,revenue,credit
software subscription expense reference 65871,159592.53,1,Bank,7,expense,debit
internet and telecom bill reference 31523,467566.44,0,PDF,9,expense,debit
inventory purchase for stock reference 72427,106657.85,0,Bank,1,asset,debit
office supplies purchase reference 64826,357677.55,0,Excel,3,expense,debit
equipment acquisition reference 27176,42068.27,0,Excel,8,asset,debit
salary payable recorded reference 28101,249306.79,0,Bank,6,liability,credit
sales revenue from customer invoice reference 27441,172710.71,0,Bank,7,revenue,credit
client payment for consulting services reference 38945,413956.46,0,PDF,7,revenue,credit
inventory purchase for stock reference 60149,421683.85,0,Manual,4,asset,debit
salary payable recorded reference 21950,417053.62,0,Bank,7,liability,credit
owner withdrawal against equity reference 14606,97902.12,0,Bank,11,equity,credit
office furniture purchase reference 50310,264283.23,0,Bank,10,asset,credit
prepaid insurance reference 62144,132365.97,1,CSV,1,asset,debit
employee salary payment reference 37105,287797.59,0,Bank,4,expense,debit
purchase of computer equipment reference 11955,160422.14,0,PDF,4,asset,credit
retained earnings transfer reference 38206,181033.58,1,Bank,6,equity,credit
capital introduced by shareholder reference 50234,468348.29,1,CSV,10,equity,credit
courier and postage expense reference 38666,375556.42,1,Bank,9,expense,debit
business travel expense reference 58650,338256.72,0,Manual,12,expense,debit
short term borrowing reference 32262,470552.47,1,CSV,1,liability,debit
vendor credit purchase reference 47356,7305.19,0,CSV,12,liability,credit
gst payable recorded reference 76505,173595.71,0,Manual,12,liability,credit
business travel expense reference 85728,86465.43,1,CSV,9,expense,debit
office supplies purchase reference 30648,311290.28,0,Excel,12,expense,debit
business loan received reference 48055,142877.53,0,Manual,7,liability,credit
owner investment into business reference 15599,142324.58,1,Bank,11,equity,credit
purchase of computer equipment reference 82686,44629.79,0,Manual,8,asset,debit
consulting income received reference 57139,140474.94,0,CSV,5,revenue,credit
office electricity bill reference 73569,99536.79,1,Manual,11,expense,debit
short term borrowing reference 24160,233183.47,0,Manual,5,liability,credit
consulting income received reference 14985,87733.41,1,Excel,8,revenue,credit
insurance expense reference 51986,246992.29,0,Manual,5,expense,debit
tax payable recorded reference 60163,185621.29,0,Manual,3,liability,debit
customer invoice settlement reference 11231,479720.34,0,Manual,8,revenue,credit
inventory purchase for stock reference 20381,76836.14,0,CSV,12,asset,debit
shareholder contribution reference 61627,326859.16,0,Manual,8,equity,credit
marketing campaign expense reference 92796,408373.38,0,Bank,11,expense,debit
supplier payable created reference 36075,97494.65,0,Excel,9,liability,credit
purchase of office laptop reference 73441,425019.88,0,Manual,11,asset,debit
office furniture purchase reference 56410,344286.54,1,PDF,1,asset,debit
capital introduced by shareholder reference 78499,266575.62,0,PDF,1,equity,credit
inventory purchase for stock reference 75711,256398.08,0,Bank,6,asset,debit
supplier payable created reference 43365,461444.18,0,CSV,10,liability,credit
prepaid insurance reference 77899,336883.62,0,Excel,3,asset,debit
client payment for consulting services reference 71429,321541.29,0,Bank,8,revenue,debit
office supplies purchase reference 10272,118330.06,1,Excel,5,expense,debit
shareholder contribution reference 33007,340764.72,1,Bank,5,equity,credit
supplier payable created reference 20945,46801.38,0,CSV,2,liability,credit
additional equity contribution reference 22350,232914.27,0,Bank,6,equity,credit
equipment acquisition reference 61930,3136.87,1,PDF,1,asset,debit
courier and postage expense reference 96924,236401.51,0,Manual,8,expense,debit
software subscription expense reference 49651,27558.94,0,PDF,11,expense,debit
owner capital introduced reference 70460,341161.83,0,Manual,9,equity,credit
service revenue received reference 59039,207852.75,0,Excel,1,revenue,debit
owner capital introduced reference 46554,301398.07,1,PDF,8,equity,credit
insurance expense reference 71499,390671.82,0,Manual,12,expense,debit
product sales receipt reference 63335,238973.83,0,CSV,2,revenue,credit
equipment acquisition reference 53384,365689.28,1,Manual,4,asset,debit
loan repayment liability reference 34559,113452.74,1,Excel,10,liability,credit
office furniture purchase reference 79586,264833.89,0,Manual,8,asset,debit
share capital contribution reference 50676,222284.92,0,PDF,12,equity,debit
office electricity bill reference 69818,376084.62,0,PDF,5,expense,credit
equipment acquisition reference 75854,115630.59,0,Excel,10,asset,debit
client payment for consulting services reference 33762,94335.34,1,Manual,5,revenue,credit
professional fees reference 81655,317565.99,0,Bank,1,expense,debit
accounts receivable created reference 74095,79951.57,0,Bank,6,asset,debit
service revenue received reference 63424,150035.49,0,PDF,9,revenue,credit
capital introduced by shareholder reference 69741,194259.36,0,PDF,6,equity,credit
courier and postage expense reference 76525,211381.0,1,CSV,5,expense,debit
equipment acquisition reference 69397,258265.98,0,CSV,2,asset,debit
capital introduced by shareholder reference 94983,70526.09,0,PDF,10,equity,credit
supplier payable created reference 36978,29784.16,0,CSV,3,liability,credit
security deposit paid reference 71950,274507.25,0,Bank,7,asset,debit
marketing campaign expense reference 89155,408414.81,1,Bank,7,expense,debit
equipment acquisition reference 79916,425871.9,0,PDF,9,asset,debit
sales collection reference 10400,497174.64,0,Manual,6,revenue,credit
sales revenue from customer invoice reference 88396,76266.97,1,Excel,12,revenue,credit
prepaid insurance reference 85123,361296.73,0,Bank,8,asset,debit
tax payable recorded reference 72939,251089.53,0,Bank,10,liability,credit
office supplies purchase reference 22304,399677.97,0,PDF,5,expense,debit
gst payable recorded reference 48255,354976.66,1,CSV,8,liability,credit
share capital contribution reference 18534,207180.87,0,PDF,4,equity,credit
owner withdrawal against equity reference 28044,169131.15,0,Excel,6,equity,credit
owner capital introduced reference 76436,144187.79,0,Manual,1,equity,credit
owner investment into business reference 33625,460611.06,0,PDF,12,equity,credit
short term borrowing reference 91695,446133.22,0,Bank,6,liability,credit
sales revenue from customer invoice reference 42055,209977.69,0,CSV,8,revenue,credit
consulting income received reference 82051,426898.51,1,Bank,7,revenue,credit
retained earnings transfer reference 81722,170244.74,0,Bank,3,equity,debit
vendor credit purchase reference 40676,74315.69,0,PDF,1,liability,credit
purchase of machinery reference 93747,224948.17,0,Manual,7,asset,debit
short term borrowing reference 54364,386867.76,0,Bank,5,liability,credit
monthly office rent reference 78461,357343.73,1,Excel,7,expense,debit
share capital contribution reference 64180,464456.59,0,Bank,11,equity,credit
short term borrowing reference 59433,189755.7,0,Manual,2,liability,credit
monthly office rent reference 19782,488852.68,1,Bank,4,expense,debit
purchase of computer equipment reference 22161,124032.59,1,CSV,1,asset,debit
vendor credit purchase reference 44886,191193.6,0,Manual,12,liability,credit
prepaid insurance reference 20531,359398.36,1,Manual,7,asset,debit
purchase of office laptop reference 60949,238010.75,0,PDF,9,asset,debit
client payment for consulting services reference 15794,378549.21,0,Bank,8,revenue,credit
capital introduced by shareholder reference 76906,133954.42,1,Bank,9,equity,credit
software subscription expense reference 24307,75520.3,0,CSV,7,expense,debit
office supplies purchase reference 13165,490457.55,0,Manual,3,expense,debit
product sales receipt reference 22379,349199.31,1,Bank,12,revenue,credit
office supplies purchase reference 43759,244311.1,0,Manual,7,expense,debit
courier and postage expense reference 91018,243413.57,0,CSV,10,expense,debit
owner withdrawal against equity reference 33347,417499.49,0,Bank,12,equity,credit
product sales receipt reference 31938,187929.2,0,Excel,7,revenue,credit
courier and postage expense reference 52789,36117.81,0,Manual,7,expense,debit
internet and telecom bill reference 37438,201723.58,0,Excel,8,expense,debit
salary payable recorded reference 63278,202447.79,0,Excel,7,liability,debit
owner withdrawal against equity reference 12126,278359.67,0,Excel,9,equity,credit
security deposit paid reference 71577,206111.09,0,Manual,2,asset,debit
accounts payable recorded reference 96882,445929.12,0,Excel,10,liability,debit
additional equity contribution reference 87098,393575.58,0,PDF,6,equity,credit
owner capital introduced reference 90720,63156.44,0,Manual,12,equity,credit
client payment for consulting services reference 93222,411380.25,1,Bank,5,revenue,credit
prepaid insurance reference 97700,354524.84,0,Excel,5,asset,debit
software subscription expense reference 13347,426286.94,0,PDF,9,expense,debit
prepaid insurance reference 87782,312192.08,0,Manual,1,asset,debit
supplier payable created reference 77242,35969.34,0,PDF,11,liability,credit
internet and telecom bill reference 76143,296143.76,0,Bank,4,expense,debit
client payment for consulting services reference 11833,251771.38,0,PDF,9,revenue,credit
supplier payable created reference 59531,131523.44,0,PDF,12,liability,credit
sales collection reference 45070,80893.24,0,Excel,11,revenue,credit
vendor credit purchase reference 61420,68596.73,0,CSV,6,liability,credit
monthly office rent reference 16318,214494.52,0,CSV,12,expense,debit
owner capital introduced reference 13338,66512.28,0,Bank,12,equity,credit
product sales receipt reference 14968,174463.8,0,PDF,1,revenue,credit
customer invoice settlement reference 45356,323735.83,0,Manual,3,revenue,credit
gst payable recorded reference 53548,64413.9,0,PDF,9,liability,credit
office furniture purchase reference 52088,233501.47,1,PDF,4,asset,debit
employee salary payment reference 79898,207930.58,0,PDF,6,expense,debit
client payment for consulting services reference 18132,249234.8,1,Bank,6,revenue,credit
gst payable recorded reference 33153,214028.44,0,Excel,2,liability,credit
software subscription expense reference 12460,255905.92,1,PDF,9,expense,credit
consulting income received reference 46362,237347.28,1,Manual,2,revenue,credit
purchase of office laptop reference 85928,375925.51,0,PDF,6,asset,debit
internet and telecom bill reference 62267,477877.69,1,PDF,1,expense,debit
office supplies purchase reference 29524,132178.76,0,Manual,7,expense,debit
internet and telecom bill reference 38763,111895.76,0,CSV,8,expense,debit
retained earnings transfer reference 89722,273061.01,0,PDF,1,equity,credit
maintenance and repair expense reference 59579,183203.12,1,PDF,12,expense,debit
accounts payable recorded reference 55087,291269.91,0,Excel,9,liability,credit
business loan received reference 91722,6134.83,1,Bank,9,liability,credit
shareholder contribution reference 96875,258438.63,0,PDF,12,equity,credit
loan repayment liability reference 94998,289517.92,0,Manual,2,liability,credit
business loan received reference 51216,474995.34,0,PDF,12,liability,credit
consulting income received reference 57712,260504.63,1,Excel,1,revenue,credit
vehicle purchase for business reference 45148,291121.28,0,Manual,10,asset,debit
office electricity bill reference 41916,318696.64,0,Bank,3,expense,debit
courier and postage expense reference 18240,443662.36,0,Excel,7,expense,debit
office furniture purchase reference 72057,351061.49,0,Excel,6,asset,debit
courier and postage expense reference 46387,226185.23,0,Manual,12,expense,debit
sales collection reference 27700,265135.41,0,Bank,6,revenue,debit
sales collection reference 57848,34118.38,0,Excel,11,revenue,credit
office supplies purchase reference 48771,467338.95,0,Manual,10,expense,debit
product sales receipt reference 40838,19970.2,0,Excel,2,revenue,credit
service revenue received reference 87771,152170.74,0,PDF,6,revenue,credit
additional equity contribution reference 70880,54862.57,0,PDF,7,equity,credit
office furniture purchase reference 95892,156748.02,0,Manual,6,asset,debit
security deposit paid reference 46063,14598.79,1,Excel,5,asset,debit
office furniture purchase reference 33051,74572.44,0,Bank,7,asset,debit
vendor credit purchase reference 67862,386488.79,0,PDF,10,liability,credit
equipment acquisition reference 23487,479269.08,0,PDF,5,asset,debit
share capital contribution reference 88130,116027.98,0,PDF,4,equity,credit
product sales receipt reference 78405,351768.08,1,Bank,8,revenue,credit
prepaid insurance reference 64790,309057.03,0,Excel,6,asset,debit
owner withdrawal against equity reference 55331,53329.89,0,Excel,1,equity,credit
customer invoice settlement reference 32867,349246.63,0,PDF,2,revenue,credit
office furniture purchase reference 77955,373911.93,0,Bank,1,asset,debit
courier and postage expense reference 64995,98319.26,0,Bank,3,expense,debit
customer invoice settlement reference 96305,416098.61,0,PDF,5,revenue,credit
vehicle purchase for business reference 78726,18119.23,1,Excel,7,asset,debit
sales collection reference 67605,89044.91,1,Bank,10,revenue,credit
business travel expense reference 29635,94171.37,0,CSV,9,expense,debit
monthly office rent reference 12021,34654.53,0,Excel,5,expense,debit
office electricity bill reference 44509,469179.6,0,Excel,10,expense,credit
purchase of office laptop reference 72121,69052.04,1,Bank,1,asset,debit
equipment acquisition reference 98013,59704.6,0,Manual,9,asset,debit
office furniture purchase reference 14610,363482.56,0,CSV,12,asset,debit
gst payable recorded reference 76708,333961.81,0,CSV,6,liability,credit
loan repayment liability reference 89187,111105.17,0,Manual,12,liability,credit
short term borrowing reference 56660,458332.09,0,Bank,8,liability,credit
professional fees reference 54893,415610.13,0,Manual,11,expense,debit
subscription revenue reference 23174,301336.29,0,PDF,6,revenue,credit
subscription revenue reference 84629,297250.95,0,CSV,9,revenue,credit
inventory purchase for stock reference 57074,75216.8,0,PDF,2,asset,credit
supplier payable created reference 44294,173404.54,1,Manual,12,liability,credit
consulting income received reference 98795,359021.24,0,Excel,2,revenue,credit
supplier payable created reference 89104,355138.8,0,PDF,5,liability,credit
courier and postage expense reference 78912,352656.48,0,CSV,11,expense,debit
equipment acquisition reference 38201,164694.81,0,Manual,5,asset,debit
owner investment into business reference 25415,119565.77,1,PDF,4,equity,credit
short term borrowing reference 13001,399031.36,0,CSV,3,liability,credit
retained earnings transfer reference 56668,142913.82,0,Manual,2,equity,credit
capital introduced by shareholder reference 17207,161119.95,0,CSV,5,equity,debit
vehicle purchase for business reference 74132,365769.67,0,Excel,11,asset,credit
prepaid insurance reference 63149,128594.38,1,Manual,11,asset,credit
insurance expense reference 22805,82841.35,0,CSV,10,expense,debit
prepaid insurance reference 28248,484217.81,0,CSV,9,asset,debit
marketing campaign expense reference 93914,327744.33,1,PDF,2,expense,debit
capital introduced by shareholder reference 20173,225665.19,0,PDF,7,equity,credit
office electricity bill reference 20663,250397.88,0,CSV,3,expense,credit
equipment acquisition reference 86776,14875.27,0,Excel,9,asset,debit
office electricity bill reference 14806,360561.5,1,CSV,11,expense,debit
owner withdrawal against equity reference 62642,32564.17,0,Excel,4,equity,credit
service revenue received reference 98743,476991.23,0,Excel,7,revenue,credit
subscription revenue reference 77523,232607.48,0,Excel,3,revenue,credit
consulting income received reference 27575,132182.05,0,Bank,5,revenue,credit
tax payable recorded reference 85484,473225.01,0,CSV,8,liability,credit
professional fees reference 39528,8936.98,0,PDF,1,expense,debit
customer invoice settlement reference 75048,47483.27,0,Excel,5,revenue,credit
maintenance and repair expense reference 52849,141138.44,0,CSV,7,expense,debit
owner investment into business reference 31202,387238.26,0,Manual,7,equity,credit
service revenue received reference 23924,428246.18,0,Bank,8,revenue,credit
share capital contribution reference 82207,156922.86,0,Manual,8,equity,credit
sales revenue from customer invoice reference 87306,39187.56,0,CSV,6,revenue,debit
equipment acquisition reference 40509,14128.59,0,Bank,11,asset,debit
insurance expense reference 32049,286702.36,0,Manual,7,expense,debit
capital introduced by shareholder reference 17171,445565.68,0,Manual,9,equity,credit
courier and postage expense reference 83444,26410.65,0,Excel,2,expense,debit
accounts payable recorded reference 76616,59439.26,0,CSV,11,liability,credit
customer invoice settlement reference 29308,281554.87,0,Excel,4,revenue,credit
owner capital introduced reference 69974,353273.33,0,PDF,10,equity,credit
owner withdrawal against equity reference 86926,489486.54,0,PDF,1,equity,debit
employee salary payment reference 94467,396797.93,0,PDF,11,expense,debit
maintenance and repair expense reference 89156,53730.7,0,PDF,11,expense,debit
salary payable recorded reference 59593,78707.05,0,Excel,9,liability,debit
security deposit paid reference 48936,415578.41,1,PDF,11,asset,debit
client payment for consulting services reference 86870,163386.89,0,Manual,10,revenue,credit
subscription revenue reference 49188,472017.57,0,Bank,9,revenue,credit
gst payable recorded reference 84206,133376.49,1,PDF,11,liability,credit
additional equity contribution reference 84354,486355.67,1,Excel,3,equity,credit
short term borrowing reference 10310,496539.21,0,Manual,8,liability,credit
purchase of machinery reference 58823,206869.78,0,Excel,3,asset,debit
service revenue received reference 69710,56366.48,0,Excel,3,revenue,credit
retained earnings transfer reference 35611,84856.34,0,PDF,4,equity,credit
tax payable recorded reference 37630,77603.33,0,Excel,11,liability,credit
owner investment into business reference 24013,21247.58,0,Excel,3,equity,credit
consulting income received reference 97857,16862.24,0,CSV,10,revenue,credit
purchase of computer equipment reference 87888,79277.51,0,PDF,10,asset,debit
purchase of office laptop reference 32649,313374.38,0,PDF,6,asset,debit
monthly office rent reference 81813,117292.73,0,Excel,5,expense,debit
consulting income received reference 66774,89164.54,0,CSV,3,revenue,credit
owner investment into business reference 79680,275366.62,0,Excel,10,equity,credit
inventory purchase for stock reference 15668,470414.34,0,Manual,4,asset,debit
additional equity contribution reference 82919,36359.9,0,CSV,12,equity,debit
share capital contribution reference 85610,92425.8,1,Excel,8,equity,credit
gst payable recorded reference 79558,244392.22,0,Excel,12,liability,credit
customer invoice settlement reference 27517,233627.14,1,Excel,2,revenue,credit
equipment acquisition reference 27707,402247.96,0,Bank,10,asset,debit
shareholder contribution reference 10702,5378.77,0,Excel,7,equity,credit
office furniture purchase reference 79886,73453.94,1,Manual,12,asset,credit
service revenue received reference 45644,20495.62,0,Bank,5,revenue,credit
courier and postage expense reference 44997,64989.26,0,Manual,7,expense,debit
owner capital introduced reference 80609,263578.27,0,Bank,2,equity,credit
insurance expense reference 12120,313482.21,1,Excel,10,expense,debit
software subscription expense reference 99797,428097.65,1,Excel,7,expense,debit
tax payable recorded reference 45794,392722.49,1,Excel,9,liability,credit
vendor credit purchase reference 51133,21262.53,1,PDF,1,liability,credit
prepaid insurance reference 27117,195894.57,1,CSV,7,asset,debit
customer invoice settlement reference 53839,193814.43,0,CSV,12,revenue,credit
product sales receipt reference 69088,228710.36,0,CSV,8,revenue,credit
retained earnings transfer reference 51877,381398.76,0,Manual,7,equity,credit
internet and telecom bill reference 50079,406063.97,0,Manual,12,expense,debit
owner withdrawal against equity reference 44581,87893.23,0,Bank,11,equity,debit
service revenue received reference 59484,12309.74,0,CSV,11,revenue,credit
accounts receivable created reference 13119,132571.88,0,PDF,9,asset,debit
monthly office rent reference 39822,80518.74,0,Excel,3,expense,debit
employee salary payment reference 14671,265923.87,1,PDF,8,expense,credit
tax payable recorded reference 52262,174114.17,0,Manual,8,liability,credit
supplier payable created reference 20787,192622.03,1,CSV,2,liability,credit
vendor credit purchase reference 95539,163313.07,0,PDF,3,liability,credit
security deposit paid reference 98659,405527.49,1,Bank,10,asset,debit
gst payable recorded reference 22831,47461.45,0,Manual,9,liability,debit
sales revenue from customer invoice reference 13135,326302.67,0,CSV,3,revenue,credit
owner capital introduced reference 72211,408479.33,1,PDF,10,equity,credit
short term borrowing reference 65573,140128.73,1,Bank,10,liability,credit
accounts payable recorded reference 80019,17853.72,0,Bank,4,liability,debit
software subscription expense reference 98298,274628.78,0,Excel,10,expense,debit
vendor credit purchase reference 58386,474130.76,1,Excel,3,liability,credit
purchase of machinery reference 34285,194962.18,0,Bank,8,asset,debit
service revenue received reference 47041,396944.23,1,CSV,7,revenue,credit
tax payable recorded reference 28110,80568.3,1,Excel,4,liability,credit
supplier payable created reference 45734,400741.87,1,PDF,6,liability,credit
consulting income received reference 78162,232891.04,0,PDF,9,revenue,debit
sales collection reference 31373,61760.1,0,Excel,5,revenue,credit
capital introduced by shareholder reference 62910,439406.26,0,Bank,7,equity,credit
shareholder contribution reference 68771,146825.46,0,PDF,9,equity,credit
equipment acquisition reference 40402,363644.41,0,PDF,7,asset,debit
owner investment into business reference 92936,341615.62,0,PDF,7,equity,credit
employee salary payment reference 81209,331873.07,0,PDF,10,expense,debit
retained earnings transfer reference 97671,243468.83,1,CSV,11,equity,debit
tax payable recorded reference 32545,296078.95,0,CSV,11,liability,debit
capital introduced by shareholder reference 20070,131982.27,0,PDF,4,equity,credit
business loan received reference 67852,429180.86,0,PDF,2,liability,credit
office supplies purchase reference 48857,457577.63,1,Excel,11,expense,debit
owner withdrawal against equity reference 89687,262337.88,0,CSV,5,equity,credit
share capital contribution reference 75863,105632.8,1,PDF,3,equity,credit
inventory purchase for stock reference 42632,84542.62,0,PDF,11,asset,debit
vendor credit purchase reference 63005,70959.41,0,PDF,3,liability,credit
insurance expense reference 43952,29854.62,0,Manual,11,expense,debit
customer invoice settlement reference 31190,248620.52,0,Bank,3,revenue,credit
service revenue received reference 30777,104805.06,0,CSV,8,revenue,credit
accounts receivable created reference 81058,233297.72,0,CSV,8,asset,credit
security deposit paid reference 24254,431488.27,0,Excel,10,asset,debit
purchase of machinery reference 56131,12437.73,1,Manual,1,asset,debit
salary payable recorded reference 28023,11310.89,0,Manual,2,liability,credit
consulting income received reference 93516,246160.38,0,PDF,8,revenue,credit
employee salary payment reference 71454,118958.33,1,CSV,11,expense,debit
additional equity contribution reference 56580,365000.45,0,Excel,9,equity,credit
retained earnings transfer reference 42210,231618.03,0,Bank,8,equity,debit
customer invoice settlement reference 45426,159336.55,0,PDF,11,revenue,credit
client payment for consulting services reference 27552,13914.46,0,Excel,9,revenue,credit
client payment for consulting services reference 21803,99692.54,0,Bank,9,revenue,credit
vehicle purchase for business reference 46360,446264.2,1,Manual,1,asset,debit
subscription revenue reference 73515,436058.94,0,Excel,10,revenue,credit
purchase of office laptop reference 23030,292899.07,1,CSV,9,asset,debit
courier and postage expense reference 70465,390075.56,1,Excel,11,expense,debit
equipment acquisition reference 17061,203967.75,0,Manual,12,asset,debit
software subscription expense reference 71249,211023.03,0,Excel,11,expense,debit
business loan received reference 59037,343563.31,1,Excel,2,liability,credit
purchase of machinery reference 85791,91926.6,0,Manual,2,asset,debit
capital introduced by shareholder reference 79127,204599.52,0,PDF,8,equity,credit
accounts payable recorded reference 22184,249413.7,0,PDF,4,liability,credit
gst payable recorded reference 98384,44768.25,0,Excel,4,liability,credit
software subscription expense reference 75864,292001.51,1,CSV,1,expense,debit
business travel expense reference 19829,360442.93,0,Manual,7,expense,debit
service revenue received reference 54482,99142.28,0,Excel,10,revenue,credit
vendor credit purchase reference 70192,300474.25,0,CSV,3,liability,debit
accounts payable recorded reference 79833,261358.6,0,Excel,6,liability,credit
tax payable recorded reference 62148,158240.89,0,Manual,8,liability,debit
software subscription expense reference 92478,36846.62,0,PDF,12,expense,credit
capital introduced by shareholder reference 19447,387841.61,0,Excel,8,equity,credit
office furniture purchase reference 17572,63829.22,0,CSV,5,asset,debit
owner investment into business reference 92684,286796.9,0,Manual,8,equity,debit
business loan received reference 80440,307874.03,0,CSV,2,liability,debit
tax payable recorded reference 82620,275895.22,0,CSV,8,liability,credit
tax payable recorded reference 96537,431213.95,0,Manual,8,liability,credit
client payment for consulting services reference 42068,280519.44,0,Excel,9,revenue,credit
security deposit paid reference 82482,293452.31,0,PDF,10,asset,debit
sales revenue from customer invoice reference 94972,137847.95,1,Bank,3,revenue,credit
office electricity bill reference 33283,303711.4,0,PDF,10,expense,debit
service revenue received reference 60001,140071.71,0,CSV,7,revenue,credit
owner investment into business reference 37391,223323.21,0,Manual,5,equity,credit
shareholder contribution reference 15500,232749.55,0,Bank,3,equity,credit
gst payable recorded reference 70362,21411.86,0,CSV,7,liability,credit
tax payable recorded reference 62392,69392.59,1,CSV,7,liability,credit
accounts payable recorded reference 30128,124570.69,0,Bank,6,liability,debit
gst payable recorded reference 62502,205020.33,0,Manual,12,liability,credit
vendor credit purchase reference 56620,262841.58,0,Manual,8,liability,credit
vendor credit purchase reference 66880,369544.8,0,CSV,12,liability,credit
service revenue received reference 11402,103711.6,0,Excel,3,revenue,credit
tax payable recorded reference 64151,271860.58,0,CSV,4,liability,credit
product sales receipt reference 58733,319699.92,0,CSV,6,revenue,credit
courier and postage expense reference 86136,274397.97,1,Excel,9,expense,debit
supplier payable created reference 23320,314334.94,0,PDF,11,liability,credit
purchase of office laptop reference 33947,205813.44,0,Excel,10,asset,debit
equipment acquisition reference 94784,315315.9,0,CSV,12,asset,debit
short term borrowing reference 48373,123642.64,1,CSV,5,liability,debit
equipment acquisition reference 55633,62517.24,0,Bank,8,asset,debit
security deposit paid reference 83736,429741.52,0,CSV,9,asset,debit
internet and telecom bill reference 94989,474986.58,1,Bank,10,expense,debit
monthly office rent reference 54842,312332.77,0,Excel,9,expense,debit
equipment acquisition reference 71844,114212.55,0,Excel,1,asset,debit
office supplies purchase reference 95138,20996.24,1,Manual,2,expense,debit
vendor credit purchase reference 63672,109970.88,0,Manual,7,liability,credit
sales collection reference 40895,210480.69,0,Manual,10,revenue,credit
salary payable recorded reference 12440,455055.11,0,Bank,2,liability,credit
purchase of computer equipment reference 69882,23764.96,0,Manual,1,asset,debit
courier and postage expense reference 24567,156552.96,0,CSV,6,expense,debit
supplier payable created reference 24015,394409.65,1,Excel,12,liability,credit
marketing campaign expense reference 65296,465813.56,1,PDF,12,expense,debit
inventory purchase for stock reference 96989,119130.6,1,PDF,6,asset,debit
equipment acquisition reference 35708,66556.63,0,Excel,7,asset,credit
purchase of computer equipment reference 26562,375728.32,0,CSV,12,asset,debit
gst payable recorded reference 81209,162701.49,0,Manual,2,liability,credit
accounts receivable created reference 28748,416180.7,0,CSV,12,asset,debit
sales collection reference 43922,300089.94,0,Excel,10,revenue,credit
business loan received reference 16455,138246.74,1,Excel,8,liability,credit
tax payable recorded reference 53065,2818.54,0,Manual,7,liability,credit
capital introduced by shareholder reference 22762,482877.57,0,Bank,2,equity,credit
supplier payable created reference 10916,53060.25,1,CSV,2,liability,credit
additional equity contribution reference 96234,437515.33,1,Excel,8,equity,credit
accounts payable recorded reference 73076,381778.66,0,Manual,11,liability,credit
inventory purchase for stock reference 82552,153777.59,0,PDF,7,asset,debit
purchase of machinery reference 84609,482105.62,0,CSV,11,asset,debit
supplier payable created reference 41596,406867.46,0,Bank,3,liability,credit
sales revenue from customer invoice reference 89641,69632.2,1,Excel,9,revenue,credit
professional fees reference 95056,338022.09,0,Excel,12,expense,debit
internet and telecom bill reference 74735,345279.51,0,Bank,7,expense,debit
accounts receivable created reference 28577,266228.32,0,Bank,11,asset,debit
vendor credit purchase reference 36259,117329.02,0,PDF,7,liability,credit
purchase of computer equipment reference 59207,44656.16,0,Manual,4,asset,debit
accounts payable recorded reference 42632,353750.14,1,CSV,10,liability,credit
retained earnings transfer reference 73977,305519.53,1,Bank,2,equity,credit
retained earnings transfer reference 44052,78319.74,1,PDF,10,equity,credit
sales revenue from customer invoice reference 80118,43456.49,1,Excel,6,revenue,debit
purchase of machinery reference 88512,101522.1,0,Excel,3,asset,credit
subscription revenue reference 48161,139210.12,0,Manual,5,revenue,credit
owner capital introduced reference 51215,39254.61,0,Manual,8,equity,debit
client payment for consulting services reference 33832,305437.29,1,Manual,11,revenue,debit
business loan received reference 33655,472708.96,0,Excel,6,liability,credit
monthly office rent reference 76930,156906.85,0,Excel,11,expense,credit
purchase of machinery reference 44055,473500.25,0,CSV,10,asset,debit
vehicle purchase for business reference 44337,354794.12,1,Bank,6,asset,credit
purchase of office laptop reference 16670,141332.72,0,Bank,1,asset,debit
supplier payable created reference 11552,260234.77,0,CSV,12,liability,credit
sales revenue from customer invoice reference 78915,396115.61,0,Excel,9,revenue,credit
capital introduced by shareholder reference 44045,329676.54,0,CSV,7,equity,credit
courier and postage expense reference 36955,2176.78,0,PDF,5,expense,debit
prepaid insurance reference 20970,115285.77,0,CSV,12,asset,debit
short term borrowing reference 13781,174810.04,0,Bank,6,liability,debit
gst payable recorded reference 35399,26747.06,0,Manual,7,liability,credit
purchase of office laptop reference 63593,122422.58,1,Manual,11,asset,debit
prepaid insurance reference 15567,486896.86,1,CSV,4,asset,debit
owner withdrawal against equity reference 23071,376948.11,1,Bank,9,equity,credit
gst payable recorded reference 60869,455652.2,0,Excel,1,liability,debit
gst payable recorded reference 35226,344224.75,0,Excel,10,liability,credit
service revenue received reference 51067,330016.39,0,Manual,6,revenue,credit
equipment acquisition reference 81070,406698.53,1,PDF,1,asset,credit
office electricity bill reference 74864,355763.26,1,Excel,1,expense,debit
additional equity contribution reference 67384,264563.15,0,PDF,9,equity,credit
client payment for consulting services reference 68619,54779.15,1,Excel,3,revenue,credit
customer invoice settlement reference 54465,150485.82,0,PDF,5,revenue,credit
additional equity contribution reference 70388,273212.76,0,CSV,3,equity,credit
capital introduced by shareholder reference 44210,119773.5,1,Bank,4,equity,credit
product sales receipt reference 70481,344218.74,0,Manual,3,revenue,credit
share capital contribution reference 97285,23196.42,0,Excel,9,equity,credit
inventory purchase for stock reference 19934,404623.74,0,CSV,6,asset,debit
retained earnings transfer reference 70302,41519.78,0,Manual,10,equity,credit
supplier payable created reference 18938,188426.38,0,Manual,4,liability,credit
office electricity bill reference 14550,353543.23,0,CSV,4,expense,debit
vehicle purchase for business reference 71145,283765.08,0,PDF,10,asset,debit
loan repayment liability reference 64523,26806.55,1,Excel,4,liability,credit
share capital contribution reference 36541,174291.36,0,Excel,4,equity,credit
professional fees reference 21884,256863.5,0,Manual,8,expense,debit
subscription revenue reference 30098,244244.09,1,Bank,5,revenue,credit
purchase of computer equipment reference 10280,342077.33,0,CSV,3,asset,debit
vendor credit purchase reference 15432,332521.53,0,Manual,1,liability,credit
short term borrowing reference 44498,350947.09,1,CSV,1,liability,credit
share capital contribution reference 30299,200173.25,0,Bank,5,equity,credit
software subscription expense reference 79858,73075.5,0,Bank,2,expense,debit
product sales receipt reference 82427,194045.45,0,CSV,9,revenue,credit
subscription revenue reference 51765,146626.89,0,PDF,4,revenue,credit
accounts receivable created reference 94868,123083.08,0,Excel,5,asset,debit
consulting income received reference 38897,97007.56,1,PDF,11,revenue,credit
tax payable recorded reference 41030,399606.62,1,CSV,8,liability,credit
office furniture purchase reference 49588,448734.94,0,Manual,1,asset,debit
office electricity bill reference 72687,231564.92,0,Excel,8,expense,debit
supplier payable created reference 31538,364009.3,0,Bank,8,liability,credit
client payment for consulting services reference 26883,309595.56,0,Bank,7,revenue,credit
client payment for consulting services reference 29381,469336.03,0,Manual,11,revenue,credit
marketing campaign expense reference 77895,194563.26,0,Manual,5,expense,debit
loan repayment liability reference 55288,234625.74,1,Bank,1,liability,credit
gst payable recorded reference 66948,121460.03,0,PDF,8,liability,credit
purchase of machinery reference 67685,343882.49,0,Excel,1,asset,debit
loan repayment liability reference 37983,172249.51,0,PDF,3,liability,credit
vendor credit purchase reference 65286,17100.62,1,PDF,12,liability,credit
salary payable recorded reference 61956,159892.15,0,Bank,7,liability,credit
marketing campaign expense reference 58921,27516.89,1,Bank,6,expense,debit
vehicle purchase for business reference 23471,87402.61,0,CSV,12,asset,debit
purchase of computer equipment reference 74877,128261.07,0,CSV,2,asset,credit
service revenue received reference 24927,409919.28,1,Manual,5,revenue,credit
business loan received reference 74063,195413.62,0,Excel,8,liability,credit
employee salary payment reference 99314,229947.71,0,PDF,1,expense,debit
marketing campaign expense reference 16404,91482.11,0,PDF,2,expense,debit
supplier payable created reference 15576,125381.33,0,PDF,1,liability,credit
shareholder contribution reference 16506,283276.58,0,Bank,8,equity,credit
security deposit paid reference 20596,450835.98,1,Manual,11,asset,debit
service revenue received reference 41621,262571.42,0,Manual,4,revenue,credit
salary payable recorded reference 30028,89460.37,0,Bank,9,liability,credit
additional equity contribution reference 38719,2226.45,0,CSV,7,equity,credit
inventory purchase for stock reference 48816,73940.21,1,Excel,12,asset,debit
customer invoice settlement reference 67859,416118.17,0,Excel,10,revenue,credit
vendor credit purchase reference 88753,341156.3,0,Bank,4,liability,credit
additional equity contribution reference 54345,330899.68,1,CSV,8,equity,credit
owner investment into business reference 39246,213617.38,0,Bank,8,equity,debit
monthly office rent reference 86535,170406.53,1,Bank,5,expense,debit
insurance expense reference 36526,392451.93,0,PDF,6,expense,debit
owner investment into business reference 31815,424575.92,1,Manual,10,equity,debit
office electricity bill reference 31594,464033.45,0,PDF,6,expense,credit
capital introduced by shareholder reference 13803,1422.76,0,Manual,3,equity,credit
purchase of computer equipment reference 52053,459392.68,1,Manual,5,asset,debit
office electricity bill reference 29405,19575.5,0,CSV,4,expense,debit
product sales receipt reference 79277,134576.4,0,Excel,2,revenue,credit
vendor credit purchase reference 80252,425668.84,0,PDF,11,liability,credit
purchase of computer equipment reference 54742,406633.92,1,Excel,7,asset,debit
office furniture purchase reference 46058,448472.24,0,CSV,9,asset,debit
purchase of machinery reference 14019,37146.1,0,Manual,2,asset,credit
product sales receipt reference 98633,56969.8,0,CSV,11,revenue,credit
gst payable recorded reference 10023,213922.14,1,Manual,7,liability,credit
shareholder contribution reference 27201,84328.53,0,Bank,2,equity,credit
marketing campaign expense reference 49028,481091.79,0,Bank,2,expense,debit
product sales receipt reference 74586,403812.09,0,PDF,4,revenue,credit
inventory purchase for stock reference 47072,101206.52,0,Bank,12,asset,debit
subscription revenue reference 28059,962.59,0,Excel,1,revenue,credit
client payment for consulting services reference 34108,294958.41,0,Manual,4,revenue,credit
salary payable recorded reference 38148,265048.83,0,CSV,2,liability,credit
service revenue received reference 78557,396802.46,0,Bank,2,revenue,credit
client payment for consulting services reference 92671,25647.75,1,Bank,3,revenue,credit
client payment for consulting services reference 24688,281876.46,0,PDF,8,revenue,credit
business loan received reference 68503,248275.35,0,PDF,8,liability,credit
maintenance and repair expense reference 85649,238953.41,0,Bank,11,expense,debit
owner capital introduced reference 32275,497147.98,0,Excel,9,equity,credit
capital introduced by shareholder reference 43066,479090.4,0,PDF,9,equity,credit
business loan received reference 36155,177243.41,0,Bank,9,liability,credit
shareholder contribution reference 52283,479707.38,1,Bank,2,equity,credit
office electricity bill reference 67721,63136.91,0,PDF,4,expense,debit
office furniture purchase reference 67322,265732.16,0,PDF,7,asset,debit
prepaid insurance reference 87148,423004.57,0,Manual,2,asset,debit
prepaid insurance reference 86491,100839.67,0,CSV,7,asset,debit
shareholder contribution reference 33419,482746.81,0,PDF,10,equity,credit
additional equity contribution reference 17033,314701.86,0,Manual,10,equity,credit
equipment acquisition reference 81379,442655.26,0,PDF,12,asset,debit
purchase of computer equipment reference 90775,346729.17,0,CSV,8,asset,debit
business travel expense reference 14056,180037.66,0,Excel,5,expense,debit
tax payable recorded reference 92073,445689.38,0,CSV,6,liability,credit
product sales receipt reference 18027,290766.85,0,Excel,10,revenue,credit
internet and telecom bill reference 26423,84891.85,1,PDF,4,expense,debit
vendor credit purchase reference 19064,107595.49,0,Bank,7,liability,credit
courier and postage expense reference 19043,301582.7,0,Excel,4,expense,debit
owner capital introduced reference 95573,63876.12,0,PDF,8,equity,credit
subscription revenue reference 82764,137033.16,1,Bank,6,revenue,credit
purchase of machinery reference 29596,411677.88,1,PDF,4,asset,debit
vendor credit purchase reference 31519,130678.76,0,PDF,4,liability,credit
share capital contribution reference 56659,68354.5,0,Bank,7,equity,credit
owner withdrawal against equity reference 70791,141687.94,0,Bank,1,equity,credit
capital introduced by shareholder reference 65443,173206.31,0,Bank,12,equity,debit
accounts receivable created reference 56810,357668.95,0,PDF,3,asset,debit
business loan received reference 13201,245842.29,0,Bank,9,liability,credit
sales collection reference 24403,264356.19,0,Manual,8,revenue,credit
owner capital introduced reference 15383,194396.55,0,Excel,7,equity,credit
office electricity bill reference 53987,87542.83,0,Excel,2,expense,debit
additional equity contribution reference 30480,215936.13,0,Bank,3,equity,credit
vendor credit purchase reference 97916,34207.02,0,Bank,2,liability,debit
service revenue received reference 67695,273253.1,1,Excel,9,revenue,credit
equipment acquisition reference 86933,379986.3,0,Excel,1,asset,debit
sales revenue from customer invoice reference 49133,389781.15,0,CSV,3,revenue,credit
business loan received reference 46299,53942.59,0,Manual,9,liability,credit
office electricity bill reference 82612,346013.2,0,Manual,10,expense,debit
consulting income received reference 34523,329578.98,0,PDF,3,revenue,credit
loan repayment liability reference 19126,394510.83,1,CSV,6,liability,credit
gst payable recorded reference 24206,108645.92,1,PDF,9,liability,credit
equipment acquisition reference 12221,207011.82,0,CSV,8,asset,debit
short term borrowing reference 69645,16537.09,0,Bank,4,liability,credit
owner withdrawal against equity reference 37514,175981.69,0,PDF,10,equity,credit
purchase of machinery reference 81105,246978.26,1,Manual,11,asset,debit
additional equity contribution reference 47845,71327.84,0,CSV,5,equity,credit
purchase of computer equipment reference 63138,265821.84,0,Manual,8,asset,debit
short term borrowing reference 46457,473723.97,0,Bank,4,liability,credit
capital introduced by shareholder reference 70506,348644.09,0,CSV,3,equity,credit
security deposit paid reference 46127,127454.49,0,Manual,3,asset,debit
loan repayment liability reference 73940,75799.77,0,PDF,11,liability,credit
vehicle purchase for business reference 34599,115239.89,0,Bank,9,asset,debit
office furniture purchase reference 34026,423799.21,0,CSV,7,asset,debit
short term borrowing reference 92404,442065.15,0,CSV,4,liability,credit
maintenance and repair expense reference 51847,311151.8,0,Manual,3,expense,credit
product sales receipt reference 48286,125831.01,0,CSV,8,revenue,credit
service revenue received reference 18675,437058.8,0,Manual,6,revenue,credit
employee salary payment reference 46394,151155.01,0,Bank,10,expense,debit
business loan received reference 55399,45240.01,0,Bank,5,liability,credit
accounts receivable created reference 84160,167281.38,1,Bank,3,asset,debit
short term borrowing reference 16357,118037.05,1,Manual,9,liability,credit
office furniture purchase reference 87367,49315.1,0,CSV,1,asset,credit
accounts payable recorded reference 77370,487630.76,0,Manual,1,liability,credit
purchase of machinery reference 35543,41436.21,1,Excel,10,asset,debit
owner investment into business reference 32357,471177.4,0,Manual,10,equity,credit
owner withdrawal against equity reference 65263,147585.22,0,Manual,1,equity,credit
equipment acquisition reference 86119,412667.66,1,Manual,7,asset,debit
business travel expense reference 70712,7451.89,0,CSV,2,expense,credit
sales collection reference 82063,195528.03,0,PDF,10,revenue,credit
courier and postage expense reference 10400,103266.67,0,Bank,9,expense,debit
purchase of office laptop reference 59789,365867.05,0,CSV,2,asset,debit
purchase of computer equipment reference 55287,20296.04,1,PDF,2,asset,debit
shareholder contribution reference 30673,91986.97,0,Excel,11,equity,credit
owner capital introduced reference 94980,1567.02,0,Manual,10,equity,credit
product sales receipt reference 29761,232229.18,0,Excel,9,revenue,credit
short term borrowing reference 72215,301169.32,0,PDF,2,liability,credit
capital introduced by shareholder reference 50638,85448.58,0,Manual,12,equity,credit
prepaid insurance reference 67728,321966.62,0,CSV,11,asset,debit
client payment for consulting services reference 60249,7980.32,0,PDF,8,revenue,credit
owner investment into business reference 70587,481366.72,0,Bank,7,equity,credit
retained earnings transfer reference 45004,277448.74,0,PDF,12,equity,credit
inventory purchase for stock reference 42914,250835.07,0,Manual,7,asset,debit
inventory purchase for stock reference 52622,131576.27,0,Excel,7,asset,debit
office electricity bill reference 98164,161824.71,0,Bank,3,expense,debit
purchase of computer equipment reference 63101,128016.57,0,Excel,7,asset,debit
insurance expense reference 88965,395916.92,0,CSV,7,expense,debit
office electricity bill reference 89814,35018.79,0,Excel,2,expense,debit
loan repayment liability reference 33159,422365.96,0,CSV,11,liability,credit
salary payable recorded reference 39521,35932.96,0,PDF,1,liability,credit
professional fees reference 36617,254058.56,0,Bank,1,expense,debit
equipment acquisition reference 16397,377032.87,0,CSV,7,asset,debit
purchase of machinery reference 67665,468598.34,0,Manual,5,asset,credit
customer invoice settlement reference 81285,98837.07,0,PDF,11,revenue,credit
security deposit paid reference 99701,5537.73,0,Excel,2,asset,debit
subscription revenue reference 14241,355588.4,0,Manual,8,revenue,credit
software subscription expense reference 86335,277003.58,0,Manual,6,expense,debit
software subscription expense reference 45732,296720.15,0,Manual,7,expense,debit
courier and postage expense reference 46069,275951.43,0,PDF,3,expense,debit
purchase of computer equipment reference 11184,104676.78,0,Manual,3,asset,debit
owner investment into business reference 89485,94823.2,0,Manual,9,equity,credit
short term borrowing reference 57406,422213.84,0,CSV,5,liability,credit
consulting income received reference 34891,15589.87,0,PDF,3,revenue,credit
short term borrowing reference 65301,317760.97,1,PDF,11,liability,credit
salary payable recorded reference 20139,130549.0,0,PDF,9,liability,credit
consulting income received reference 95086,133271.8,0,Bank,2,revenue,credit
purchase of computer equipment reference 61116,9686.25,0,Manual,10,asset,debit
supplier payable created reference 49091,167926.15,0,PDF,5,liability,debit
subscription revenue reference 23730,259625.91,0,Excel,10,revenue,credit
courier and postage expense reference 39720,56297.84,0,Bank,7,expense,debit
marketing campaign expense reference 45042,291029.77,0,CSV,3,expense,debit
share capital contribution reference 33164,105266.43,0,Excel,4,equity,debit
additional equity contribution reference 62924,337082.33,1,Manual,9,equity,credit
client payment for consulting services reference 33712,177931.31,0,CSV,9,revenue,credit
supplier payable created reference 10426,33507.62,0,Excel,12,liability,credit
owner withdrawal against equity reference 46863,12344.68,0,PDF,12,equity,credit
insurance expense reference 55608,12023.44,1,PDF,7,expense,debit
owner investment into business reference 90946,256872.63,0,Bank,11,equity,credit
courier and postage expense reference 52773,196473.08,0,Excel,1,expense,debit
inventory purchase for stock reference 28178,305118.45,0,Excel,9,asset,debit
accounts receivable created reference 50003,253678.22,0,Manual,7,asset,debit
vehicle purchase for business reference 21445,93597.48,0,Bank,11,asset,debit
loan repayment liability reference 83228,457785.03,0,Excel,1,liability,credit
subscription revenue reference 78924,371413.25,0,Excel,2,revenue,credit
marketing campaign expense reference 63246,499171.04,1,Bank,12,expense,debit
vehicle purchase for business reference 12107,64128.54,0,PDF,6,asset,debit
retained earnings transfer reference 35997,273865.24,0,Manual,2,equity,credit
vehicle purchase for business reference 72037,279966.41,0,Bank,7,asset,debit
purchase of machinery reference 90490,372036.95,0,PDF,3,asset,debit
maintenance and repair expense reference 10358,344320.27,1,Excel,3,expense,debit
purchase of computer equipment reference 14865,56545.05,0,Bank,12,asset,debit
prepaid insurance reference 76668,497905.33,1,Bank,3,asset,debit
employee salary payment reference 56773,240415.59,0,Bank,10,expense,debit
gst payable recorded reference 41887,411384.55,0,Excel,1,liability,credit
consulting income received reference 80560,210519.66,0,Excel,12,revenue,credit
consulting income received reference 16358,15725.21,0,Excel,12,revenue,credit
gst payable recorded reference 31132,223420.27,0,Bank,7,liability,credit
additional equity contribution reference 16443,334636.95,1,CSV,6,equity,credit
purchase of office laptop reference 62383,495755.09,0,Manual,8,asset,debit
additional equity contribution reference 25284,333721.15,0,CSV,6,equity,debit
marketing campaign expense reference 79976,95506.24,0,Bank,12,expense,debit
office furniture purchase reference 62732,225551.51,0,Excel,2,asset,debit
owner withdrawal against equity reference 13619,7480.82,0,PDF,11,equity,credit
additional equity contribution reference 86443,407929.33,0,Excel,10,equity,debit
insurance expense reference 24669,333672.82,0,Excel,10,expense,debit
salary payable recorded reference 44066,443418.15,0,Excel,11,liability,credit
gst payable recorded reference 27413,445894.23,0,Bank,5,liability,credit
marketing campaign expense reference 64895,292185.18,0,CSV,1,expense,debit
vendor credit purchase reference 20136,126064.97,0,Excel,10,liability,credit
security deposit paid reference 86709,415589.73,0,Manual,6,asset,debit
office furniture purchase reference 56119,485898.31,0,Excel,10,asset,debit
tax payable recorded reference 30393,130280.95,0,Bank,9,liability,credit
supplier payable created reference 36526,173501.97,0,Excel,8,liability,credit
employee salary payment reference 43859,112124.06,0,Manual,2,expense,debit
tax payable recorded reference 85910,56040.66,0,Manual,12,liability,credit
office electricity bill reference 60517,490348.75,0,Excel,8,expense,debit
office furniture purchase reference 66796,312280.85,0,PDF,2,asset,debit
retained earnings transfer reference 39376,476012.46,1,CSV,3,equity,credit
software subscription expense reference 57246,119083.79,0,PDF,9,expense,debit
tax payable recorded reference 19775,386660.81,0,Bank,4,liability,debit
professional fees reference 70895,377775.72,1,Excel,3,expense,debit
sales revenue from customer invoice reference 58606,273890.24,0,Manual,12,revenue,credit
inventory purchase for stock reference 78382,488876.69,0,Manual,4,asset,debit
courier and postage expense reference 81877,173248.6,0,Excel,2,expense,debit
owner investment into business reference 32561,159331.34,0,Excel,2,equity,credit
accounts payable recorded reference 72386,178259.24,0,Excel,6,liability,credit
sales revenue from customer invoice reference 44555,465656.04,1,Excel,12,revenue,credit
vehicle purchase for business reference 85909,245719.86,0,Manual,1,asset,debit
office supplies purchase reference 23817,265356.97,0,Bank,8,expense,debit
business loan received reference 13112,148615.43,1,Manual,3,liability,credit
business travel expense reference 64245,302924.93,1,Excel,8,expense,debit
sales revenue from customer invoice reference 62169,313569.65,0,Excel,9,revenue,credit
vehicle purchase for business reference 21411,310161.16,1,Excel,5,asset,debit
short term borrowing reference 76349,241777.22,1,Manual,12,liability,debit
customer invoice settlement reference 65589,339316.15,0,CSV,7,revenue,credit
product sales receipt reference 75640,177650.46,1,PDF,3,revenue,credit
sales collection reference 13288,272309.67,1,PDF,12,revenue,credit
owner withdrawal against equity reference 81683,6894.72,0,Manual,5,equity,credit
product sales receipt reference 83778,213103.41,1,PDF,12,revenue,credit
owner capital introduced reference 54470,273209.55,1,Manual,9,equity,credit
service revenue received reference 13311,191532.86,0,CSV,10,revenue,credit
marketing campaign expense reference 15270,396121.89,0,Excel,11,expense,debit
equipment acquisition reference 54082,482005.09,1,Manual,12,asset,credit
share capital contribution reference 19861,380559.77,0,Excel,11,equity,credit
owner capital introduced reference 46784,249425.15,0,Bank,3,equity,credit
owner withdrawal against equity reference 83512,35231.61,1,PDF,7,equity,credit
purchase of office laptop reference 31364,170593.45,0,Excel,2,asset,debit
sales collection reference 32498,269146.28,0,Excel,6,revenue,credit
owner withdrawal against equity reference 92510,447906.35,1,PDF,3,equity,credit
equipment acquisition reference 59759,164872.59,0,Excel,4,asset,debit
owner investment into business reference 15614,95761.4,0,Manual,5,equity,credit
client payment for consulting services reference 13616,433569.3,0,PDF,1,revenue,credit
purchase of computer equipment reference 99903,433254.18,0,Bank,9,asset,debit
supplier payable created reference 35975,350069.14,0,Excel,11,liability,credit
accounts payable recorded reference 32218,333122.07,0,PDF,1,liability,credit
loan repayment liability reference 39466,435424.91,0,Excel,1,liability,credit
supplier payable created reference 27458,108394.53,1,Bank,2,liability,credit
purchase of machinery reference 88291,212656.5,0,Excel,9,asset,debit
vendor credit purchase reference 39374,304484.23,1,CSV,11,liability,credit
share capital contribution reference 82529,126450.29,0,CSV,7,equity,credit
sales collection reference 56979,160392.33,0,CSV,6,revenue,credit
security deposit paid reference 48785,310572.08,0,Excel,2,asset,debit
equipment acquisition reference 82990,218100.56,0,Excel,9,asset,debit
inventory purchase for stock reference 33461,336561.13,0,Bank,10,asset,debit
service revenue received reference 78227,177585.72,0,Excel,11,revenue,credit
employee salary payment reference 16381,355826.88,1,CSV,3,expense,debit
purchase of machinery reference 33504,410729.02,0,PDF,11,asset,debit
marketing campaign expense reference 90167,203725.15,0,Excel,9,expense,debit
courier and postage expense reference 88837,114277.86,0,CSV,10,expense,debit
internet and telecom bill reference 14249,38795.37,0,PDF,3,expense,debit
prepaid insurance reference 50755,305885.9,0,Bank,9,asset,debit
loan repayment liability reference 88077,431601.04,0,PDF,5,liability,credit
tax payable recorded reference 14909,100980.69,0,Manual,3,liability,credit
gst payable recorded reference 83564,197222.11,0,Bank,10,liability,credit
service revenue received reference 74761,320350.14,0,CSV,11,revenue,credit
customer invoice settlement reference 65930,229138.73,1,Excel,3,revenue,credit
business travel expense reference 49984,431849.29,0,CSV,12,expense,debit
security deposit paid reference 81825,143943.5,0,Manual,10,asset,debit
consulting income received reference 56063,211746.61,0,Excel,10,revenue,credit
security deposit paid reference 65987,422983.69,0,Manual,2,asset,debit
additional equity contribution reference 94077,304566.91,0,Bank,5,equity,credit
gst payable recorded reference 11974,78141.35,0,Manual,12,liability,debit
loan repayment liability reference 77374,235667.99,0,Bank,2,liability,credit
owner investment into business reference 44828,205620.82,0,Manual,5,equity,debit
prepaid insurance reference 54555,320088.31,0,Excel,5,asset,debit
owner capital introduced reference 16455,223051.06,0,CSV,6,equity,credit
tax payable recorded reference 73526,235106.68,0,PDF,10,liability,credit
software subscription expense reference 92211,428802.94,0,PDF,7,expense,debit
security deposit paid reference 15827,99397.9,0,Bank,11,asset,credit
supplier payable created reference 76452,279398.03,0,Excel,7,liability,credit
software subscription expense reference 27206,137514.76,0,PDF,11,expense,credit
purchase of office laptop reference 83542,380889.34,0,CSV,4,asset,debit
short term borrowing reference 97843,38417.08,1,CSV,6,liability,credit
capital introduced by shareholder reference 33559,50787.19,0,Manual,7,equity,credit
customer invoice settlement reference 85892,313104.04,0,CSV,3,revenue,credit
purchase of machinery reference 61996,1512.73,0,Bank,10,asset,debit
customer invoice settlement reference 76524,119773.27,0,Bank,4,revenue,credit
monthly office rent reference 45193,345402.47,0,Manual,6,expense,debit
purchase of computer equipment reference 89616,441694.79,0,Excel,8,asset,debit
prepaid insurance reference 24240,237038.95,0,Bank,11,asset,debit
gst payable recorded reference 35303,191195.37,1,Bank,12,liability,credit
gst payable recorded reference 60887,299338.04,0,Manual,4,liability,credit
accounts payable recorded reference 96142,42425.14,0,CSV,5,liability,credit
shareholder contribution reference 43035,284487.86,0,Manual,11,equity,credit
product sales receipt reference 29605,433487.61,0,CSV,12,revenue,credit
sales collection reference 96610,191268.48,0,Excel,7,revenue,credit
product sales receipt reference 31747,284821.42,0,PDF,11,revenue,credit
tax payable recorded reference 39049,98272.65,1,CSV,6,liability,debit
employee salary payment reference 90177,47263.89,0,CSV,8,expense,credit
service revenue received reference 10710,13064.06,0,Excel,8,revenue,credit
accounts receivable created reference 30354,496315.81,0,Excel,4,asset,debit
supplier payable created reference 21957,404197.28,0,Manual,9,liability,credit
business travel expense reference 23829,253043.34,1,PDF,8,expense,debit
office supplies purchase reference 37375,289680.71,0,CSV,8,expense,debit
client payment for consulting services reference 97750,273849.88,0,PDF,4,revenue,credit
purchase of office laptop reference 34350,210437.37,0,Manual,9,asset,debit
client payment for consulting services reference 62903,116660.23,1,Bank,10,revenue,credit
loan repayment liability reference 90607,271547.23,0,CSV,3,liability,debit
inventory purchase for stock reference 86938,466476.58,1,Manual,11,asset,debit
customer invoice settlement reference 52003,180628.44,1,Manual,3,revenue,credit
owner capital introduced reference 41625,375287.18,0,PDF,4,equity,credit
courier and postage expense reference 78470,484427.84,0,Excel,2,expense,credit
monthly office rent reference 46024,490383.69,0,CSV,2,expense,debit
shareholder contribution reference 80802,494181.48,0,Manual,7,equity,credit
loan repayment liability reference 58432,193834.73,0,Excel,11,liability,credit
office electricity bill reference 72851,461608.1,0,Bank,2,expense,debit
consulting income received reference 54894,144602.06,1,Manual,11,revenue,credit
subscription revenue reference 57776,124579.0,0,CSV,2,revenue,debit
retained earnings transfer reference 35673,191621.07,0,Excel,10,equity,credit
accounts receivable created reference 11474,103075.49,0,CSV,5,asset,debit
subscription revenue reference 83471,358669.95,0,CSV,5,revenue,credit
owner investment into business reference 78117,464693.45,0,Manual,7,equity,credit
product sales receipt reference 81090,32696.49,0,CSV,3,revenue,debit
client payment for consulting services reference 55518,368418.26,0,Excel,3,revenue,credit
employee salary payment reference 35296,325453.81,0,PDF,12,expense,debit
owner capital introduced reference 56037,336960.89,0,CSV,8,equity,credit
consulting income received reference 59861,306872.94,0,Excel,5,revenue,credit
insurance expense reference 79612,156514.29,0,Excel,4,expense,debit
product sales receipt reference 16247,361843.05,0,Bank,8,revenue,credit
software subscription expense reference 74437,10700.66,0,CSV,6,expense,credit
owner capital introduced reference 52189,380153.89,0,PDF,7,equity,credit
business loan received reference 57474,227334.38,0,Excel,12,liability,credit
shareholder contribution reference 20863,159252.9,0,PDF,8,equity,credit
tax payable recorded reference 72762,313302.32,0,Bank,11,liability,credit
purchase of computer equipment reference 46756,306040.7,0,Bank,4,asset,debit
tax payable recorded reference 58911,30872.21,0,CSV,7,liability,credit
additional equity contribution reference 10294,321256.5,0,Excel,10,equity,credit
accounts payable recorded reference 65799,203763.73,0,Excel,7,liability,credit
purchase of office laptop reference 70488,438131.12,0,CSV,5,asset,credit
capital introduced by shareholder reference 14602,418444.0,0,Manual,5,equity,credit
accounts payable recorded reference 61825,226199.77,1,CSV,8,liability,credit
purchase of computer equipment reference 58689,24215.78,0,Bank,6,asset,debit
subscription revenue reference 59696,250632.69,0,PDF,8,revenue,debit
professional fees reference 99828,466647.81,0,Excel,2,expense,debit
purchase of computer equipment reference 54120,159708.36,1,Excel,3,asset,debit
share capital contribution reference 87837,498488.4,0,Manual,10,equity,credit
insurance expense reference 75388,157435.92,0,Manual,1,expense,debit
subscription revenue reference 55330,195165.89,0,PDF,7,revenue,credit
gst payable recorded reference 33992,89489.79,0,CSV,12,liability,credit
customer invoice settlement reference 49804,69248.58,1,CSV,3,revenue,credit
business travel expense reference 26675,441600.57,0,PDF,9,expense,debit
additional equity contribution reference 36949,340781.08,0,Bank,11,equity,credit
retained earnings transfer reference 10535,337015.16,0,Bank,2,equity,credit
shareholder contribution reference 87009,489821.22,1,Manual,12,equity,credit
prepaid insurance reference 70585,346454.95,1,CSV,3,asset,debit
prepaid insurance reference 90955,198321.39,0,CSV,11,asset,debit
consulting income received reference 15971,58682.07,0,Bank,8,revenue,debit
loan repayment liability reference 90999,42778.53,0,Bank,9,liability,credit
retained earnings transfer reference 93296,70968.74,0,Excel,11,equity,credit
courier and postage expense reference 98375,218309.58,1,Bank,5,expense,debit
inventory purchase for stock reference 84539,60791.86,1,CSV,12,asset,debit
additional equity contribution reference 83944,20867.15,1,CSV,8,equity,credit
purchase of office laptop reference 81355,403658.18,1,PDF,2,asset,debit
accounts payable recorded reference 26387,339486.81,0,PDF,4,liability,credit
purchase of computer equipment reference 37131,334607.38,0,CSV,1,asset,debit
capital introduced by shareholder reference 35828,126267.95,0,Manual,3,equity,debit
subscription revenue reference 37775,498825.47,0,CSV,8,revenue,debit
maintenance and repair expense reference 44954,6053.3,0,Manual,12,expense,debit
purchase of computer equipment reference 37782,320372.46,0,CSV,12,asset,debit
office furniture purchase reference 69352,162905.51,1,Excel,3,asset,debit
marketing campaign expense reference 75898,258883.51,1,PDF,7,expense,debit
employee salary payment reference 82253,20977.39,0,CSV,12,expense,debit
subscription revenue reference 73179,324150.27,0,PDF,4,revenue,credit
share capital contribution reference 75739,334586.04,0,Manual,7,equity,credit
software subscription expense reference 40230,355314.61,0,PDF,10,expense,debit
retained earnings transfer reference 49858,288481.11,0,PDF,6,equity,credit
purchase of computer equipment reference 69716,455208.02,0,Manual,10,asset,debit
capital introduced by shareholder reference 27095,119313.6,0,CSV,11,equity,credit
purchase of office laptop reference 92380,89828.49,0,Manual,11,asset,debit
sales collection reference 15322,479007.23,0,CSV,5,revenue,debit
short term borrowing reference 17453,259069.49,0,Excel,6,liability,credit
tax payable recorded reference 24621,158014.87,0,Bank,11,liability,credit
prepaid insurance reference 78812,215388.48,0,Manual,8,asset,debit
customer invoice settlement reference 82117,437984.37,0,Manual,7,revenue,credit
maintenance and repair expense reference 41770,67653.76,1,CSV,5,expense,debit
professional fees reference 41448,130372.69,0,Excel,6,expense,credit
salary payable recorded reference 51520,423023.33,0,CSV,2,liability,credit
salary payable recorded reference 69030,326855.86,0,Manual,4,liability,credit
office supplies purchase reference 43138,254558.27,0,CSV,7,expense,debit
accounts receivable created reference 57416,242703.19,0,CSV,10,asset,credit
vehicle purchase for business reference 38013,127240.93,0,PDF,9,asset,debit
office supplies purchase reference 80699,24160.2,0,Manual,1,expense,credit
shareholder contribution reference 64486,414054.27,0,PDF,4,equity,credit
owner withdrawal against equity reference 11697,408762.16,0,Bank,7,equity,credit
owner withdrawal against equity reference 56661,449673.9,0,CSV,1,equity,debit
customer invoice settlement reference 45323,461988.25,0,Manual,1,revenue,credit
security deposit paid reference 63428,105158.62,0,PDF,11,asset,debit
security deposit paid reference 45165,429526.73,0,Bank,9,asset,debit
salary payable recorded reference 69497,71225.63,0,CSV,5,liability,credit
additional equity contribution reference 75345,11707.99,0,PDF,1,equity,credit
owner withdrawal against equity reference 11135,5751.88,0,Manual,9,equity,credit
consulting income received reference 50386,342233.89,0,Bank,4,revenue,debit
security deposit paid reference 93954,8282.24,0,PDF,5,asset,debit
courier and postage expense reference 41414,196430.87,0,Excel,9,expense,debit
salary payable recorded reference 46798,305363.28,0,Excel,8,liability,credit
purchase of office laptop reference 25201,259040.29,0,CSV,6,asset,credit
service revenue received reference 64738,9316.11,0,Manual,1,revenue,credit
marketing campaign expense reference 10943,382436.92,1,Bank,2,expense,debit
owner withdrawal against equity reference 31622,288900.74,0,CSV,9,equity,credit
customer invoice settlement reference 76955,490707.0,0,Bank,10,revenue,credit
sales revenue from customer invoice reference 16028,175124.16,0,Excel,3,revenue,credit
professional fees reference 70640,16237.59,0,Excel,2,expense,debit
owner investment into business reference 65541,371080.94,0,Manual,8,equity,credit
customer invoice settlement reference 16767,340535.67,0,Bank,3,revenue,credit
owner withdrawal against equity reference 26833,444919.17,0,CSV,8,equity,credit
supplier payable created reference 85139,256452.88,0,Manual,1,liability,credit
tax payable recorded reference 63925,84178.95,0,Manual,12,liability,credit
employee salary payment reference 15088,259032.63,0,CSV,2,expense,debit
sales revenue from customer invoice reference 96965,378268.96,0,Manual,6,revenue,credit
courier and postage expense reference 46844,41705.84,0,PDF,8,expense,debit
prepaid insurance reference 98384,389667.15,0,Bank,7,asset,debit
capital introduced by shareholder reference 30829,284935.23,0,Bank,2,equity,credit
owner investment into business reference 10911,438962.89,0,Bank,4,equity,debit
loan repayment liability reference 65847,170278.08,0,Manual,9,liability,credit
sales revenue from customer invoice reference 86473,400577.14,1,Excel,9,revenue,credit
short term borrowing reference 74255,302340.01,1,Bank,10,liability,credit
customer invoice settlement reference 92859,171022.84,1,Manual,5,revenue,credit
tax payable recorded reference 87671,230465.83,1,Bank,8,liability,credit
office electricity bill reference 20031,496743.89,0,CSV,5,expense,debit
retained earnings transfer reference 27006,440046.74,0,Bank,1,equity,credit
professional fees reference 55983,386796.7,0,CSV,11,expense,credit
accounts receivable created reference 84361,490396.12,0,Bank,5,asset,debit
additional equity contribution reference 17266,38236.03,0,Bank,2,equity,credit
security deposit paid reference 90708,489021.22,0,PDF,9,asset,debit
client payment for consulting services reference 69394,300047.83,0,PDF,12,revenue,credit
business travel expense reference 44958,67679.85,0,Manual,5,expense,debit
office furniture purchase reference 67462,439545.21,0,CSV,4,asset,debit
accounts receivable created reference 45978,419808.86,0,Bank,4,asset,debit
equipment acquisition reference 11425,430144.95,0,Manual,1,asset,debit
consulting income received reference 30760,56135.85,0,PDF,2,revenue,credit
equipment acquisition reference 22114,356388.53,0,Bank,6,asset,debit
office furniture purchase reference 37282,157324.63,0,Manual,3,asset,debit
business loan received reference 11374,441521.08,0,PDF,2,liability,credit
capital introduced by shareholder reference 16182,251639.18,0,Bank,1,equity,credit
purchase of machinery reference 42325,185599.87,0,PDF,6,asset,debit
shareholder contribution reference 63789,251876.43,1,Manual,1,equity,credit
subscription revenue reference 99842,239516.97,0,PDF,11,revenue,credit
accounts receivable created reference 29844,480604.82,0,Excel,12,asset,debit
client payment for consulting services reference 62943,1737.73,0,Excel,8,revenue,credit
office supplies purchase reference 67322,184790.42,0,Excel,9,expense,debit
customer invoice settlement reference 32919,377783.33,0,CSV,1,revenue,credit
accounts payable recorded reference 49509,380966.38,1,Excel,6,liability,credit
salary payable recorded reference 96540,184712.19,0,PDF,4,liability,debit
maintenance and repair expense reference 10510,314490.75,0,CSV,10,expense,credit
sales collection reference 77204,236283.45,0,Manual,7,revenue,credit
accounts payable recorded reference 72946,128084.25,1,Manual,7,liability,credit
service revenue received reference 74300,235134.24,0,Excel,11,revenue,credit
purchase of machinery reference 44389,244271.47,1,PDF,11,asset,debit
office supplies purchase reference 91811,359743.55,1,Bank,8,expense,debit
office supplies purchase reference 86662,81437.3,0,Manual,1,expense,debit
product sales receipt reference 56923,240331.16,0,CSV,6,revenue,credit
tax payable recorded reference 89412,475917.99,0,CSV,6,liability,credit
product sales receipt reference 36256,173674.53,0,Excel,2,revenue,credit
product sales receipt reference 15757,368861.49,1,Bank,2,revenue,credit
professional fees reference 78664,14781.8,0,CSV,12,expense,debit
purchase of computer equipment reference 52753,442962.07,0,Excel,2,asset,debit
equipment acquisition reference 40342,441167.43,0,CSV,7,asset,debit
office furniture purchase reference 68910,152567.84,0,CSV,6,asset,debit
share capital contribution reference 47605,72740.35,0,Excel,10,equity,credit
business loan received reference 98132,377431.51,0,PDF,11,liability,credit
share capital contribution reference 45720,415799.63,0,Bank,2,equity,credit
purchase of office laptop reference 86975,475208.44,1,CSV,3,asset,credit
accounts payable recorded reference 56993,337593.92,0,Excel,6,liability,credit
client payment for consulting services reference 34665,496195.4,0,PDF,1,revenue,credit
short term borrowing reference 42117,284796.35,0,PDF,10,liability,credit
purchase of machinery reference 30357,450326.99,0,PDF,5,asset,debit
owner capital introduced reference 14650,296417.49,0,CSV,1,equity,credit
subscription revenue reference 59252,459412.84,0,PDF,4,revenue,credit
inventory purchase for stock reference 58504,406988.32,0,Excel,12,asset,debit
owner withdrawal against equity reference 64488,221262.18,1,Bank,1,equity,credit
software subscription expense reference 25771,151993.21,0,PDF,6,expense,debit
employee salary payment reference 16908,104740.2,0,Excel,2,expense,debit
additional equity contribution reference 38479,230547.83,0,Manual,9,equity,credit
inventory purchase for stock reference 98989,480190.86,0,CSV,1,asset,debit
professional fees reference 11151,499739.07,0,PDF,6,expense,debit
salary payable recorded reference 89426,20518.66,1,Excel,9,liability,credit
sales collection reference 62513,495703.33,0,CSV,4,revenue,credit
purchase of computer equipment reference 65513,115036.82,0,Excel,11,asset,debit
professional fees reference 76322,251520.69,1,Excel,1,expense,debit
sales revenue from customer invoice reference 70216,217759.25,0,Bank,9,revenue,credit
supplier payable created reference 68620,472536.61,0,Excel,11,liability,credit
salary payable recorded reference 56732,171371.55,0,Manual,1,liability,credit
short term borrowing reference 96195,349979.74,0,Bank,4,liability,debit
service revenue received reference 30799,308218.94,0,Excel,4,revenue,credit
short term borrowing reference 85174,234624.15,0,Bank,2,liability,credit
security deposit paid reference 72487,80915.07,0,Excel,2,asset,debit
retained earnings transfer reference 18579,241156.99,0,PDF,8,equity,credit
vendor credit purchase reference 23295,131861.79,0,CSV,5,liability,credit
employee salary payment reference 91473,394193.18,0,Excel,11,expense,credit
product sales receipt reference 65770,467411.2,0,Bank,11,revenue,credit
loan repayment liability reference 90474,38362.55,0,Excel,3,liability,credit
service revenue received reference 19505,99303.32,0,PDF,6,revenue,credit
salary payable recorded reference 58561,46885.42,0,Bank,2,liability,credit
tax payable recorded reference 57639,424568.27,1,PDF,5,liability,credit
purchase of machinery reference 91747,40310.96,0,Manual,10,asset,debit
office furniture purchase reference 19688,489691.8,1,Excel,12,asset,debit
sales collection reference 60563,360031.38,0,PDF,11,revenue,credit
purchase of office laptop reference 13840,440353.72,0,CSV,11,asset,debit
vendor credit purchase reference 77344,436706.04,0,PDF,1,liability,credit
retained earnings transfer reference 17314,404405.98,0,PDF,8,equity,debit
short term borrowing reference 94486,307401.83,0,Excel,1,liability,credit
sales collection reference 51633,210172.8,1,CSV,2,revenue,credit
loan repayment liability reference 52824,98095.53,0,Excel,6,liability,credit
consulting income received reference 65932,281697.45,0,PDF,12,revenue,credit
software subscription expense reference 77308,265760.15,0,CSV,8,expense,debit
capital introduced by shareholder reference 76742,233866.33,0,Bank,7,equity,credit
purchase of office laptop reference 57485,469378.37,1,Excel,1,asset,debit
share capital contribution reference 94874,24897.72,1,PDF,7,equity,credit
owner capital introduced reference 34847,17415.27,0,Manual,5,equity,credit
software subscription expense reference 26692,476995.49,0,Manual,8,expense,debit
additional equity contribution reference 81271,125377.75,0,Manual,10,equity,credit
professional fees reference 88239,88485.76,0,Bank,2,expense,debit
supplier payable created reference 74479,437345.07,0,Bank,2,liability,credit
software subscription expense reference 17921,311708.62,0,Bank,2,expense,debit
owner withdrawal against equity reference 74274,276978.41,0,Bank,2,equity,credit
supplier payable created reference 63818,360296.27,0,CSV,7,liability,credit
courier and postage expense reference 70549,359127.97,0,Excel,5,expense,debit
loan repayment liability reference 45385,30278.11,0,Bank,8,liability,credit
internet and telecom bill reference 99956,87236.66,0,Bank,3,expense,debit
purchase of machinery reference 84329,495296.2,0,CSV,2,asset,debit
service revenue received reference 97362,275386.59,1,Bank,11,revenue,credit
salary payable recorded reference 87505,24759.4,0,Excel,3,liability,credit
purchase of office laptop reference 80824,309064.43,0,Excel,6,asset,debit
security deposit paid reference 47536,130605.28,1,CSV,4,asset,debit
retained earnings transfer reference 67942,468790.4,0,PDF,10,equity,credit
marketing campaign expense reference 63350,227163.73,0,Excel,10,expense,credit
marketing campaign expense reference 28930,367887.01,0,PDF,5,expense,debit
prepaid insurance reference 30392,247822.86,0,Excel,9,asset,debit
courier and postage expense reference 60997,206042.14,0,PDF,3,expense,debit
owner withdrawal against equity reference 24265,219025.05,0,PDF,11,equity,credit
consulting income received reference 92470,240714.76,0,Excel,7,revenue,credit
office electricity bill reference 12391,244521.32,0,Excel,12,expense,debit
purchase of office laptop reference 54367,125142.65,0,PDF,12,asset,debit
gst payable recorded reference 74188,152523.02,0,Bank,3,liability,credit
owner withdrawal against equity reference 59114,43635.46,1,PDF,4,equity,credit
owner capital introduced reference 75947,40405.66,1,PDF,5,equity,credit
accounts payable recorded reference 15017,14870.92,0,PDF,1,liability,credit
prepaid insurance reference 59938,321711.59,0,CSV,3,asset,debit
vehicle purchase for business reference 91585,245970.02,1,Bank,9,asset,debit
owner investment into business reference 49759,379813.43,0,Excel,1,equity,credit
subscription revenue reference 28091,380267.75,0,CSV,8,revenue,credit
owner investment into business reference 60186,470725.53,0,CSV,9,equity,credit
gst payable recorded reference 58406,491025.77,1,PDF,10,liability,credit
loan repayment liability reference 14211,495090.61,1,Manual,5,liability,credit
supplier payable created reference 28319,43762.47,1,Manual,12,liability,credit
supplier payable created reference 11730,298478.95,0,PDF,6,liability,credit
salary payable recorded reference 12524,321123.62,0,Manual,10,liability,credit
customer invoice settlement reference 25701,290884.98,0,CSV,1,revenue,debit
owner capital introduced reference 86894,197038.2,0,Bank,7,equity,credit
supplier payable created reference 83482,422405.76,0,CSV,4,liability,credit
product sales receipt reference 47077,232818.41,1,PDF,10,revenue,credit
purchase of office laptop reference 66742,360402.73,0,Excel,3,asset,credit
customer invoice settlement reference 22934,346701.17,1,PDF,7,revenue,debit
vehicle purchase for business reference 39969,336371.85,0,Excel,4,asset,debit
short term borrowing reference 93525,404779.28,1,Manual,9,liability,credit
capital introduced by shareholder reference 62723,237230.74,1,PDF,5,equity,credit
gst payable recorded reference 23492,360049.49,0,CSV,4,liability,credit
office electricity bill reference 91855,459242.33,0,PDF,12,expense,debit
service revenue received reference 50548,82770.72,0,Excel,7,revenue,credit
employee salary payment reference 90758,404128.65,0,Manual,4,expense,debit
business loan received reference 28750,153130.21,1,PDF,12,liability,credit
software subscription expense reference 33251,414043.04,0,Bank,12,expense,debit
sales revenue from customer invoice reference 27439,92899.06,0,CSV,1,revenue,credit
marketing campaign expense reference 36870,496753.31,0,Excel,7,expense,debit
owner withdrawal against equity reference 47703,397469.97,0,Manual,6,equity,debit
consulting income received reference 47107,1463.89,0,Bank,1,revenue,credit
owner investment into business reference 36478,75255.11,0,Excel,1,equity,credit
supplier payable created reference 27076,128186.48,0,CSV,7,liability,credit
purchase of office laptop reference 46199,288947.86,0,Excel,11,asset,debit
short term borrowing reference 44699,288928.92,0,Manual,12,liability,credit
shareholder contribution reference 22717,59371.92,0,CSV,7,equity,credit
gst payable recorded reference 21834,54017.73,1,Excel,9,liability,credit
marketing campaign expense reference 37405,470759.7,0,Excel,12,expense,debit
supplier payable created reference 72234,413562.38,0,Excel,2,liability,credit
owner investment into business reference 74966,132813.41,0,PDF,5,equity,credit
owner capital introduced reference 58213,430777.05,0,Excel,6,equity,credit
purchase of office laptop reference 45512,199059.94,1,Manual,1,asset,debit
additional equity contribution reference 98706,101446.75,1,CSV,4,equity,credit
monthly office rent reference 83028,27668.79,0,Manual,3,expense,debit
office supplies purchase reference 29082,446390.55,0,Bank,12,expense,debit
sales revenue from customer invoice reference 12782,457532.22,0,PDF,9,revenue,credit
customer invoice settlement reference 44113,213998.26,0,Excel,2,revenue,credit
business loan received reference 23126,499049.96,0,Manual,12,liability,credit
service revenue received reference 24470,38898.69,1,PDF,12,revenue,credit
inventory purchase for stock reference 42011,337745.56,0,Excel,5,asset,debit
internet and telecom bill reference 73679,127483.37,0,CSV,8,expense,debit
office supplies purchase reference 88837,462749.47,1,Bank,3,expense,debit
service revenue received reference 32073,355267.48,0,Excel,11,revenue,credit
owner withdrawal against equity reference 98336,236531.2,1,Manual,4,equity,credit
monthly office rent reference 82710,255537.03,0,CSV,12,expense,debit
professional fees reference 32440,410510.27,1,Excel,5,expense,debit
accounts payable recorded reference 52343,69859.51,0,Bank,12,liability,credit
employee salary payment reference 68850,74473.82,0,Manual,1,expense,debit
owner investment into business reference 59312,434310.87,0,CSV,5,equity,credit
share capital contribution reference 99376,409913.25,0,CSV,1,equity,credit
loan repayment liability reference 79274,374388.38,0,Bank,9,liability,credit
courier and postage expense reference 99487,481317.57,0,Manual,2,expense,debit
prepaid insurance reference 43583,339298.27,0,Bank,3,asset,debit
subscription revenue reference 51917,5162.62,0,Manual,4,revenue,credit
short term borrowing reference 24124,67150.84,0,CSV,9,liability,credit
purchase of office laptop reference 23893,16273.95,1,Bank,9,asset,debit
office furniture purchase reference 59492,248589.43,0,Manual,11,asset,debit
internet and telecom bill reference 17298,233412.72,0,PDF,4,expense,debit
short term borrowing reference 58115,228722.99,0,Excel,10,liability,credit
sales collection reference 55750,366293.4,0,Excel,3,revenue,credit
client payment for consulting services reference 59631,395124.09,0,Excel,12,revenue,credit
retained earnings transfer reference 46492,31307.62,0,Excel,6,equity,credit
vehicle purchase for business reference 50320,188602.79,0,PDF,9,asset,debit
equipment acquisition reference 92121,211766.59,0,Bank,2,asset,debit
customer invoice settlement reference 62238,188679.27,0,CSV,2,revenue,credit
vendor credit purchase reference 88576,360747.14,0,Excel,9,liability,credit
inventory purchase for stock reference 21177,205179.93,0,Manual,11,asset,debit
vehicle purchase for business reference 98860,326865.44,0,PDF,1,asset,debit
equipment acquisition reference 94681,135008.31,0,Excel,1,asset,debit
customer invoice settlement reference 52460,357073.41,0,CSV,5,revenue,credit
vendor credit purchase reference 73712,236226.1,0,CSV,9,liability,credit
Owner cash withdrawal for personal use,5603.62,0,Wire Transfer,1,equity,debit
"Electricity, water, and gas bills",126.95,0,Checking Account,1,expense,debit
Commercial property rental fee,4266.64,0,Credit Card,1,expense,debit
"Electricity, water, and gas bills",90.59,0,ACH Transfer,1,expense,debit
Repayment of principal on commercial loan,1411.62,0,Credit Card,1,liability,debit
Supermarket purchase (food/supplies),110.05,0,Credit Card,1,expense,debit
Interest charge on business debt/credit lines,658.24,0,Digital Wallet,1,expense,debit
Pharmacy prescription / Doctor copay,132.65,0,Digital Wallet,1,expense,debit
Owner cash withdrawal for personal use,1308.27,0,Checking Account,1,equity,debit
Monthly residential lease/mortgage payment,2697.33,0,ACH Transfer,1,expense,debit
Restaurant bill / food delivery,116.27,0,Credit Card,1,expense,debit
Pharmacy prescription / Doctor copay,43.43,0,Digital Wallet,1,expense,debit
Supermarket purchase (food/supplies),126.6,0,Digital Wallet,1,expense,debit
Repayment of principal on commercial loan,2380.8,0,Credit Card,1,liability,debit
"Gasoline, car insurance, or repairs",463.73,0,Credit Card,1,expense,debit
Owner cash withdrawal for personal use,5675.04,0,Wire Transfer,1,equity,debit
"Cloud infrastructure, accounting & CRM tools",35.22,0,Cash,1,expense,debit
Supermarket purchase (food/supplies),218.92,0,Digital Wallet,1,expense,debit
"Electricity, water, and gas bills",101.69,0,Credit Card,1,expense,debit
"Electricity, water, and gas bills",206.29,0,ACH Transfer,1,expense,debit
Client invoice generated for B2B services rendered,8750.25,0,Digital Wallet,1,revenue,credit
"Cloud infrastructure, accounting & CRM tools",635.43,0,Wire Transfer,1,expense,debit
Direct cash/card sales to customers,1071.36,0,Credit Card,1,revenue,credit
Repayment of principal on commercial loan,3406.99,0,Credit Card,1,liability,debit
Raw materials and inventory purchases,4481.63,0,Wire Transfer,1,expense,debit
Repayment of principal on commercial loan,2156.75,0,Checking Account,1,liability,debit
"Gasoline, car insurance, or repairs",236.76,0,Checking Account,1,expense,debit
Capital contributed by business owner/investor,21576.1,0,Digital Wallet,1,equity,credit
Restaurant bill / food delivery,42.38,0,Wire Transfer,1,expense,debit
Credit card balance payoff from checking account,1079.77,0,Digital Wallet,1,liability,debit
Commercial property rental fee,3568.89,0,Checking Account,1,expense,debit
Capital contributed by business owner/investor,38706.09,0,Checking Account,1,equity,credit
Raw materials and inventory purchases,1821.76,0,Cash,1,expense,debit
Interest charge on business debt/credit lines,749.7,0,Digital Wallet,1,expense,debit
Direct cash/card sales to customers,1536.42,0,Checking Account,1,revenue,credit
Pharmacy prescription / Doctor copay,193.73,0,Checking Account,1,expense,debit
"Purchase of machinery, computers, or office hardware",1138.88,0,Cash,1,asset,debit
Repayment of principal on commercial loan,1671.36,0,ACH Transfer,1,liability,debit
"Electricity, water, and gas bills",266.82,0,Digital Wallet,1,expense,debit
Credit card balance payoff from checking account,966.6,0,Credit Card,1,liability,debit
Monthly salary direct deposit,5924.72,0,ACH Transfer,1,revenue,credit
Supermarket purchase (food/supplies),71.02,0,Digital Wallet,1,expense,debit
Pharmacy prescription / Doctor copay,237.81,0,ACH Transfer,1,expense,debit
"Electricity, water, and gas bills",243.14,0,Credit Card,1,expense,debit
Restaurant bill / food delivery,63.22,0,Cash,1,expense,debit
Direct cash/card sales to customers,4114.31,0,Cash,1,revenue,credit
Stock dividend or savings interest payout,166.25,0,Credit Card,1,revenue,credit
"Purchase of machinery, computers, or office hardware",4560.34,0,Digital Wallet,1,asset,debit
Interest charge on business debt/credit lines,700.22,0,Wire Transfer,1,expense,debit
Restaurant bill / food delivery,83.82,0,Cash,1,expense,debit
Client invoice generated for B2B services rendered,6437.37,0,Cash,1,revenue,credit
"Gasoline, car insurance, or repairs",136.94,0,Digital Wallet,1,expense,debit
Supermarket purchase (food/supplies),57.06,0,Digital Wallet,1,expense,debit
Supermarket purchase (food/supplies),239.42,0,Credit Card,1,expense,debit
Pharmacy prescription / Doctor copay,285.67,0,ACH Transfer,1,expense,debit
Pharmacy prescription / Doctor copay,208.95,0,Digital Wallet,1,expense,debit
Owner cash withdrawal for personal use,6873.48,0,Checking Account,1,equity,debit
Repayment of principal on commercial loan,2352.38,0,Credit Card,1,liability,debit
Commercial property rental fee,4007.09,0,Checking Account,1,expense,debit
Supermarket purchase (food/supplies),103.92,0,ACH Transfer,1,expense,debit
"Employee salaries, benefits, and payroll taxes",11707.44,0,Cash,1,expense,debit
Supermarket purchase (food/supplies),68.78,0,Cash,1,expense,debit
Direct cash/card sales to customers,190.31,0,Wire Transfer,1,revenue,credit
Monthly salary direct deposit,4368.24,0,Digital Wallet,1,revenue,credit
Pharmacy prescription / Doctor copay,245.24,0,Cash,1,expense,debit
Restaurant bill / food delivery,31.14,0,Cash,1,expense,debit
"Purchase of machinery, computers, or office hardware",6759.13,0,Digital Wallet,1,asset,debit
Owner cash withdrawal for personal use,2608.37,0,Digital Wallet,1,equity,debit
"Electricity, water, and gas bills",287.3,0,Checking Account,1,expense,debit
"Cloud infrastructure, accounting & CRM tools",345.77,0,Digital Wallet,1,expense,debit
Restaurant bill / food delivery,51.99,0,Cash,1,expense,debit
"Gasoline, car insurance, or repairs",435.46,0,Checking Account,1,expense,debit
Monthly salary direct deposit,3356.95,0,ACH Transfer,1,revenue,credit
"Electricity, water, and gas bills",277.31,0,ACH Transfer,1,expense,debit
Pharmacy prescription / Doctor copay,175.68,0,ACH Transfer,1,expense,debit
Monthly residential lease/mortgage payment,2190.27,0,Cash,1,expense,debit
"Purchase of machinery, computers, or office hardware",4779.29,0,Checking Account,1,asset,debit
Capital contributed by business owner/investor,48753.06,0,Digital Wallet,1,equity,credit
"Employee salaries, benefits, and payroll taxes",6583.96,0,Wire Transfer,1,expense,debit
"Electricity, water, and gas bills",143.85,0,ACH Transfer,1,expense,debit
"Gasoline, car insurance, or repairs",321.42,0,Wire Transfer,1,expense,debit
Pharmacy prescription / Doctor copay,241.05,0,Wire Transfer,1,expense,debit
Pharmacy prescription / Doctor copay,266.1,0,Cash,1,expense,debit
Supermarket purchase (food/supplies),162.68,0,Wire Transfer,1,expense,debit
"Purchase of machinery, computers, or office hardware",6087.82,0,Digital Wallet,1,asset,debit
Credit card balance payoff from checking account,549.0,0,Digital Wallet,1,liability,debit
"Purchase of machinery, computers, or office hardware",5983.53,0,Digital Wallet,1,asset,debit
"Cloud infrastructure, accounting & CRM tools",185.94,0,Wire Transfer,1,expense,debit
Raw materials and inventory purchases,668.89,0,Credit Card,1,expense,debit
"Purchase of machinery, computers, or office hardware",878.02,0,Credit Card,1,asset,debit
Supermarket purchase (food/supplies),156.21,0,Digital Wallet,1,expense,debit
Restaurant bill / food delivery,85.38,0,Credit Card,1,expense,debit
Interest charge on business debt/credit lines,296.36,0,Checking Account,1,expense,debit
Raw materials and inventory purchases,2673.29,0,Credit Card,1,expense,debit
"Cloud infrastructure, accounting & CRM tools",378.6,0,Wire Transfer,1,expense,debit
Pharmacy prescription / Doctor copay,99.49,0,Wire Transfer,1,expense,debit
Pharmacy prescription / Doctor copay,100.68,0,ACH Transfer,1,expense,debit
"Employee salaries, benefits, and payroll taxes",6622.02,0,Checking Account,1,expense,debit
"Electricity, water, and gas bills",168.58,0,Cash,2,expense,debit
Capital contributed by business owner/investor,8947.47,0,ACH Transfer,2,equity,credit
Interest charge on business debt/credit lines,155.79,0,Digital Wallet,2,expense,debit
Raw materials and inventory purchases,2111.07,0,Credit Card,2,expense,debit
Restaurant bill / food delivery,62.3,0,Cash,2,expense,debit
"Electricity, water, and gas bills",184.77,0,Cash,2,expense,debit
"Cloud infrastructure, accounting & CRM tools",114.47,0,ACH Transfer,2,expense,debit
Raw materials and inventory purchases,4019.25,0,ACH Transfer,2,expense,debit
"Gasoline, car insurance, or repairs",154.21,0,Wire Transfer,2,expense,debit
Monthly salary direct deposit,3192.13,0,Digital Wallet,2,revenue,credit
Client invoice generated for B2B services rendered,4626.6,0,Wire Transfer,2,revenue,credit
Capital contributed by business owner/investor,9105.12,0,Checking Account,2,equity,credit
Owner cash withdrawal for personal use,6503.81,0,Credit Card,2,equity,debit
Pharmacy prescription / Doctor copay,253.37,0,Checking Account,2,expense,debit
Restaurant bill / food delivery,44.01,0,ACH Transfer,2,expense,debit
"Employee salaries, benefits, and payroll taxes",22293.81,0,Cash,2,expense,debit
Raw materials and inventory purchases,2628.61,0,Cash,2,expense,debit
Restaurant bill / food delivery,70.7,0,Checking Account,2,expense,debit
Client invoice generated for B2B services rendered,6655.72,0,Cash,2,revenue,credit
"Purchase of machinery, computers, or office hardware",4339.52,0,Checking Account,2,asset,debit
Interest charge on business debt/credit lines,137.73,0,Cash,2,expense,debit
"Electricity, water, and gas bills",198.28,0,Wire Transfer,2,expense,debit
Capital contributed by business owner/investor,5751.02,0,Checking Account,2,equity,credit
"Purchase of machinery, computers, or office hardware",3851.29,0,Digital Wallet,2,asset,debit
Stock dividend or savings interest payout,278.05,0,Checking Account,2,revenue,credit
Restaurant bill / food delivery,64.3,0,Cash,2,expense,debit
Raw materials and inventory purchases,4602.77,0,Checking Account,2,expense,debit
"Employee salaries, benefits, and payroll taxes",9584.09,0,Wire Transfer,2,expense,debit
"Employee salaries, benefits, and payroll taxes",11207.13,0,ACH Transfer,2,expense,debit
Commercial property rental fee,3437.73,0,Credit Card,2,expense,debit
Direct cash/card sales to customers,1867.4,0,Digital Wallet,2,revenue,credit
"Purchase of machinery, computers, or office hardware",4320.89,0,Wire Transfer,2,asset,debit
Monthly residential lease/mortgage payment,1579.8,0,Credit Card,2,expense,debit
Direct cash/card sales to customers,2210.03,0,Checking Account,2,revenue,credit
"Employee salaries, benefits, and payroll taxes",11248.08,0,Checking Account,2,expense,debit
Stock dividend or savings interest payout,254.93,0,ACH Transfer,2,revenue,credit
"Employee salaries, benefits, and payroll taxes",19987.68,0,Cash,2,expense,debit
Monthly residential lease/mortgage payment,2317.43,0,Checking Account,2,expense,debit
"Cloud infrastructure, accounting & CRM tools",476.77,0,Wire Transfer,2,expense,debit
"Employee salaries, benefits, and payroll taxes",18946.56,0,Wire Transfer,2,expense,debit
"Electricity, water, and gas bills",226.99,0,Wire Transfer,2,expense,debit
Direct cash/card sales to customers,4473.54,0,Checking Account,2,revenue,credit
Supermarket purchase (food/supplies),55.38,0,Credit Card,2,expense,debit
Monthly residential lease/mortgage payment,1698.58,0,ACH Transfer,2,expense,debit
Repayment of principal on commercial loan,2271.48,0,Checking Account,2,liability,debit
Supermarket purchase (food/supplies),51.8,0,Wire Transfer,2,expense,debit
Commercial property rental fee,5758.86,0,Credit Card,2,expense,debit
"Gasoline, car insurance, or repairs",397.65,0,ACH Transfer,2,expense,debit
Owner cash withdrawal for personal use,5522.17,0,ACH Transfer,2,equity,debit
Supermarket purchase (food/supplies),125.11,0,ACH Transfer,2,expense,debit
Monthly salary direct deposit,3265.23,0,Wire Transfer,2,revenue,credit
Repayment of principal on commercial loan,2007.72,0,Credit Card,2,liability,debit
Commercial property rental fee,2906.47,0,Cash,2,expense,debit
"Purchase of machinery, computers, or office hardware",3700.08,0,Digital Wallet,2,asset,debit
"Electricity, water, and gas bills",131.66,0,Wire Transfer,2,expense,debit
Capital contributed by business owner/investor,24717.47,0,Digital Wallet,2,equity,credit
Monthly residential lease/mortgage payment,1301.31,0,Wire Transfer,2,expense,debit
Credit card balance payoff from checking account,233.46,0,Credit Card,2,liability,debit
"Cloud infrastructure, accounting & CRM tools",647.97,0,Digital Wallet,2,expense,debit
Client invoice generated for B2B services rendered,10230.94,0,Digital Wallet,2,revenue,credit
Monthly residential lease/mortgage payment,2628.6,0,Digital Wallet,2,expense,debit
"Cloud infrastructure, accounting & CRM tools",434.51,0,ACH Transfer,2,expense,debit
Monthly residential lease/mortgage payment,1252.02,0,Checking Account,2,expense,debit
Interest charge on business debt/credit lines,697.45,0,Wire Transfer,2,expense,debit
Stock dividend or savings interest payout,131.45,0,Credit Card,2,revenue,credit
Repayment of principal on commercial loan,2634.2,0,Wire Transfer,2,liability,debit
Pharmacy prescription / Doctor copay,250.07,0,Cash,2,expense,debit
"Electricity, water, and gas bills",148.94,0,Cash,2,expense,debit
Client invoice generated for B2B services rendered,2020.2,0,Checking Account,2,revenue,credit
Stock dividend or savings interest payout,213.85,0,Wire Transfer,2,revenue,credit
Commercial property rental fee,2594.92,0,Wire Transfer,2,expense,debit
Monthly salary direct deposit,5224.47,0,Credit Card,2,revenue,credit
"Purchase of machinery, computers, or office hardware",7020.65,0,Cash,2,asset,debit
Owner cash withdrawal for personal use,7093.63,0,Cash,2,equity,debit
Repayment of principal on commercial loan,1457.35,0,ACH Transfer,2,liability,debit
Client invoice generated for B2B services rendered,9328.64,0,Checking Account,2,revenue,credit
Supermarket purchase (food/supplies),165.28,0,Cash,2,expense,debit
Restaurant bill / food delivery,103.88,0,Cash,2,expense,debit
Monthly residential lease/mortgage payment,2503.42,0,Digital Wallet,2,expense,debit
Credit card balance payoff from checking account,241.88,0,Digital Wallet,2,liability,debit
Pharmacy prescription / Doctor copay,172.28,0,Checking Account,2,expense,debit
Client invoice generated for B2B services rendered,6151.65,0,Checking Account,2,revenue,credit
"Cloud infrastructure, accounting & CRM tools",104.12,0,Digital Wallet,2,expense,debit
Commercial property rental fee,3950.53,0,Digital Wallet,2,expense,debit
Monthly salary direct deposit,4841.28,0,ACH Transfer,2,revenue,credit
Raw materials and inventory purchases,4673.92,0,Credit Card,2,expense,debit
Interest charge on business debt/credit lines,237.52,0,Wire Transfer,2,expense,debit
"Employee salaries, benefits, and payroll taxes",11489.27,0,Wire Transfer,2,expense,debit
"Gasoline, car insurance, or repairs",537.69,0,Digital Wallet,3,expense,debit
"Gasoline, car insurance, or repairs",470.86,0,Checking Account,3,expense,debit
"Purchase of machinery, computers, or office hardware",1662.04,0,Checking Account,3,asset,debit
Repayment of principal on commercial loan,1285.33,0,Cash,3,liability,debit
"Cloud infrastructure, accounting & CRM tools",627.01,0,Credit Card,3,expense,debit
"Purchase of machinery, computers, or office hardware",6134.72,0,Wire Transfer,3,asset,debit
"Gasoline, car insurance, or repairs",86.09,0,Digital Wallet,3,expense,debit
Raw materials and inventory purchases,2609.8,0,Checking Account,3,expense,debit
Stock dividend or savings interest payout,16.21,0,Credit Card,3,revenue,credit
Owner cash withdrawal for personal use,3640.39,0,ACH Transfer,3,equity,debit
Restaurant bill / food delivery,16.26,0,Credit Card,3,expense,debit
Capital contributed by business owner/investor,6299.12,0,Digital Wallet,3,equity,credit
Interest charge on business debt/credit lines,590.5,0,ACH Transfer,3,expense,debit
Monthly salary direct deposit,5753.02,0,Credit Card,3,revenue,credit
Supermarket purchase (food/supplies),54.12,0,Digital Wallet,3,expense,debit
Supermarket purchase (food/supplies),195.76,0,Wire Transfer,3,expense,debit
Monthly residential lease/mortgage payment,1495.03,0,Digital Wallet,3,expense,debit
Pharmacy prescription / Doctor copay,279.7,0,Credit Card,3,expense,debit
Repayment of principal on commercial loan,885.17,0,ACH Transfer,3,liability,debit
"Gasoline, car insurance, or repairs",388.14,0,Wire Transfer,3,expense,debit
Owner cash withdrawal for personal use,6095.01,0,Credit Card,3,equity,debit
Direct cash/card sales to customers,923.03,0,Checking Account,3,revenue,credit
"Cloud infrastructure, accounting & CRM tools",99.92,0,Cash,3,expense,debit
Raw materials and inventory purchases,4414.21,0,Wire Transfer,3,expense,debit
Raw materials and inventory purchases,2870.58,0,Wire Transfer,3,expense,debit
Direct cash/card sales to customers,596.78,0,Wire Transfer,3,revenue,credit
"Employee salaries, benefits, and payroll taxes",16090.91,0,Checking Account,3,expense,debit
"Employee salaries, benefits, and payroll taxes",19734.63,0,Wire Transfer,3,expense,debit
"Gasoline, car insurance, or repairs",562.29,0,Checking Account,3,expense,debit
"Electricity, water, and gas bills",233.16,0,Checking Account,3,expense,debit
Credit card balance payoff from checking account,1222.47,0,Cash,3,liability,debit
"Cloud infrastructure, accounting & CRM tools",646.89,0,Digital Wallet,3,expense,debit
Commercial property rental fee,5471.05,0,Digital Wallet,3,expense,debit
Repayment of principal on commercial loan,2460.6,0,Cash,3,liability,debit
Client invoice generated for B2B services rendered,11734.47,0,Digital Wallet,3,revenue,credit
"Electricity, water, and gas bills",291.81,0,ACH Transfer,3,expense,debit
Stock dividend or savings interest payout,385.26,0,Digital Wallet,3,revenue,credit
"Electricity, water, and gas bills",147.02,0,ACH Transfer,3,expense,debit
Credit card balance payoff from checking account,1213.92,0,Wire Transfer,3,liability,debit
Commercial property rental fee,5400.83,0,Credit Card,3,expense,debit
"Purchase of machinery, computers, or office hardware",2812.92,0,Wire Transfer,3,asset,debit
Interest charge on business debt/credit lines,420.62,0,ACH Transfer,3,expense,debit
Restaurant bill / food delivery,119.2,0,Cash,3,expense,debit
Monthly residential lease/mortgage payment,1271.5,0,ACH Transfer,3,expense,debit
Restaurant bill / food delivery,58.34,0,Digital Wallet,3,expense,debit
Client invoice generated for B2B services rendered,3725.65,0,Digital Wallet,3,revenue,credit
Credit card balance payoff from checking account,507.76,0,ACH Transfer,3,liability,debit
"Cloud infrastructure, accounting & CRM tools",354.27,0,Cash,3,expense,debit
Stock dividend or savings interest payout,362.95,0,ACH Transfer,3,revenue,credit
Pharmacy prescription / Doctor copay,263.04,0,Digital Wallet,3,expense,debit
Owner cash withdrawal for personal use,3295.76,0,Wire Transfer,3,equity,debit
"Electricity, water, and gas bills",156.63,0,Cash,3,expense,debit
Interest charge on business debt/credit lines,444.18,0,Credit Card,3,expense,debit
Monthly salary direct deposit,3934.93,0,Digital Wallet,3,revenue,credit
"Cloud infrastructure, accounting & CRM tools",233.22,0,Credit Card,3,expense,debit
Interest charge on business debt/credit lines,576.58,0,Digital Wallet,3,expense,debit
Raw materials and inventory purchases,1594.17,0,Cash,3,expense,debit
Client invoice generated for B2B services rendered,2513.6,0,Cash,3,revenue,credit
"Electricity, water, and gas bills",136.31,0,Credit Card,3,expense,debit
"Gasoline, car insurance, or repairs",509.25,0,Digital Wallet,3,expense,debit
"Purchase of machinery, computers, or office hardware",3033.53,0,Wire Transfer,3,asset,debit
Commercial property rental fee,2849.5,0,Credit Card,3,expense,debit
"Employee salaries, benefits, and payroll taxes",21458.73,0,Wire Transfer,3,expense,debit
Owner cash withdrawal for personal use,2686.78,0,Wire Transfer,3,equity,debit
Capital contributed by business owner/investor,47725.07,0,Wire Transfer,3,equity,credit
Commercial property rental fee,2166.9,0,Wire Transfer,3,expense,debit
Capital contributed by business owner/investor,25094.63,0,ACH Transfer,3,equity,credit
Supermarket purchase (food/supplies),71.33,0,Wire Transfer,3,expense,debit
Client invoice generated for B2B services rendered,5837.39,0,ACH Transfer,3,revenue,credit
Commercial property rental fee,3358.32,0,Credit Card,3,expense,debit
"Electricity, water, and gas bills",218.04,0,Digital Wallet,3,expense,debit
Capital contributed by business owner/investor,25474.04,0,Wire Transfer,3,equity,credit
"Purchase of machinery, computers, or office hardware",5893.44,0,Digital Wallet,3,asset,debit
Repayment of principal on commercial loan,1317.04,0,Wire Transfer,3,liability,debit
"Purchase of machinery, computers, or office hardware",7002.62,0,Credit Card,3,asset,debit
"Electricity, water, and gas bills",103.24,0,ACH Transfer,3,expense,debit
Client invoice generated for B2B services rendered,5070.58,0,Digital Wallet,3,revenue,credit
Monthly residential lease/mortgage payment,1431.76,0,Wire Transfer,3,expense,debit
Supermarket purchase (food/supplies),132.32,0,ACH Transfer,3,expense,debit
Raw materials and inventory purchases,1424.56,0,Checking Account,3,expense,debit
Monthly residential lease/mortgage payment,1004.82,0,ACH Transfer,3,expense,debit
Restaurant bill / food delivery,94.22,0,Checking Account,3,expense,debit
Owner cash withdrawal for personal use,1398.16,0,Wire Transfer,3,equity,debit
Interest charge on business debt/credit lines,392.7,0,Checking Account,3,expense,debit
"Cloud infrastructure, accounting & CRM tools",602.36,0,ACH Transfer,3,expense,debit
Direct cash/card sales to customers,3953.74,0,Cash,3,revenue,credit
"Gasoline, car insurance, or repairs",453.8,0,Wire Transfer,3,expense,debit
"Gasoline, car insurance, or repairs",590.7,0,Digital Wallet,3,expense,debit
Client invoice generated for B2B services rendered,9042.31,0,Digital Wallet,3,revenue,credit
Pharmacy prescription / Doctor copay,172.55,0,Cash,3,expense,debit
Pharmacy prescription / Doctor copay,168.92,0,Checking Account,3,expense,debit
Client invoice generated for B2B services rendered,5322.5,0,Wire Transfer,3,revenue,credit
"Electricity, water, and gas bills",292.24,0,Checking Account,3,expense,debit
Monthly salary direct deposit,4237.45,0,Cash,3,revenue,credit
Supermarket purchase (food/supplies),206.45,0,Wire Transfer,3,expense,debit
Repayment of principal on commercial loan,1295.17,0,Wire Transfer,3,liability,debit
"Employee salaries, benefits, and payroll taxes",21491.12,0,Credit Card,3,expense,debit
Capital contributed by business owner/investor,8720.18,0,Checking Account,3,equity,credit
Repayment of principal on commercial loan,1968.93,0,Credit Card,3,liability,debit
Commercial property rental fee,5480.48,0,ACH Transfer,3,expense,debit
"Gasoline, car insurance, or repairs",245.11,0,Digital Wallet,3,expense,debit
"Cloud infrastructure, accounting & CRM tools",564.07,0,Checking Account,3,expense,debit
Repayment of principal on commercial loan,1470.96,0,Digital Wallet,3,liability,debit
"Employee salaries, benefits, and payroll taxes",6054.48,0,Cash,3,expense,debit
Client invoice generated for B2B services rendered,9814.54,0,Wire Transfer,3,revenue,credit
Interest charge on business debt/credit lines,561.35,0,Credit Card,3,expense,debit
Commercial property rental fee,3092.74,0,Credit Card,3,expense,debit
Raw materials and inventory purchases,1045.28,0,Wire Transfer,3,expense,debit
"Cloud infrastructure, accounting & CRM tools",721.88,0,ACH Transfer,3,expense,debit
Supermarket purchase (food/supplies),127.76,0,Credit Card,3,expense,debit
Client invoice generated for B2B services rendered,8779.01,0,Wire Transfer,3,revenue,credit
Stock dividend or savings interest payout,48.69,0,ACH Transfer,3,revenue,credit
Client invoice generated for B2B services rendered,11106.59,0,Cash,4,revenue,credit
Stock dividend or savings interest payout,441.89,0,Checking Account,4,revenue,credit
"Cloud infrastructure, accounting & CRM tools",769.56,0,ACH Transfer,4,expense,debit
Monthly residential lease/mortgage payment,2712.33,0,Digital Wallet,4,expense,debit
"Electricity, water, and gas bills",298.43,0,ACH Transfer,4,expense,debit
Commercial property rental fee,1981.57,0,Checking Account,4,expense,debit
Restaurant bill / food delivery,112.77,0,Checking Account,4,expense,debit
"Gasoline, car insurance, or repairs",363.03,0,Cash,4,expense,debit
Repayment of principal on commercial loan,1381.35,0,ACH Transfer,4,liability,debit
Interest charge on business debt/credit lines,587.45,0,Credit Card,4,expense,debit
Supermarket purchase (food/supplies),166.5,0,Wire Transfer,4,expense,debit
"Electricity, water, and gas bills",162.13,0,Credit Card,4,expense,debit
"Electricity, water, and gas bills",295.97,0,ACH Transfer,4,expense,debit
Monthly residential lease/mortgage payment,1123.34,0,Checking Account,4,expense,debit
Commercial property rental fee,4558.63,0,Digital Wallet,4,expense,debit
Client invoice generated for B2B services rendered,6458.24,0,ACH Transfer,4,revenue,credit
"Gasoline, car insurance, or repairs",42.96,0,Cash,4,expense,debit
Monthly salary direct deposit,4246.65,0,ACH Transfer,4,revenue,credit
Monthly residential lease/mortgage payment,2732.46,0,Digital Wallet,4,expense,debit
Raw materials and inventory purchases,991.44,0,ACH Transfer,4,expense,debit
Credit card balance payoff from checking account,356.97,0,ACH Transfer,4,liability,debit
Direct cash/card sales to customers,802.19,0,Credit Card,4,revenue,credit
Commercial property rental fee,1924.47,0,Digital Wallet,4,expense,debit
"Electricity, water, and gas bills",84.17,0,Cash,4,expense,debit
"Employee salaries, benefits, and payroll taxes",23281.1,0,Wire Transfer,4,expense,debit
Credit card balance payoff from checking account,364.04,0,ACH Transfer,4,liability,debit
Restaurant bill / food delivery,59.15,0,ACH Transfer,4,expense,debit
Stock dividend or savings interest payout,116.03,0,ACH Transfer,4,revenue,credit
Stock dividend or savings interest payout,438.84,0,Credit Card,4,revenue,credit
Owner cash withdrawal for personal use,7341.46,0,Cash,4,equity,debit
Capital contributed by business owner/investor,27521.48,0,Digital Wallet,4,equity,credit
Credit card balance payoff from checking account,582.43,0,Credit Card,4,liability,debit
Interest charge on business debt/credit lines,552.84,0,ACH Transfer,4,expense,debit
Capital contributed by business owner/investor,21552.84,0,Wire Transfer,4,equity,credit
Restaurant bill / food delivery,100.6,0,Wire Transfer,4,expense,debit
"Gasoline, car insurance, or repairs",393.81,0,Wire Transfer,4,expense,debit
Restaurant bill / food delivery,101.49,0,Cash,4,expense,debit
Capital contributed by business owner/investor,10518.68,0,Checking Account,4,equity,credit
Pharmacy prescription / Doctor copay,289.47,0,ACH Transfer,4,expense,debit
Supermarket purchase (food/supplies),226.02,0,Cash,4,expense,debit
Credit card balance payoff from checking account,472.63,0,Digital Wallet,4,liability,debit
"Gasoline, car insurance, or repairs",385.62,0,ACH Transfer,4,expense,debit
Direct cash/card sales to customers,3428.13,0,Checking Account,4,revenue,credit
"Gasoline, car insurance, or repairs",221.6,0,Checking Account,4,expense,debit
Monthly salary direct deposit,3554.97,0,Credit Card,4,revenue,credit
Owner cash withdrawal for personal use,7820.19,0,Credit Card,4,equity,debit
"Cloud infrastructure, accounting & CRM tools",291.29,0,Credit Card,4,expense,debit
Pharmacy prescription / Doctor copay,42.21,0,Wire Transfer,4,expense,debit
Supermarket purchase (food/supplies),214.91,0,ACH Transfer,4,expense,debit
Client invoice generated for B2B services rendered,11718.38,0,ACH Transfer,4,revenue,credit
"Cloud infrastructure, accounting & CRM tools",430.78,0,Cash,4,expense,debit
Restaurant bill / food delivery,100.42,0,Checking Account,4,expense,debit
"Electricity, water, and gas bills",217.61,0,Cash,4,expense,debit
Capital contributed by business owner/investor,35969.18,0,ACH Transfer,4,equity,credit
Raw materials and inventory purchases,2369.2,0,ACH Transfer,4,expense,debit
"Gasoline, car insurance, or repairs",465.07,0,Credit Card,4,expense,debit
Raw materials and inventory purchases,3473.92,0,Digital Wallet,4,expense,debit
Commercial property rental fee,5680.11,0,Digital Wallet,4,expense,debit
Client invoice generated for B2B services rendered,8209.83,0,ACH Transfer,4,revenue,credit
"Cloud infrastructure, accounting & CRM tools",797.2,0,Cash,4,expense,debit
Stock dividend or savings interest payout,177.45,0,ACH Transfer,4,revenue,credit
Capital contributed by business owner/investor,29265.53,0,Digital Wallet,4,equity,credit
Owner cash withdrawal for personal use,3633.36,0,ACH Transfer,4,equity,debit
Supermarket purchase (food/supplies),160.9,0,ACH Transfer,4,expense,debit
Capital contributed by business owner/investor,17282.09,0,ACH Transfer,4,equity,credit
Repayment of principal on commercial loan,2553.84,0,Checking Account,4,liability,debit
Raw materials and inventory purchases,4440.3,0,Digital Wallet,4,expense,debit
Interest charge on business debt/credit lines,362.04,0,ACH Transfer,4,expense,debit
Monthly residential lease/mortgage payment,1639.51,0,Digital Wallet,4,expense,debit
Direct cash/card sales to customers,1909.14,0,Credit Card,4,revenue,credit
Client invoice generated for B2B services rendered,4663.75,0,Credit Card,4,revenue,credit
Credit card balance payoff from checking account,1041.59,0,Digital Wallet,4,liability,debit
Owner cash withdrawal for personal use,3894.92,0,Cash,4,equity,debit
Repayment of principal on commercial loan,2727.24,0,Wire Transfer,4,liability,debit
Stock dividend or savings interest payout,404.13,0,Checking Account,4,revenue,credit
Raw materials and inventory purchases,3320.69,0,Digital Wallet,4,expense,debit
Capital contributed by business owner/investor,43127.37,0,Cash,4,equity,credit
Interest charge on business debt/credit lines,615.05,0,Wire Transfer,4,expense,debit
Direct cash/card sales to customers,3658.55,0,Credit Card,4,revenue,credit
Credit card balance payoff from checking account,1499.97,0,Credit Card,4,liability,debit
Pharmacy prescription / Doctor copay,248.86,0,Cash,4,expense,debit
Restaurant bill / food delivery,105.31,0,Digital Wallet,4,expense,debit
Direct cash/card sales to customers,1719.83,0,Cash,4,revenue,credit
Monthly salary direct deposit,3285.12,0,Credit Card,4,revenue,credit
Direct cash/card sales to customers,3398.43,0,ACH Transfer,4,revenue,credit
Capital contributed by business owner/investor,21011.5,0,ACH Transfer,4,equity,credit
"Electricity, water, and gas bills",109.56,0,Digital Wallet,4,expense,debit
Supermarket purchase (food/supplies),54.15,0,Checking Account,4,expense,debit
Monthly residential lease/mortgage payment,1689.53,0,Digital Wallet,4,expense,debit
Client invoice generated for B2B services rendered,5178.24,0,Credit Card,4,revenue,credit
Restaurant bill / food delivery,63.42,0,Cash,4,expense,debit
Interest charge on business debt/credit lines,424.61,0,Digital Wallet,4,expense,debit
Monthly salary direct deposit,4395.41,0,Digital Wallet,4,revenue,credit
"Cloud infrastructure, accounting & CRM tools",440.72,0,Cash,4,expense,debit
Monthly residential lease/mortgage payment,2559.67,0,ACH Transfer,4,expense,debit
"Cloud infrastructure, accounting & CRM tools",445.15,0,Checking Account,4,expense,debit
"Cloud infrastructure, accounting & CRM tools",688.55,0,Checking Account,5,expense,debit
Client invoice generated for B2B services rendered,1030.12,0,Digital Wallet,5,revenue,credit
Direct cash/card sales to customers,567.23,0,ACH Transfer,5,revenue,credit
Direct cash/card sales to customers,1460.01,0,Checking Account,5,revenue,credit
Client invoice generated for B2B services rendered,4319.41,0,Credit Card,5,revenue,credit
Restaurant bill / food delivery,45.63,0,Cash,5,expense,debit
"Employee salaries, benefits, and payroll taxes",14240.29,0,Digital Wallet,5,expense,debit
Client invoice generated for B2B services rendered,3921.76,0,Credit Card,5,revenue,credit
"Purchase of machinery, computers, or office hardware",5555.54,0,Cash,5,asset,debit
Repayment of principal on commercial loan,2571.83,0,Digital Wallet,5,liability,debit
Raw materials and inventory purchases,3718.12,0,Digital Wallet,5,expense,debit
Monthly salary direct deposit,3803.63,0,Wire Transfer,5,revenue,credit
Interest charge on business debt/credit lines,552.98,0,Cash,5,expense,debit
Direct cash/card sales to customers,1249.17,0,Credit Card,5,revenue,credit
Monthly residential lease/mortgage payment,2296.13,0,ACH Transfer,5,expense,debit
Capital contributed by business owner/investor,25555.39,0,Credit Card,5,equity,credit
Capital contributed by business owner/investor,41210.97,0,Digital Wallet,5,equity,credit
Repayment of principal on commercial loan,951.7,0,ACH Transfer,5,liability,debit
Supermarket purchase (food/supplies),195.51,0,ACH Transfer,5,expense,debit
"Electricity, water, and gas bills",129.43,0,Cash,5,expense,debit
Client invoice generated for B2B services rendered,1075.13,0,ACH Transfer,5,revenue,credit
Monthly residential lease/mortgage payment,1996.11,0,Wire Transfer,5,expense,debit
Restaurant bill / food delivery,30.36,0,Cash,5,expense,debit
Repayment of principal on commercial loan,784.18,0,Checking Account,5,liability,debit
"Cloud infrastructure, accounting & CRM tools",703.23,0,Checking Account,5,expense,debit
Supermarket purchase (food/supplies),46.94,0,Checking Account,5,expense,debit
Repayment of principal on commercial loan,3252.41,0,Checking Account,5,liability,debit
"Electricity, water, and gas bills",122.15,0,Wire Transfer,5,expense,debit
"Electricity, water, and gas bills",224.67,0,Cash,5,expense,debit
Owner cash withdrawal for personal use,6706.5,0,Cash,5,equity,debit
"Cloud infrastructure, accounting & CRM tools",197.24,0,Cash,5,expense,debit
Repayment of principal on commercial loan,1923.19,0,Credit Card,5,liability,debit
Capital contributed by business owner/investor,6647.93,0,Digital Wallet,5,equity,credit
Client invoice generated for B2B services rendered,4556.01,0,ACH Transfer,5,revenue,credit
Interest charge on business debt/credit lines,53.95,0,ACH Transfer,5,expense,debit
"Cloud infrastructure, accounting & CRM tools",543.13,0,ACH Transfer,5,expense,debit
Restaurant bill / food delivery,45.39,0,Checking Account,5,expense,debit
Client invoice generated for B2B services rendered,9396.97,0,ACH Transfer,5,revenue,credit
Monthly salary direct deposit,3254.79,0,Credit Card,5,revenue,credit
Restaurant bill / food delivery,91.14,0,Wire Transfer,5,expense,debit
"Cloud infrastructure, accounting & CRM tools",608.62,0,Digital Wallet,5,expense,debit
Direct cash/card sales to customers,3717.39,0,Credit Card,5,revenue,credit
Raw materials and inventory purchases,3010.74,0,ACH Transfer,5,expense,debit
Supermarket purchase (food/supplies),119.61,0,Credit Card,5,expense,debit
Monthly salary direct deposit,3255.1,0,Checking Account,5,revenue,credit
Monthly salary direct deposit,5901.61,0,Credit Card,5,revenue,credit
"Electricity, water, and gas bills",227.55,0,ACH Transfer,5,expense,debit
"Cloud infrastructure, accounting & CRM tools",203.43,0,Cash,5,expense,debit
Monthly salary direct deposit,4378.0,0,ACH Transfer,5,revenue,credit
Commercial property rental fee,3223.7,0,ACH Transfer,5,expense,debit
"Employee salaries, benefits, and payroll taxes",23383.4,0,ACH Transfer,5,expense,debit
Interest charge on business debt/credit lines,505.79,0,Wire Transfer,5,expense,debit
"Electricity, water, and gas bills",178.91,0,Credit Card,5,expense,debit
Repayment of principal on commercial loan,2805.8,0,Cash,5,liability,debit
Pharmacy prescription / Doctor copay,72.54,0,Digital Wallet,5,expense,debit
Restaurant bill / food delivery,101.8,0,Checking Account,5,expense,debit
Interest charge on business debt/credit lines,275.61,0,Credit Card,5,expense,debit
Credit card balance payoff from checking account,1047.06,0,Wire Transfer,5,liability,debit
"Purchase of machinery, computers, or office hardware",6685.79,0,Checking Account,5,asset,debit
Owner cash withdrawal for personal use,5359.58,0,Digital Wallet,5,equity,debit
Raw materials and inventory purchases,690.71,0,Checking Account,5,expense,debit
Client invoice generated for B2B services rendered,10085.97,0,Wire Transfer,5,revenue,credit
Monthly residential lease/mortgage payment,1797.6,0,ACH Transfer,5,expense,debit
Client invoice generated for B2B services rendered,2369.23,0,Cash,5,revenue,credit
Pharmacy prescription / Doctor copay,130.83,0,Wire Transfer,5,expense,debit
Owner cash withdrawal for personal use,4750.17,0,Cash,5,equity,debit
"Employee salaries, benefits, and payroll taxes",3178.16,0,Digital Wallet,5,expense,debit
Monthly salary direct deposit,5504.42,0,Credit Card,5,revenue,credit
Client invoice generated for B2B services rendered,8046.54,0,Cash,5,revenue,credit
Commercial property rental fee,3394.96,0,ACH Transfer,5,expense,debit
Supermarket purchase (food/supplies),222.08,0,Credit Card,5,expense,debit
Client invoice generated for B2B services rendered,10507.88,0,Cash,5,revenue,credit
Restaurant bill / food delivery,23.78,0,Checking Account,5,expense,debit
Monthly residential lease/mortgage payment,2586.94,0,Credit Card,5,expense,debit
"Employee salaries, benefits, and payroll taxes",20962.88,0,ACH Transfer,5,expense,debit
Client invoice generated for B2B services rendered,10683.52,0,Digital Wallet,5,revenue,credit
Direct cash/card sales to customers,3816.38,0,Digital Wallet,5,revenue,credit
"Gasoline, car insurance, or repairs",287.0,0,Credit Card,5,expense,debit
Monthly salary direct deposit,2705.07,0,ACH Transfer,5,revenue,credit
"Purchase of machinery, computers, or office hardware",7369.42,0,Credit Card,5,asset,debit
Raw materials and inventory purchases,2059.6,0,Cash,5,expense,debit
"Electricity, water, and gas bills",229.21,0,Wire Transfer,5,expense,debit
"Electricity, water, and gas bills",98.45,0,Credit Card,5,expense,debit
"Employee salaries, benefits, and payroll taxes",8543.91,0,Digital Wallet,5,expense,debit
"Purchase of machinery, computers, or office hardware",6019.1,0,Digital Wallet,5,asset,debit
"Electricity, water, and gas bills",270.84,0,Cash,5,expense,debit
Client invoice generated for B2B services rendered,8104.88,0,Checking Account,5,revenue,credit
Raw materials and inventory purchases,568.31,0,Checking Account,5,expense,debit
Capital contributed by business owner/investor,29151.08,0,Checking Account,5,equity,credit
Repayment of principal on commercial loan,3132.43,0,ACH Transfer,5,liability,debit
Credit card balance payoff from checking account,664.07,0,Checking Account,5,liability,debit
Restaurant bill / food delivery,61.0,0,Digital Wallet,5,expense,debit
Repayment of principal on commercial loan,1004.63,0,ACH Transfer,5,liability,debit
Repayment of principal on commercial loan,720.6,0,Wire Transfer,5,liability,debit
Supermarket purchase (food/supplies),166.09,0,Cash,5,expense,debit
"Gasoline, car insurance, or repairs",103.86,0,Digital Wallet,5,expense,debit
Interest charge on business debt/credit lines,357.41,0,ACH Transfer,5,expense,debit
Repayment of principal on commercial loan,2425.72,0,Cash,5,liability,debit
Supermarket purchase (food/supplies),115.65,0,Digital Wallet,5,expense,debit
Direct cash/card sales to customers,2133.28,0,Wire Transfer,5,revenue,credit
Direct cash/card sales to customers,2641.4,0,Wire Transfer,5,revenue,credit
Commercial property rental fee,2018.28,0,Checking Account,5,expense,debit
Pharmacy prescription / Doctor copay,30.79,0,Credit Card,5,expense,debit
Client invoice generated for B2B services rendered,9083.62,0,Digital Wallet,5,revenue,credit
"Cloud infrastructure, accounting & CRM tools",669.92,0,Checking Account,5,expense,debit
"Electricity, water, and gas bills",175.65,0,ACH Transfer,5,expense,debit
Repayment of principal on commercial loan,1463.63,0,Checking Account,5,liability,debit
"Electricity, water, and gas bills",171.51,0,Checking Account,6,expense,debit
"Employee salaries, benefits, and payroll taxes",17215.74,0,Credit Card,6,expense,debit
Monthly residential lease/mortgage payment,2519.97,0,Checking Account,6,expense,debit
Commercial property rental fee,2221.68,0,Wire Transfer,6,expense,debit
Credit card balance payoff from checking account,483.01,0,Checking Account,6,liability,debit
Direct cash/card sales to customers,3793.02,0,Wire Transfer,6,revenue,credit
"Employee salaries, benefits, and payroll taxes",12977.97,0,Digital Wallet,6,expense,debit
Direct cash/card sales to customers,3853.42,0,Digital Wallet,6,revenue,credit
Owner cash withdrawal for personal use,6901.52,0,Wire Transfer,6,equity,debit
Pharmacy prescription / Doctor copay,245.73,0,Checking Account,6,expense,debit
Owner cash withdrawal for personal use,4206.3,0,Checking Account,6,equity,debit
Interest charge on business debt/credit lines,166.91,0,Checking Account,6,expense,debit
"Gasoline, car insurance, or repairs",177.04,0,Checking Account,6,expense,debit
Raw materials and inventory purchases,4138.57,0,Credit Card,6,expense,debit
Capital contributed by business owner/investor,27381.66,0,Checking Account,6,equity,credit
Supermarket purchase (food/supplies),116.58,0,Checking Account,6,expense,debit
"Employee salaries, benefits, and payroll taxes",5286.88,0,Wire Transfer,6,expense,debit
Monthly residential lease/mortgage payment,1716.69,0,Digital Wallet,6,expense,debit
Supermarket purchase (food/supplies),205.61,0,Checking Account,6,expense,debit
Monthly residential lease/mortgage payment,2257.62,0,Digital Wallet,6,expense,debit
Monthly residential lease/mortgage payment,2277.22,0,ACH Transfer,6,expense,debit
Restaurant bill / food delivery,27.38,0,Cash,6,expense,debit
"Cloud infrastructure, accounting & CRM tools",342.42,0,Wire Transfer,6,expense,debit
Credit card balance payoff from checking account,355.42,0,Wire Transfer,6,liability,debit
Restaurant bill / food delivery,105.55,0,Credit Card,6,expense,debit
Stock dividend or savings interest payout,422.57,0,Wire Transfer,6,revenue,credit
Owner cash withdrawal for personal use,7542.94,0,Credit Card,6,equity,debit
Stock dividend or savings interest payout,17.67,0,Credit Card,6,revenue,credit
Capital contributed by business owner/investor,26591.15,0,Wire Transfer,6,equity,credit
Supermarket purchase (food/supplies),196.39,0,Digital Wallet,6,expense,debit
Raw materials and inventory purchases,833.52,0,Wire Transfer,6,expense,debit
"Employee salaries, benefits, and payroll taxes",16789.58,0,ACH Transfer,6,expense,debit
Raw materials and inventory purchases,1005.86,0,Checking Account,6,expense,debit
Interest charge on business debt/credit lines,454.23,0,Digital Wallet,6,expense,debit
Client invoice generated for B2B services rendered,9076.2,0,Cash,6,revenue,credit
"Cloud infrastructure, accounting & CRM tools",80.79,0,Checking Account,6,expense,debit
Capital contributed by business owner/investor,46144.87,0,Cash,6,equity,credit
Credit card balance payoff from checking account,986.51,0,Wire Transfer,6,liability,debit
Pharmacy prescription / Doctor copay,101.93,0,Digital Wallet,6,expense,debit
"Cloud infrastructure, accounting & CRM tools",236.72,0,ACH Transfer,6,expense,debit
Repayment of principal on commercial loan,2826.54,0,ACH Transfer,6,liability,debit
Stock dividend or savings interest payout,468.02,0,Credit Card,6,revenue,credit
"Purchase of machinery, computers, or office hardware",6590.45,0,Digital Wallet,6,asset,debit
Interest charge on business debt/credit lines,61.05,0,Cash,6,expense,debit
"Gasoline, car insurance, or repairs",503.01,0,Cash,6,expense,debit
Supermarket purchase (food/supplies),207.19,0,Cash,6,expense,debit
Repayment of principal on commercial loan,3069.87,0,Wire Transfer,6,liability,debit
Repayment of principal on commercial loan,3494.37,0,ACH Transfer,6,liability,debit
Credit card balance payoff from checking account,392.82,0,Digital Wallet,6,liability,debit
Repayment of principal on commercial loan,1672.19,0,Digital Wallet,6,liability,debit
Direct cash/card sales to customers,525.78,0,ACH Transfer,6,revenue,credit
Direct cash/card sales to customers,3401.54,0,Credit Card,6,revenue,credit
"Cloud infrastructure, accounting & CRM tools",289.21,0,ACH Transfer,6,expense,debit
Stock dividend or savings interest payout,185.19,0,ACH Transfer,6,revenue,credit
Pharmacy prescription / Doctor copay,275.54,0,Wire Transfer,6,expense,debit
Monthly residential lease/mortgage payment,2534.21,0,Wire Transfer,6,expense,debit
Repayment of principal on commercial loan,1555.43,0,ACH Transfer,6,liability,debit
"Employee salaries, benefits, and payroll taxes",24245.77,0,ACH Transfer,6,expense,debit
Commercial property rental fee,4728.11,0,Checking Account,6,expense,debit
Commercial property rental fee,3941.75,0,ACH Transfer,6,expense,debit
Repayment of principal on commercial loan,3317.71,0,Checking Account,6,liability,debit
Restaurant bill / food delivery,93.26,0,Credit Card,6,expense,debit
Repayment of principal on commercial loan,1651.54,0,Digital Wallet,6,liability,debit
Client invoice generated for B2B services rendered,4968.78,0,Credit Card,6,revenue,credit
Stock dividend or savings interest payout,393.37,0,ACH Transfer,6,revenue,credit
Raw materials and inventory purchases,2849.2,0,Wire Transfer,6,expense,debit
Monthly salary direct deposit,2505.12,0,Digital Wallet,6,revenue,credit
"Purchase of machinery, computers, or office hardware",1425.69,0,Credit Card,6,asset,debit
"Cloud infrastructure, accounting & CRM tools",361.01,0,Digital Wallet,6,expense,debit
Direct cash/card sales to customers,1676.95,0,Credit Card,6,revenue,credit
Commercial property rental fee,5223.39,0,ACH Transfer,6,expense,debit
Monthly residential lease/mortgage payment,2089.3,0,Wire Transfer,6,expense,debit
Commercial property rental fee,2750.42,0,Credit Card,6,expense,debit
"Cloud infrastructure, accounting & CRM tools",309.14,0,Checking Account,6,expense,debit
Monthly residential lease/mortgage payment,1306.19,0,ACH Transfer,6,expense,debit
"Employee salaries, benefits, and payroll taxes",24350.82,0,ACH Transfer,6,expense,debit
Credit card balance payoff from checking account,464.68,0,Digital Wallet,6,liability,debit
Credit card balance payoff from checking account,1144.51,0,Credit Card,6,liability,debit
Restaurant bill / food delivery,119.59,0,ACH Transfer,6,expense,debit
Raw materials and inventory purchases,1077.77,0,ACH Transfer,6,expense,debit
Restaurant bill / food delivery,119.76,0,ACH Transfer,6,expense,debit
Raw materials and inventory purchases,3097.88,0,Checking Account,6,expense,debit
"Cloud infrastructure, accounting & CRM tools",790.48,0,Cash,6,expense,debit
Monthly residential lease/mortgage payment,2663.22,0,Digital Wallet,6,expense,debit
Supermarket purchase (food/supplies),151.88,0,Digital Wallet,6,expense,debit
"Cloud infrastructure, accounting & CRM tools",746.39,0,ACH Transfer,6,expense,debit
"Employee salaries, benefits, and payroll taxes",15012.53,0,Checking Account,6,expense,debit
Interest charge on business debt/credit lines,422.6,0,Wire Transfer,6,expense,debit
Restaurant bill / food delivery,47.57,0,Digital Wallet,6,expense,debit
"Electricity, water, and gas bills",203.7,0,Wire Transfer,6,expense,debit
Commercial property rental fee,5431.23,0,ACH Transfer,7,expense,debit
Commercial property rental fee,3406.1,0,ACH Transfer,7,expense,debit
"Electricity, water, and gas bills",251.63,0,ACH Transfer,7,expense,debit
Pharmacy prescription / Doctor copay,150.76,0,Checking Account,7,expense,debit
"Purchase of machinery, computers, or office hardware",2295.69,0,Wire Transfer,7,asset,debit
Monthly salary direct deposit,5264.95,0,Credit Card,7,revenue,credit
Owner cash withdrawal for personal use,6367.9,0,Credit Card,7,equity,debit
Supermarket purchase (food/supplies),239.89,0,ACH Transfer,7,expense,debit
Repayment of principal on commercial loan,718.64,0,Digital Wallet,7,liability,debit
Monthly salary direct deposit,4439.08,0,Cash,7,revenue,credit
"Gasoline, car insurance, or repairs",324.74,0,ACH Transfer,7,expense,debit
Monthly residential lease/mortgage payment,1453.06,0,Credit Card,7,expense,debit
Supermarket purchase (food/supplies),40.8,0,Checking Account,7,expense,debit
Commercial property rental fee,4360.13,0,ACH Transfer,7,expense,debit
"Purchase of machinery, computers, or office hardware",4668.26,0,Digital Wallet,7,asset,debit
Raw materials and inventory purchases,2037.7,0,Wire Transfer,7,expense,debit
Stock dividend or savings interest payout,259.29,0,Checking Account,7,revenue,credit
"Electricity, water, and gas bills",273.32,0,Cash,7,expense,debit
Owner cash withdrawal for personal use,1127.61,0,Cash,7,equity,debit
Credit card balance payoff from checking account,760.69,0,Digital Wallet,7,liability,debit
Interest charge on business debt/credit lines,562.65,0,Checking Account,7,expense,debit
"Electricity, water, and gas bills",236.44,0,Checking Account,7,expense,debit
Commercial property rental fee,3958.6,0,Credit Card,7,expense,debit
Repayment of principal on commercial loan,2764.9,0,Credit Card,7,liability,debit
Stock dividend or savings interest payout,169.73,0,ACH Transfer,7,revenue,credit
Monthly salary direct deposit,3202.35,0,Wire Transfer,7,revenue,credit
Repayment of principal on commercial loan,844.66,0,Cash,7,liability,debit
Pharmacy prescription / Doctor copay,114.05,0,ACH Transfer,7,expense,debit
Stock dividend or savings interest payout,443.89,0,Cash,7,revenue,credit
Stock dividend or savings interest payout,184.08,0,Digital Wallet,7,revenue,credit
"Cloud infrastructure, accounting & CRM tools",100.29,0,Digital Wallet,7,expense,debit
Raw materials and inventory purchases,2330.91,0,Checking Account,7,expense,debit
"Employee salaries, benefits, and payroll taxes",20487.74,0,Cash,7,expense,debit
Raw materials and inventory purchases,2267.3,0,Credit Card,7,expense,debit
"Gasoline, car insurance, or repairs",573.78,0,Digital Wallet,7,expense,debit
Monthly residential lease/mortgage payment,2268.17,0,Digital Wallet,7,expense,debit
Commercial property rental fee,5967.85,0,ACH Transfer,7,expense,debit
Owner cash withdrawal for personal use,3196.27,0,Credit Card,7,equity,debit
"Cloud infrastructure, accounting & CRM tools",318.62,0,Digital Wallet,7,expense,debit
Stock dividend or savings interest payout,160.34,0,Digital Wallet,7,revenue,credit
Commercial property rental fee,1832.84,0,Wire Transfer,7,expense,debit
"Purchase of machinery, computers, or office hardware",1790.1,0,Digital Wallet,7,asset,debit
Restaurant bill / food delivery,70.92,0,Credit Card,7,expense,debit
Repayment of principal on commercial loan,3187.28,0,ACH Transfer,7,liability,debit
"Purchase of machinery, computers, or office hardware",6020.4,0,Wire Transfer,7,asset,debit
Restaurant bill / food delivery,89.73,0,Digital Wallet,7,expense,debit
"Electricity, water, and gas bills",271.88,0,ACH Transfer,7,expense,debit
Restaurant bill / food delivery,96.21,0,Credit Card,7,expense,debit
Pharmacy prescription / Doctor copay,208.73,0,Wire Transfer,7,expense,debit
Interest charge on business debt/credit lines,625.69,0,Cash,7,expense,debit
Monthly salary direct deposit,5236.71,0,Cash,7,revenue,credit
Credit card balance payoff from checking account,1309.34,0,Checking Account,7,liability,debit
Interest charge on business debt/credit lines,296.07,0,ACH Transfer,7,expense,debit
Interest charge on business debt/credit lines,346.13,0,ACH Transfer,7,expense,debit
"Employee salaries, benefits, and payroll taxes",24745.11,0,Digital Wallet,7,expense,debit
Capital contributed by business owner/investor,10073.46,0,ACH Transfer,7,equity,credit
Client invoice generated for B2B services rendered,1135.75,0,ACH Transfer,7,revenue,credit
"Electricity, water, and gas bills",277.89,0,Credit Card,7,expense,debit
Owner cash withdrawal for personal use,3927.67,0,Credit Card,7,equity,debit
"Electricity, water, and gas bills",224.65,0,Wire Transfer,7,expense,debit
Restaurant bill / food delivery,62.63,0,Digital Wallet,7,expense,debit
Direct cash/card sales to customers,3862.5,0,ACH Transfer,7,revenue,credit
Restaurant bill / food delivery,48.25,0,Checking Account,7,expense,debit
Monthly salary direct deposit,3676.45,0,Digital Wallet,7,revenue,credit
"Purchase of machinery, computers, or office hardware",4732.93,0,Cash,7,asset,debit
Interest charge on business debt/credit lines,645.53,0,Wire Transfer,7,expense,debit
Supermarket purchase (food/supplies),171.38,0,Digital Wallet,7,expense,debit
Monthly salary direct deposit,3390.6,0,Checking Account,7,revenue,credit
Supermarket purchase (food/supplies),145.42,0,Credit Card,7,expense,debit
Pharmacy prescription / Doctor copay,344.87,0,Checking Account,7,expense,debit
Commercial property rental fee,1631.37,0,Wire Transfer,7,expense,debit
Monthly residential lease/mortgage payment,2551.18,0,Checking Account,7,expense,debit
Supermarket purchase (food/supplies),205.47,0,Credit Card,7,expense,debit
Direct cash/card sales to customers,2198.61,0,Digital Wallet,7,revenue,credit
"Purchase of machinery, computers, or office hardware",7291.77,0,Cash,7,asset,debit
"Employee salaries, benefits, and payroll taxes",23712.35,0,Credit Card,7,expense,debit
Capital contributed by business owner/investor,15979.3,0,Digital Wallet,7,equity,credit
Commercial property rental fee,4844.88,0,ACH Transfer,7,expense,debit
Pharmacy prescription / Doctor copay,59.56,0,Wire Transfer,7,expense,debit
"Employee salaries, benefits, and payroll taxes",20976.27,0,Checking Account,7,expense,debit
"Gasoline, car insurance, or repairs",116.28,0,Wire Transfer,7,expense,debit
Client invoice generated for B2B services rendered,8669.29,0,Wire Transfer,7,revenue,credit
Raw materials and inventory purchases,1956.5,0,ACH Transfer,7,expense,debit
Stock dividend or savings interest payout,346.18,0,Digital Wallet,7,revenue,credit
Pharmacy prescription / Doctor copay,227.82,0,Credit Card,7,expense,debit
Monthly salary direct deposit,5491.1,0,Wire Transfer,7,revenue,credit
"Purchase of machinery, computers, or office hardware",7091.66,0,Cash,7,asset,debit
"Gasoline, car insurance, or repairs",254.24,0,Digital Wallet,7,expense,debit
Credit card balance payoff from checking account,1163.23,0,Wire Transfer,7,liability,debit
Owner cash withdrawal for personal use,1723.05,0,Checking Account,7,equity,debit
Stock dividend or savings interest payout,247.96,0,Credit Card,7,revenue,credit
Restaurant bill / food delivery,26.23,0,Wire Transfer,7,expense,debit
Owner cash withdrawal for personal use,4961.5,0,Credit Card,7,equity,debit
Client invoice generated for B2B services rendered,8630.41,0,Cash,7,revenue,credit
"Cloud infrastructure, accounting & CRM tools",70.79,0,Wire Transfer,7,expense,debit
Client invoice generated for B2B services rendered,1502.87,0,Credit Card,7,revenue,credit
Raw materials and inventory purchases,3569.32,0,ACH Transfer,8,expense,debit
Restaurant bill / food delivery,83.77,0,ACH Transfer,8,expense,debit
Capital contributed by business owner/investor,36956.41,0,ACH Transfer,8,equity,credit
Owner cash withdrawal for personal use,3965.03,0,ACH Transfer,8,equity,debit
Interest charge on business debt/credit lines,181.12,0,Digital Wallet,8,expense,debit
"Electricity, water, and gas bills",177.75,0,Checking Account,8,expense,debit
"Employee salaries, benefits, and payroll taxes",24047.44,0,Digital Wallet,8,expense,debit
"Electricity, water, and gas bills",208.41,0,Digital Wallet,8,expense,debit
Interest charge on business debt/credit lines,256.63,0,Credit Card,8,expense,debit
Repayment of principal on commercial loan,2318.95,0,Wire Transfer,8,liability,debit
"Gasoline, car insurance, or repairs",263.6,0,Digital Wallet,8,expense,debit
Repayment of principal on commercial loan,2262.02,0,Digital Wallet,8,liability,debit
Monthly residential lease/mortgage payment,2183.27,0,Wire Transfer,8,expense,debit
Pharmacy prescription / Doctor copay,230.85,0,Wire Transfer,8,expense,debit
Restaurant bill / food delivery,35.94,0,Wire Transfer,8,expense,debit
Restaurant bill / food delivery,102.22,0,Checking Account,8,expense,debit
Pharmacy prescription / Doctor copay,182.37,0,Checking Account,8,expense,debit
"Purchase of machinery, computers, or office hardware",2463.41,0,Credit Card,8,asset,debit
Repayment of principal on commercial loan,1161.32,0,Wire Transfer,8,liability,debit
Direct cash/card sales to customers,3578.19,0,Cash,8,revenue,credit
Direct cash/card sales to customers,3028.24,0,Digital Wallet,8,revenue,credit
Monthly salary direct deposit,5378.16,0,Checking Account,8,revenue,credit
"Gasoline, car insurance, or repairs",177.53,0,Checking Account,8,expense,debit
Capital contributed by business owner/investor,34198.09,0,Credit Card,8,equity,credit
"Gasoline, car insurance, or repairs",540.95,0,Cash,8,expense,debit
"Electricity, water, and gas bills",232.69,0,ACH Transfer,8,expense,debit
Direct cash/card sales to customers,3180.17,0,Digital Wallet,8,revenue,credit
Repayment of principal on commercial loan,2095.8,0,Credit Card,8,liability,debit
"Purchase of machinery, computers, or office hardware",1916.52,0,ACH Transfer,8,asset,debit
Client invoice generated for B2B services rendered,9123.94,0,Checking Account,8,revenue,credit
Client invoice generated for B2B services rendered,3991.79,0,Checking Account,8,revenue,credit
"Employee salaries, benefits, and payroll taxes",24237.21,0,ACH Transfer,8,expense,debit
Pharmacy prescription / Doctor copay,236.31,0,Digital Wallet,8,expense,debit
Credit card balance payoff from checking account,1272.3,0,ACH Transfer,8,liability,debit
Stock dividend or savings interest payout,229.93,0,Wire Transfer,8,revenue,credit
Monthly salary direct deposit,5798.55,0,Credit Card,8,revenue,credit
Credit card balance payoff from checking account,787.02,0,Credit Card,8,liability,debit
"Purchase of machinery, computers, or office hardware",1464.5,0,Digital Wallet,8,asset,debit
Monthly residential lease/mortgage payment,1173.82,0,Digital Wallet,8,expense,debit
"Employee salaries, benefits, and payroll taxes",9960.89,0,ACH Transfer,8,expense,debit
"Purchase of machinery, computers, or office hardware",2639.52,0,Checking Account,8,asset,debit
"Purchase of machinery, computers, or office hardware",1852.6,0,Checking Account,8,asset,debit
Restaurant bill / food delivery,33.49,0,Wire Transfer,8,expense,debit
Client invoice generated for B2B services rendered,7668.3,0,Wire Transfer,8,revenue,credit
Raw materials and inventory purchases,4518.15,0,ACH Transfer,8,expense,debit
Capital contributed by business owner/investor,20331.77,0,Checking Account,8,equity,credit
"Gasoline, car insurance, or repairs",78.78,0,Cash,8,expense,debit
Commercial property rental fee,1706.88,0,Cash,8,expense,debit
Owner cash withdrawal for personal use,1813.68,0,Credit Card,8,equity,debit
"Cloud infrastructure, accounting & CRM tools",369.91,0,Credit Card,8,expense,debit
"Cloud infrastructure, accounting & CRM tools",646.77,0,ACH Transfer,8,expense,debit
Pharmacy prescription / Doctor copay,221.5,0,Digital Wallet,8,expense,debit
Pharmacy prescription / Doctor copay,268.74,0,Cash,8,expense,debit
Raw materials and inventory purchases,403.3,0,Cash,8,expense,debit
Supermarket purchase (food/supplies),165.53,0,Digital Wallet,8,expense,debit
Client invoice generated for B2B services rendered,1125.35,0,Credit Card,8,revenue,credit
Stock dividend or savings interest payout,31.86,0,ACH Transfer,8,revenue,credit
"Electricity, water, and gas bills",118.03,0,Credit Card,8,expense,debit
Capital contributed by business owner/investor,40681.98,0,Checking Account,8,equity,credit
Capital contributed by business owner/investor,32690.67,0,Checking Account,8,equity,credit
Supermarket purchase (food/supplies),95.19,0,Checking Account,8,expense,debit
Credit card balance payoff from checking account,969.86,0,ACH Transfer,8,liability,debit
Supermarket purchase (food/supplies),230.9,0,Wire Transfer,8,expense,debit
Monthly residential lease/mortgage payment,1838.5,0,Wire Transfer,8,expense,debit
"Gasoline, car insurance, or repairs",546.5,0,Credit Card,8,expense,debit
Raw materials and inventory purchases,691.9,0,Digital Wallet,8,expense,debit
Client invoice generated for B2B services rendered,3991.51,0,Checking Account,8,revenue,credit
"Employee salaries, benefits, and payroll taxes",4661.36,0,Checking Account,8,expense,debit
Pharmacy prescription / Doctor copay,129.55,0,Wire Transfer,8,expense,debit
"Electricity, water, and gas bills",214.71,0,Checking Account,8,expense,debit
Direct cash/card sales to customers,4452.58,0,Wire Transfer,8,revenue,credit
"Electricity, water, and gas bills",100.17,0,Credit Card,8,expense,debit
"Gasoline, car insurance, or repairs",394.16,0,Cash,8,expense,debit
Raw materials and inventory purchases,4761.22,0,Cash,8,expense,debit
"Employee salaries, benefits, and payroll taxes",23522.75,0,Credit Card,8,expense,debit
"Cloud infrastructure, accounting & CRM tools",29.52,0,ACH Transfer,8,expense,debit
"Employee salaries, benefits, and payroll taxes",8980.33,0,ACH Transfer,8,expense,debit
Commercial property rental fee,4037.6,0,Wire Transfer,8,expense,debit
Pharmacy prescription / Doctor copay,346.26,0,Cash,8,expense,debit
Direct cash/card sales to customers,1525.37,0,Checking Account,8,revenue,credit
Monthly salary direct deposit,4674.06,0,Wire Transfer,8,revenue,credit
Raw materials and inventory purchases,3163.34,0,Digital Wallet,8,expense,debit
Monthly residential lease/mortgage payment,1066.57,0,Credit Card,8,expense,debit
Credit card balance payoff from checking account,1271.92,0,Credit Card,8,liability,debit
Monthly residential lease/mortgage payment,2142.71,0,Digital Wallet,8,expense,debit
Capital contributed by business owner/investor,12570.51,0,Cash,8,equity,credit
Pharmacy prescription / Doctor copay,134.23,0,Cash,8,expense,debit
"Cloud infrastructure, accounting & CRM tools",622.24,0,ACH Transfer,8,expense,debit
Monthly salary direct deposit,5800.41,0,Credit Card,8,revenue,credit
Direct cash/card sales to customers,2115.83,0,Checking Account,8,revenue,credit
"Gasoline, car insurance, or repairs",63.3,0,Credit Card,8,expense,debit
Capital contributed by business owner/investor,38950.06,0,Wire Transfer,8,equity,credit
Capital contributed by business owner/investor,24600.85,0,Digital Wallet,8,equity,credit
Owner cash withdrawal for personal use,2909.86,0,Checking Account,8,equity,debit
"Purchase of machinery, computers, or office hardware",4345.07,0,Wire Transfer,8,asset,debit
Owner cash withdrawal for personal use,6963.1,0,Credit Card,8,equity,debit
Monthly residential lease/mortgage payment,1626.33,0,Cash,8,expense,debit
"Purchase of machinery, computers, or office hardware",2751.44,0,Credit Card,8,asset,debit
"Electricity, water, and gas bills",91.81,0,Digital Wallet,8,expense,debit
Monthly residential lease/mortgage payment,1057.12,0,ACH Transfer,8,expense,debit
Repayment of principal on commercial loan,1222.9,0,Credit Card,8,liability,debit
"Purchase of machinery, computers, or office hardware",5601.61,0,Cash,8,asset,debit
Owner cash withdrawal for personal use,6556.15,0,Digital Wallet,8,equity,debit
Interest charge on business debt/credit lines,239.77,0,Checking Account,9,expense,debit
Repayment of principal on commercial loan,668.34,0,Checking Account,9,liability,debit
"Gasoline, car insurance, or repairs",99.46,0,Checking Account,9,expense,debit
"Employee salaries, benefits, and payroll taxes",3129.71,0,Cash,9,expense,debit
"Electricity, water, and gas bills",281.18,0,Digital Wallet,9,expense,debit
Interest charge on business debt/credit lines,169.36,0,Digital Wallet,9,expense,debit
"Gasoline, car insurance, or repairs",155.9,0,Wire Transfer,9,expense,debit
Supermarket purchase (food/supplies),217.93,0,ACH Transfer,9,expense,debit
Credit card balance payoff from checking account,471.56,0,Cash,9,liability,debit
Credit card balance payoff from checking account,608.44,0,ACH Transfer,9,liability,debit
"Gasoline, car insurance, or repairs",581.57,0,Cash,9,expense,debit
Pharmacy prescription / Doctor copay,134.1,0,Digital Wallet,9,expense,debit
Restaurant bill / food delivery,111.64,0,Checking Account,9,expense,debit
Monthly residential lease/mortgage payment,1598.73,0,Credit Card,9,expense,debit
Stock dividend or savings interest payout,113.94,0,Cash,9,revenue,credit
Interest charge on business debt/credit lines,113.66,0,Wire Transfer,9,expense,debit
Repayment of principal on commercial loan,2626.22,0,Cash,9,liability,debit
Monthly residential lease/mortgage payment,1577.14,0,Cash,9,expense,debit
"Employee salaries, benefits, and payroll taxes",4629.81,0,Digital Wallet,9,expense,debit
"Electricity, water, and gas bills",236.73,0,ACH Transfer,9,expense,debit
Interest charge on business debt/credit lines,748.45,0,Credit Card,9,expense,debit
Owner cash withdrawal for personal use,7224.82,0,Credit Card,9,equity,debit
"Gasoline, car insurance, or repairs",117.45,0,Credit Card,9,expense,debit
Direct cash/card sales to customers,2749.21,0,Digital Wallet,9,revenue,credit
Interest charge on business debt/credit lines,434.81,0,Checking Account,9,expense,debit
Restaurant bill / food delivery,116.31,0,Credit Card,9,expense,debit
Monthly residential lease/mortgage payment,1819.36,0,Cash,9,expense,debit
Monthly salary direct deposit,5114.55,0,Credit Card,9,revenue,credit
"Electricity, water, and gas bills",123.7,0,Credit Card,9,expense,debit
"Employee salaries, benefits, and payroll taxes",3648.61,0,Digital Wallet,9,expense,debit
Restaurant bill / food delivery,112.93,0,Cash,9,expense,debit
Direct cash/card sales to customers,1942.17,0,Wire Transfer,9,revenue,credit
Supermarket purchase (food/supplies),220.47,0,Credit Card,9,expense,debit
Monthly residential lease/mortgage payment,1804.72,0,Checking Account,9,expense,debit
Restaurant bill / food delivery,15.46,0,Digital Wallet,9,expense,debit
Stock dividend or savings interest payout,498.03,0,ACH Transfer,9,revenue,credit
Commercial property rental fee,4987.38,0,ACH Transfer,9,expense,debit
Owner cash withdrawal for personal use,7394.41,0,Credit Card,9,equity,debit
Restaurant bill / food delivery,119.32,0,Credit Card,9,expense,debit
Interest charge on business debt/credit lines,275.12,0,Cash,9,expense,debit
Monthly salary direct deposit,5346.05,0,Digital Wallet,9,revenue,credit
Commercial property rental fee,5598.21,0,Checking Account,9,expense,debit
Supermarket purchase (food/supplies),159.96,0,Wire Transfer,9,expense,debit
Credit card balance payoff from checking account,792.81,0,Checking Account,9,liability,debit
"Gasoline, car insurance, or repairs",311.02,0,Checking Account,9,expense,debit
Client invoice generated for B2B services rendered,10695.3,0,ACH Transfer,9,revenue,credit
"Employee salaries, benefits, and payroll taxes",13059.07,0,Credit Card,9,expense,debit
"Cloud infrastructure, accounting & CRM tools",335.04,0,Checking Account,9,expense,debit
"Purchase of machinery, computers, or office hardware",3659.16,0,Wire Transfer,9,asset,debit
Monthly residential lease/mortgage payment,2163.03,0,Checking Account,9,expense,debit
Client invoice generated for B2B services rendered,3938.9,0,Checking Account,9,revenue,credit
Raw materials and inventory purchases,1640.94,0,Credit Card,9,expense,debit
"Employee salaries, benefits, and payroll taxes",9302.73,0,Digital Wallet,9,expense,debit
Direct cash/card sales to customers,1495.39,0,ACH Transfer,9,revenue,credit
Direct cash/card sales to customers,2596.15,0,Digital Wallet,9,revenue,credit
Owner cash withdrawal for personal use,4118.9,0,Checking Account,9,equity,debit
Restaurant bill / food delivery,66.82,0,Checking Account,9,expense,debit
"Purchase of machinery, computers, or office hardware",3489.29,0,Checking Account,9,asset,debit
Capital contributed by business owner/investor,40148.67,0,Credit Card,9,equity,credit
Monthly salary direct deposit,5998.0,0,Cash,9,revenue,credit
Monthly residential lease/mortgage payment,2139.8,0,Wire Transfer,9,expense,debit
Credit card balance payoff from checking account,347.96,0,ACH Transfer,9,liability,debit
Direct cash/card sales to customers,1882.27,0,Wire Transfer,9,revenue,credit
Commercial property rental fee,2975.67,0,ACH Transfer,9,expense,debit
"Employee salaries, benefits, and payroll taxes",19495.65,0,Digital Wallet,9,expense,debit
Owner cash withdrawal for personal use,6480.91,0,Digital Wallet,9,equity,debit
Pharmacy prescription / Doctor copay,77.57,0,Credit Card,9,expense,debit
Raw materials and inventory purchases,1480.26,0,Checking Account,9,expense,debit
Owner cash withdrawal for personal use,4905.95,0,Digital Wallet,9,equity,debit
Client invoice generated for B2B services rendered,6754.13,0,Digital Wallet,9,revenue,credit
Capital contributed by business owner/investor,34317.93,0,Cash,9,equity,credit
Capital contributed by business owner/investor,25564.49,0,Wire Transfer,9,equity,credit
Raw materials and inventory purchases,4495.64,0,Checking Account,9,expense,debit
"Electricity, water, and gas bills",113.66,0,Credit Card,9,expense,debit
Pharmacy prescription / Doctor copay,156.31,0,Cash,9,expense,debit
"Gasoline, car insurance, or repairs",308.8,0,Credit Card,9,expense,debit
"Gasoline, car insurance, or repairs",584.81,0,Cash,9,expense,debit
Pharmacy prescription / Doctor copay,145.52,0,ACH Transfer,9,expense,debit
Interest charge on business debt/credit lines,597.18,0,Checking Account,9,expense,debit
"Employee salaries, benefits, and payroll taxes",12209.91,0,Wire Transfer,9,expense,debit
Monthly salary direct deposit,2872.65,0,ACH Transfer,9,revenue,credit
Owner cash withdrawal for personal use,5268.64,0,Cash,9,equity,debit
Monthly residential lease/mortgage payment,2754.38,0,Checking Account,9,expense,debit
"Employee salaries, benefits, and payroll taxes",10012.16,0,ACH Transfer,9,expense,debit
"Purchase of machinery, computers, or office hardware",3063.5,0,Digital Wallet,9,asset,debit
"Employee salaries, benefits, and payroll taxes",4730.24,0,Cash,9,expense,debit
Restaurant bill / food delivery,107.33,0,Checking Account,9,expense,debit
Capital contributed by business owner/investor,35020.97,0,Checking Account,9,equity,credit
Capital contributed by business owner/investor,23485.78,0,ACH Transfer,9,equity,credit
Client invoice generated for B2B services rendered,3419.58,0,Credit Card,9,revenue,credit
Owner cash withdrawal for personal use,3930.63,0,Credit Card,9,equity,debit
Repayment of principal on commercial loan,1531.27,0,Digital Wallet,9,liability,debit
"Purchase of machinery, computers, or office hardware",3981.54,0,Wire Transfer,9,asset,debit
"Employee salaries, benefits, and payroll taxes",9563.83,0,Checking Account,9,expense,debit
Repayment of principal on commercial loan,902.28,0,Credit Card,9,liability,debit
"Purchase of machinery, computers, or office hardware",2775.81,0,Wire Transfer,9,asset,debit
"Cloud infrastructure, accounting & CRM tools",292.93,0,Cash,9,expense,debit
"Gasoline, car insurance, or repairs",496.2,0,Digital Wallet,10,expense,debit
"Electricity, water, and gas bills",81.3,0,Digital Wallet,10,expense,debit
"Cloud infrastructure, accounting & CRM tools",529.16,0,Cash,10,expense,debit
"Purchase of machinery, computers, or office hardware",980.68,0,ACH Transfer,10,asset,debit
"Cloud infrastructure, accounting & CRM tools",125.24,0,ACH Transfer,10,expense,debit
"Purchase of machinery, computers, or office hardware",910.12,0,Wire Transfer,10,asset,debit
Interest charge on business debt/credit lines,154.9,0,Cash,10,expense,debit
Credit card balance payoff from checking account,1277.37,0,Digital Wallet,10,liability,debit
Owner cash withdrawal for personal use,5808.0,0,Digital Wallet,10,equity,debit
Repayment of principal on commercial loan,1288.22,0,Wire Transfer,10,liability,debit
Owner cash withdrawal for personal use,6845.84,0,Wire Transfer,10,equity,debit
Repayment of principal on commercial loan,1295.79,0,Cash,10,liability,debit
Owner cash withdrawal for personal use,4456.57,0,Checking Account,10,equity,debit
Stock dividend or savings interest payout,477.21,0,Wire Transfer,10,revenue,credit
Restaurant bill / food delivery,41.32,0,Credit Card,10,expense,debit
Owner cash withdrawal for personal use,5860.18,0,Cash,10,equity,debit
Capital contributed by business owner/investor,18907.39,0,ACH Transfer,10,equity,credit
Raw materials and inventory purchases,4148.53,0,Checking Account,10,expense,debit
Stock dividend or savings interest payout,495.26,0,Checking Account,10,revenue,credit
Interest charge on business debt/credit lines,92.67,0,Cash,10,expense,debit
Capital contributed by business owner/investor,40164.58,0,Cash,10,equity,credit
Commercial property rental fee,1665.44,0,Cash,10,expense,debit
Raw materials and inventory purchases,4528.14,0,Digital Wallet,10,expense,debit
"Gasoline, car insurance, or repairs",353.38,0,Checking Account,10,expense,debit
Commercial property rental fee,3916.66,0,Checking Account,10,expense,debit
Owner cash withdrawal for personal use,4551.29,0,Wire Transfer,10,equity,debit
Restaurant bill / food delivery,18.78,0,Cash,10,expense,debit
Interest charge on business debt/credit lines,175.95,0,Wire Transfer,10,expense,debit
"Cloud infrastructure, accounting & CRM tools",197.5,0,ACH Transfer,10,expense,debit
Repayment of principal on commercial loan,2899.6,0,Credit Card,10,liability,debit
Direct cash/card sales to customers,2420.64,0,Digital Wallet,10,revenue,credit
Supermarket purchase (food/supplies),229.61,0,Credit Card,10,expense,debit
Interest charge on business debt/credit lines,548.51,0,ACH Transfer,10,expense,debit
Capital contributed by business owner/investor,34457.36,0,Digital Wallet,10,equity,credit
"Cloud infrastructure, accounting & CRM tools",244.66,0,Wire Transfer,10,expense,debit
"Employee salaries, benefits, and payroll taxes",3807.34,0,Checking Account,10,expense,debit
"Cloud infrastructure, accounting & CRM tools",104.49,0,Digital Wallet,10,expense,debit
Interest charge on business debt/credit lines,637.9,0,Credit Card,10,expense,debit
"Cloud infrastructure, accounting & CRM tools",129.05,0,Checking Account,10,expense,debit
Interest charge on business debt/credit lines,294.83,0,Credit Card,10,expense,debit
Monthly residential lease/mortgage payment,1527.72,0,Digital Wallet,10,expense,debit
Interest charge on business debt/credit lines,153.67,0,Credit Card,10,expense,debit
Client invoice generated for B2B services rendered,1591.82,0,Digital Wallet,10,revenue,credit
Repayment of principal on commercial loan,1734.02,0,Checking Account,10,liability,debit
Raw materials and inventory purchases,646.71,0,Wire Transfer,10,expense,debit
Interest charge on business debt/credit lines,717.96,0,Digital Wallet,10,expense,debit
Monthly residential lease/mortgage payment,1372.88,0,Credit Card,10,expense,debit
Supermarket purchase (food/supplies),236.41,0,Wire Transfer,10,expense,debit
"Gasoline, car insurance, or repairs",40.74,0,Credit Card,10,expense,debit
"Gasoline, car insurance, or repairs",184.3,0,Credit Card,10,expense,debit
"Gasoline, car insurance, or repairs",203.65,0,Cash,10,expense,debit
"Gasoline, car insurance, or repairs",74.8,0,Credit Card,10,expense,debit
Supermarket purchase (food/supplies),239.19,0,Digital Wallet,10,expense,debit
"Employee salaries, benefits, and payroll taxes",11047.05,0,ACH Transfer,10,expense,debit
Client invoice generated for B2B services rendered,5690.06,0,ACH Transfer,10,revenue,credit
Direct cash/card sales to customers,1788.55,0,Cash,10,revenue,credit
Owner cash withdrawal for personal use,5168.17,0,ACH Transfer,10,equity,debit
Owner cash withdrawal for personal use,6833.48,0,Cash,10,equity,debit
Supermarket purchase (food/supplies),126.66,0,ACH Transfer,10,expense,debit
"Gasoline, car insurance, or repairs",428.34,0,Credit Card,10,expense,debit
Repayment of principal on commercial loan,1488.94,0,Checking Account,10,liability,debit
Commercial property rental fee,1543.51,0,Checking Account,10,expense,debit
"Purchase of machinery, computers, or office hardware",2997.64,0,Wire Transfer,10,asset,debit
Interest charge on business debt/credit lines,514.1,0,Checking Account,10,expense,debit
Client invoice generated for B2B services rendered,11750.62,0,Checking Account,10,revenue,credit
Restaurant bill / food delivery,84.02,0,Checking Account,10,expense,debit
"Cloud infrastructure, accounting & CRM tools",216.51,0,Digital Wallet,10,expense,debit
Client invoice generated for B2B services rendered,7558.46,0,Checking Account,10,revenue,credit
Direct cash/card sales to customers,3083.64,0,Credit Card,10,revenue,credit
Interest charge on business debt/credit lines,93.6,0,Digital Wallet,10,expense,debit
Pharmacy prescription / Doctor copay,295.43,0,ACH Transfer,10,expense,debit
Capital contributed by business owner/investor,35527.69,0,Credit Card,10,equity,credit
Commercial property rental fee,5517.8,0,ACH Transfer,10,expense,debit
Supermarket purchase (food/supplies),157.98,0,Cash,10,expense,debit
"Cloud infrastructure, accounting & CRM tools",499.57,0,ACH Transfer,10,expense,debit
Pharmacy prescription / Doctor copay,146.38,0,ACH Transfer,10,expense,debit
Pharmacy prescription / Doctor copay,191.96,0,Digital Wallet,10,expense,debit
Capital contributed by business owner/investor,44674.42,0,ACH Transfer,10,equity,credit
Stock dividend or savings interest payout,222.25,0,Digital Wallet,10,revenue,credit
Client invoice generated for B2B services rendered,5722.13,0,ACH Transfer,10,revenue,credit
Capital contributed by business owner/investor,40188.85,0,Cash,10,equity,credit
Monthly residential lease/mortgage payment,1183.15,0,Wire Transfer,10,expense,debit
Capital contributed by business owner/investor,34293.63,0,Digital Wallet,10,equity,credit
Interest charge on business debt/credit lines,209.28,0,Checking Account,10,expense,debit
Client invoice generated for B2B services rendered,8932.41,0,Credit Card,10,revenue,credit
Repayment of principal on commercial loan,891.78,0,ACH Transfer,10,liability,debit
Interest charge on business debt/credit lines,380.87,0,ACH Transfer,10,expense,debit
"Electricity, water, and gas bills",191.63,0,Credit Card,10,expense,debit
Owner cash withdrawal for personal use,6066.41,0,Credit Card,10,equity,debit
"Gasoline, car insurance, or repairs",57.73,0,Credit Card,10,expense,debit
Pharmacy prescription / Doctor copay,216.19,0,Wire Transfer,10,expense,debit
Credit card balance payoff from checking account,294.94,0,ACH Transfer,10,liability,debit
Commercial property rental fee,4229.98,0,Cash,10,expense,debit
"Electricity, water, and gas bills",241.74,0,Cash,10,expense,debit
Interest charge on business debt/credit lines,157.94,0,Digital Wallet,10,expense,debit
Interest charge on business debt/credit lines,711.01,0,Checking Account,10,expense,debit
Direct cash/card sales to customers,3294.54,0,Checking Account,10,revenue,credit
Credit card balance payoff from checking account,658.76,0,Checking Account,10,liability,debit
Capital contributed by business owner/investor,23036.23,0,Wire Transfer,10,equity,credit
Commercial property rental fee,3297.3,0,Credit Card,10,expense,debit
Supermarket purchase (food/supplies),188.69,0,Wire Transfer,10,expense,debit
Monthly residential lease/mortgage payment,2055.01,0,Checking Account,10,expense,debit
Stock dividend or savings interest payout,223.58,0,ACH Transfer,10,revenue,credit
"Employee salaries, benefits, and payroll taxes",5222.71,0,Cash,10,expense,debit
Credit card balance payoff from checking account,1141.6,0,Wire Transfer,10,liability,debit
Monthly salary direct deposit,4438.73,0,Wire Transfer,10,revenue,credit
Credit card balance payoff from checking account,1095.87,0,Digital Wallet,10,liability,debit
"Gasoline, car insurance, or repairs",586.78,0,Wire Transfer,10,expense,debit
Direct cash/card sales to customers,4456.64,0,Cash,10,revenue,credit
Raw materials and inventory purchases,2823.75,0,Wire Transfer,10,expense,debit
Commercial property rental fee,2523.81,0,Checking Account,10,expense,debit
Owner cash withdrawal for personal use,3323.96,0,Checking Account,10,equity,debit
Direct cash/card sales to customers,1613.22,0,Wire Transfer,10,revenue,credit
Restaurant bill / food delivery,38.75,0,Digital Wallet,10,expense,debit
Monthly residential lease/mortgage payment,2243.11,0,Digital Wallet,10,expense,debit
Owner cash withdrawal for personal use,1763.38,0,Wire Transfer,10,equity,debit
"Purchase of machinery, computers, or office hardware",4197.35,0,ACH Transfer,11,asset,debit
Capital contributed by business owner/investor,32750.1,0,ACH Transfer,11,equity,credit
Repayment of principal on commercial loan,2414.54,0,Checking Account,11,liability,debit
Restaurant bill / food delivery,42.08,0,Digital Wallet,11,expense,debit
Client invoice generated for B2B services rendered,11838.04,0,ACH Transfer,11,revenue,credit
Commercial property rental fee,1785.87,0,ACH Transfer,11,expense,debit
Monthly salary direct deposit,4161.07,0,Digital Wallet,11,revenue,credit
Restaurant bill / food delivery,54.56,0,Credit Card,11,expense,debit
Monthly salary direct deposit,3634.55,0,Checking Account,11,revenue,credit
Stock dividend or savings interest payout,402.42,0,Credit Card,11,revenue,credit
Supermarket purchase (food/supplies),124.86,0,Cash,11,expense,debit
"Purchase of machinery, computers, or office hardware",1064.97,0,Checking Account,11,asset,debit
Credit card balance payoff from checking account,379.92,0,Cash,11,liability,debit
"Purchase of machinery, computers, or office hardware",3062.05,0,Wire Transfer,11,asset,debit
Monthly residential lease/mortgage payment,2733.71,0,Digital Wallet,11,expense,debit
Client invoice generated for B2B services rendered,3754.05,0,Checking Account,11,revenue,credit
Supermarket purchase (food/supplies),72.22,0,ACH Transfer,11,expense,debit
Pharmacy prescription / Doctor copay,284.64,0,Credit Card,11,expense,debit
Supermarket purchase (food/supplies),196.49,0,Cash,11,expense,debit
Owner cash withdrawal for personal use,4566.66,0,Digital Wallet,11,equity,debit
Capital contributed by business owner/investor,24891.99,0,Cash,11,equity,credit
Stock dividend or savings interest payout,307.55,0,Digital Wallet,11,revenue,credit
Restaurant bill / food delivery,86.2,0,ACH Transfer,11,expense,debit
Monthly residential lease/mortgage payment,2142.96,0,Wire Transfer,11,expense,debit
Monthly salary direct deposit,5751.8,0,Digital Wallet,11,revenue,credit
Owner cash withdrawal for personal use,2392.38,0,Cash,11,equity,debit
Repayment of principal on commercial loan,2083.31,0,Checking Account,11,liability,debit
"Gasoline, car insurance, or repairs",489.87,0,Cash,11,expense,debit
Interest charge on business debt/credit lines,381.13,0,Credit Card,11,expense,debit
"Gasoline, car insurance, or repairs",308.56,0,Credit Card,11,expense,debit
Stock dividend or savings interest payout,429.51,0,ACH Transfer,11,revenue,credit
"Purchase of machinery, computers, or office hardware",5322.34,0,Wire Transfer,11,asset,debit
Commercial property rental fee,4947.24,0,Checking Account,11,expense,debit
Pharmacy prescription / Doctor copay,34.31,0,Digital Wallet,11,expense,debit
Raw materials and inventory purchases,1260.08,0,Credit Card,11,expense,debit
Client invoice generated for B2B services rendered,3216.11,0,Credit Card,11,revenue,credit
Direct cash/card sales to customers,2717.23,0,Digital Wallet,11,revenue,credit
Supermarket purchase (food/supplies),170.03,0,Credit Card,11,expense,debit
Restaurant bill / food delivery,60.54,0,ACH Transfer,11,expense,debit
"Gasoline, car insurance, or repairs",491.63,0,Wire Transfer,11,expense,debit
"Electricity, water, and gas bills",243.0,0,Credit Card,11,expense,debit
Stock dividend or savings interest payout,288.86,0,ACH Transfer,11,revenue,credit
Commercial property rental fee,4375.46,0,ACH Transfer,11,expense,debit
Owner cash withdrawal for personal use,1824.14,0,Checking Account,11,equity,debit
Credit card balance payoff from checking account,525.81,0,Digital Wallet,11,liability,debit
Client invoice generated for B2B services rendered,5178.79,0,Cash,11,revenue,credit
Interest charge on business debt/credit lines,92.16,0,Digital Wallet,11,expense,debit
Monthly salary direct deposit,3033.34,0,Credit Card,11,revenue,credit
Raw materials and inventory purchases,3830.93,0,Digital Wallet,11,expense,debit
Direct cash/card sales to customers,1205.24,0,Cash,11,revenue,credit
Client invoice generated for B2B services rendered,8619.75,0,Digital Wallet,11,revenue,credit
Client invoice generated for B2B services rendered,4453.07,0,Checking Account,11,revenue,credit
Owner cash withdrawal for personal use,3780.07,0,Checking Account,11,equity,debit
Stock dividend or savings interest payout,342.59,0,Wire Transfer,11,revenue,credit
"Electricity, water, and gas bills",252.46,0,ACH Transfer,11,expense,debit
Credit card balance payoff from checking account,1172.75,0,ACH Transfer,11,liability,debit
Restaurant bill / food delivery,25.2,0,Digital Wallet,11,expense,debit
Pharmacy prescription / Doctor copay,348.05,0,Wire Transfer,11,expense,debit
"Purchase of machinery, computers, or office hardware",3668.72,0,Wire Transfer,11,asset,debit
"Cloud infrastructure, accounting & CRM tools",262.47,0,Cash,11,expense,debit
Capital contributed by business owner/investor,13202.51,0,Credit Card,11,equity,credit
Interest charge on business debt/credit lines,238.1,0,ACH Transfer,11,expense,debit
Monthly salary direct deposit,3456.64,0,ACH Transfer,11,revenue,credit
"Electricity, water, and gas bills",234.86,0,Checking Account,11,expense,debit
Restaurant bill / food delivery,117.04,0,Checking Account,11,expense,debit
Pharmacy prescription / Doctor copay,252.53,0,Digital Wallet,11,expense,debit
Monthly residential lease/mortgage payment,1762.44,0,Cash,11,expense,debit
Client invoice generated for B2B services rendered,1638.15,0,ACH Transfer,11,revenue,credit
Supermarket purchase (food/supplies),121.25,0,Cash,11,expense,debit
Pharmacy prescription / Doctor copay,96.84,0,Checking Account,11,expense,debit
"Purchase of machinery, computers, or office hardware",5267.26,0,Wire Transfer,11,asset,debit
Restaurant bill / food delivery,106.19,0,ACH Transfer,11,expense,debit
Restaurant bill / food delivery,101.1,0,Checking Account,11,expense,debit
Repayment of principal on commercial loan,2854.69,0,Digital Wallet,11,liability,debit
"Employee salaries, benefits, and payroll taxes",8627.36,0,Wire Transfer,11,expense,debit
Owner cash withdrawal for personal use,3193.83,0,ACH Transfer,11,equity,debit
Pharmacy prescription / Doctor copay,206.63,0,ACH Transfer,11,expense,debit
Monthly residential lease/mortgage payment,1965.82,0,Wire Transfer,11,expense,debit
Commercial property rental fee,5822.98,0,Digital Wallet,11,expense,debit
Raw materials and inventory purchases,2645.15,0,Digital Wallet,11,expense,debit
Pharmacy prescription / Doctor copay,222.52,0,Wire Transfer,11,expense,debit
Supermarket purchase (food/supplies),140.92,0,Cash,11,expense,debit
"Purchase of machinery, computers, or office hardware",1398.22,0,ACH Transfer,11,asset,debit
Raw materials and inventory purchases,4112.18,0,Credit Card,11,expense,debit
Pharmacy prescription / Doctor copay,40.86,0,ACH Transfer,11,expense,debit
Stock dividend or savings interest payout,310.21,0,Wire Transfer,11,revenue,credit
Commercial property rental fee,5175.39,0,Checking Account,11,expense,debit
Repayment of principal on commercial loan,2281.32,0,Cash,11,liability,debit
"Purchase of machinery, computers, or office hardware",1899.58,0,Cash,11,asset,debit
Client invoice generated for B2B services rendered,4065.59,0,Checking Account,11,revenue,credit
Direct cash/card sales to customers,1926.09,0,Credit Card,11,revenue,credit
Direct cash/card sales to customers,987.43,0,Wire Transfer,11,revenue,credit
Capital contributed by business owner/investor,13975.52,0,Cash,11,equity,credit
Capital contributed by business owner/investor,5799.61,0,ACH Transfer,12,equity,credit
"Electricity, water, and gas bills",263.95,0,Checking Account,12,expense,debit
"Gasoline, car insurance, or repairs",238.15,0,Credit Card,12,expense,debit
Commercial property rental fee,5707.64,0,ACH Transfer,12,expense,debit
Owner cash withdrawal for personal use,4464.79,0,Digital Wallet,12,equity,debit
"Electricity, water, and gas bills",245.3,0,Cash,12,expense,debit
"Gasoline, car insurance, or repairs",436.77,0,Digital Wallet,12,expense,debit
"Electricity, water, and gas bills",223.2,0,Wire Transfer,12,expense,debit
Monthly residential lease/mortgage payment,1648.78,0,Checking Account,12,expense,debit
Capital contributed by business owner/investor,26953.45,0,Checking Account,12,equity,credit
Monthly salary direct deposit,5565.4,0,Credit Card,12,revenue,credit
Stock dividend or savings interest payout,51.55,0,Wire Transfer,12,revenue,credit
"Cloud infrastructure, accounting & CRM tools",483.36,0,Wire Transfer,12,expense,debit
Direct cash/card sales to customers,2869.15,0,ACH Transfer,12,revenue,credit
Client invoice generated for B2B services rendered,4252.04,0,ACH Transfer,12,revenue,credit
Supermarket purchase (food/supplies),110.72,0,Wire Transfer,12,expense,debit
"Electricity, water, and gas bills",270.62,0,Credit Card,12,expense,debit
"Purchase of machinery, computers, or office hardware",2817.74,0,Wire Transfer,12,asset,debit
Repayment of principal on commercial loan,2655.22,0,Credit Card,12,liability,debit
Interest charge on business debt/credit lines,612.73,0,Credit Card,12,expense,debit
Direct cash/card sales to customers,2679.77,0,ACH Transfer,12,revenue,credit
Direct cash/card sales to customers,600.6,0,Credit Card,12,revenue,credit
Raw materials and inventory purchases,4538.24,0,Credit Card,12,expense,debit
Repayment of principal on commercial loan,2976.81,0,Credit Card,12,liability,debit
Direct cash/card sales to customers,3376.37,0,Digital Wallet,12,revenue,credit
Interest charge on business debt/credit lines,547.09,0,Digital Wallet,12,expense,debit
Supermarket purchase (food/supplies),64.83,0,Cash,12,expense,debit
Capital contributed by business owner/investor,10147.53,0,Credit Card,12,equity,credit
Monthly residential lease/mortgage payment,2147.52,0,Cash,12,expense,debit
Client invoice generated for B2B services rendered,2150.6,0,Credit Card,12,revenue,credit
Restaurant bill / food delivery,88.8,0,Digital Wallet,12,expense,debit
"Cloud infrastructure, accounting & CRM tools",651.13,0,Digital Wallet,12,expense,debit
Commercial property rental fee,3746.86,0,Digital Wallet,12,expense,debit
Raw materials and inventory purchases,3795.26,0,Cash,12,expense,debit
Supermarket purchase (food/supplies),177.23,0,Digital Wallet,12,expense,debit
"Electricity, water, and gas bills",131.44,0,Checking Account,12,expense,debit
Pharmacy prescription / Doctor copay,295.87,0,Wire Transfer,12,expense,debit
Interest charge on business debt/credit lines,555.94,0,Credit Card,12,expense,debit
Direct cash/card sales to customers,2527.7,0,Checking Account,12,revenue,credit
Interest charge on business debt/credit lines,737.93,0,Credit Card,12,expense,debit
Pharmacy prescription / Doctor copay,149.59,0,Credit Card,12,expense,debit
"Electricity, water, and gas bills",256.01,0,Digital Wallet,12,expense,debit
Owner cash withdrawal for personal use,2119.91,0,Checking Account,12,equity,debit
"Cloud infrastructure, accounting & CRM tools",482.8,0,Wire Transfer,12,expense,debit
Monthly salary direct deposit,5022.53,0,Digital Wallet,12,revenue,credit
Stock dividend or savings interest payout,450.8,0,Digital Wallet,12,revenue,credit
"Cloud infrastructure, accounting & CRM tools",741.52,0,Wire Transfer,12,expense,debit
Monthly residential lease/mortgage payment,2741.61,0,Cash,12,expense,debit
Monthly salary direct deposit,2531.14,0,Credit Card,12,revenue,credit
Monthly residential lease/mortgage payment,1783.71,0,Digital Wallet,12,expense,debit
Client invoice generated for B2B services rendered,9384.79,0,Checking Account,12,revenue,credit
"Purchase of machinery, computers, or office hardware",2413.56,0,Wire Transfer,12,asset,debit
Stock dividend or savings interest payout,237.67,0,Digital Wallet,12,revenue,credit
Credit card balance payoff from checking account,751.47,0,Checking Account,12,liability,debit
Direct cash/card sales to customers,620.25,0,Checking Account,12,revenue,credit
Monthly salary direct deposit,5579.83,0,Digital Wallet,12,revenue,credit
Monthly residential lease/mortgage payment,1420.16,0,Cash,12,expense,debit
"Purchase of machinery, computers, or office hardware",3763.97,0,Credit Card,12,asset,debit
Direct cash/card sales to customers,1652.03,0,Digital Wallet,12,revenue,credit
"Gasoline, car insurance, or repairs",86.07,0,Checking Account,12,expense,debit
Restaurant bill / food delivery,91.04,0,Wire Transfer,12,expense,debit
Credit card balance payoff from checking account,1382.23,0,Digital Wallet,12,liability,debit
Commercial property rental fee,2625.44,0,Cash,12,expense,debit
"Cloud infrastructure, accounting & CRM tools",738.14,0,Checking Account,12,expense,debit
Direct cash/card sales to customers,660.76,0,Cash,12,revenue,credit
Supermarket purchase (food/supplies),117.81,0,ACH Transfer,12,expense,debit
Stock dividend or savings interest payout,387.84,0,Credit Card,12,revenue,credit
Direct cash/card sales to customers,3040.55,0,ACH Transfer,12,revenue,credit
"Purchase of machinery, computers, or office hardware",5907.91,0,Cash,12,asset,debit
Pharmacy prescription / Doctor copay,42.37,0,Cash,12,expense,debit
Credit card balance payoff from checking account,1091.46,0,Checking Account,12,liability,debit
Repayment of principal on commercial loan,3257.48,0,Credit Card,12,liability,debit
Stock dividend or savings interest payout,263.8,0,Checking Account,12,revenue,credit
Capital contributed by business owner/investor,42399.97,0,Digital Wallet,12,equity,credit
Interest charge on business debt/credit lines,63.67,0,Wire Transfer,12,expense,debit
Client invoice generated for B2B services rendered,4946.61,0,Wire Transfer,12,revenue,credit
Direct cash/card sales to customers,1900.91,0,Cash,12,revenue,credit
"Cloud infrastructure, accounting & CRM tools",226.56,0,Cash,12,expense,debit
"Employee salaries, benefits, and payroll taxes",21301.8,0,Cash,12,expense,debit
Raw materials and inventory purchases,506.05,0,Checking Account,12,expense,debit
Direct cash/card sales to customers,1434.25,0,Digital Wallet,12,revenue,credit
"Gasoline, car insurance, or repairs",564.21,0,Digital Wallet,12,expense,debit
"Purchase of machinery, computers, or office hardware",2170.24,0,Credit Card,12,asset,debit
Direct cash/card sales to customers,1051.66,0,Digital Wallet,12,revenue,credit
Monthly salary direct deposit,4951.96,0,Wire Transfer,12,revenue,credit
Repayment of principal on commercial loan,1407.55,0,Digital Wallet,12,liability,debit
Direct cash/card sales to customers,3181.42,0,Checking Account,12,revenue,credit
Raw materials and inventory purchases,1155.73,0,Cash,12,expense,debit
Monthly salary direct deposit,3251.79,0,Cash,12,revenue,credit
Owner cash withdrawal for personal use,2913.97,0,ACH Transfer,12,equity,debit
Direct cash/card sales to customers,1379.82,0,ACH Transfer,12,revenue,credit
Supermarket purchase (food/supplies),69.0,0,Credit Card,12,expense,debit
Restaurant bill / food delivery,37.47,0,ACH Transfer,12,expense,debit
Pharmacy prescription / Doctor copay,164.46,0,ACH Transfer,12,expense,debit
Direct cash/card sales to customers,777.93,0,ACH Transfer,12,revenue,credit
Monthly salary direct deposit,4369.47,0,Cash,12,revenue,credit
Raw materials and inventory purchases,511.71,0,Wire Transfer,12,expense,debit
Restaurant bill / food delivery,83.26,0,Credit Card,12,expense,debit
"Gasoline, car insurance, or repairs",585.9,0,Digital Wallet,12,expense,debit
Restaurant bill / food delivery,44.38,0,Checking Account,12,expense,debit
Client invoice generated for B2B services rendered,9105.01,0,Wire Transfer,12,revenue,credit
Repayment of principal on commercial loan,2722.0,0,ACH Transfer,1,liability,debit
Pharmacy prescription / Doctor copay,44.26,0,Cash,1,expense,debit
Credit card balance payoff from checking account,605.23,0,Digital Wallet,1,liability,debit
